:020000040800F2
:1000000028F0002055020008C5460008F528000821
:10001000C146000879080008A17A00080000000025
:10002000000000000000000000000000E14800089F
:10003000690F000800000000D146000809490008C7
:100040006F0200086F0200086F0200086F020008CC
:100050006F0200086F0200086F0200086F020008BC
:100060006F0200086D0F00086F0200086F020008A1
:100070006F0200086F0200086F0200086F0200089C
:100080006F0200086F0200086F0200086F0200088C
:100090006F0200086F0200086F0200086F0200087C
:1000A0006F0200086F0200086F0200086F0200086C
:1000B0006F0200086F020008E94900086F0200089B
:1000C0006F0200086F0200086F0200086F0200084C
:1000D0006F0200086F0200086F0200086F0200083C
:1000E0006F0200086F0200086F0200086F0200082C
:1000F0006F0200086F0200086F0200086F0200081C
:100100006F0200086F020008F54900086F0200083E
:100110006F0200086F0200086F0200086F020008FB
:100120006F0200086F0200086F0200086F020008EB
:100130006F0200086F0200086F0200086F020008DB
:100140006F0200086F0200086F0200086F020008CB
:100150006F0200086F0200086F0200086F020008BB
:100160006F0200086F0200086F0200086F020008AB
:100170006F0200086F0200086F0200080000000014
:100180006F0200086F02000800F002F800F052F859
:1001900014A696E8000CB244B344DA4501D100F04D
:1001A00049F8BAE80F000FA696E83000A5EB040561
:1001B00004EB0607AAEB0704A7F101074FEA1515A0
:1001C0004FEA3414A4F10104AC4201D300F032F838
:1001D00013F0010F18BFFB1A43F0010300F001F800
:1001E000DBE71847D80F0400F80F0400103A24BFCB
:1001F00078C878C1FAD8520724BF30C830C144BF8C
:1002000004680C6070470000704700000023002461
:1002100000250026103A28BF78C1FBD8520728BF16
:1002200030C148BF0B6070471FB53BF02AFF1FBDB0
:1002300010B510BD00F010FA1146FFF7F5FF32F0CF
:10024000FFF800F02EFA03B4FFF7F2FF03BC00F052
:1002500031FA00000948804709480047FEE7FEE7F9
:10026000FEE7FEE7FEE7FEE7FEE7FEE7FEE7FEE766
:1002700004480549054A064B70470000D549000867
:100280008901000828EA002028F0002028EC00203E
:1002900028EC002053EA020C00F069802DE9F04BB5
:1002A0004FF00006002B1FBFB3FA83F503FA05F4E5
:1002B00024FA05F65E4012BF1643B2FA82F502FA3E
:1002C00005F4C5F120051EBF22FA05FC44EA0C0422
:1002D000203556EA044C4FEA144418BF641C4FF012
:1002E00000084FF00009904271EB030C39D300294C
:1002F00019BFB1FA81F701FA07F6B0FA80F700FAF0
:1003000007F6C7F120071EBF20FA07FC46EA0C06D5
:100310002037B6FBF4FCA7EB0507103F07F01F0BD7
:10032000CBF120062CFA06F60CFA0BFB44BFB346C1
:100330000026202FA4BF5E464FF0000B5BEA060CA0
:1003400008BF4FF0010B19EB0B0948EB0608ABFB9C
:10035000027C06FB02CC0BFB03CCC01B71EB0C0137
:10036000C1E70B46024641464846BDE8F08B13B54F
:10037000084318BF4FF0FF300146AFF30080BDE8DF
:100380001C40704740EA0103024630B59B0710D17C
:100390004FF0013400E008C208C91D1B9D4315EA57
:1003A000C41FF8D013F0FF0102F8011B0DD01B0A87
:1003B000F8E711F8013B002B02F8013B05D011F8DA
:1003C000013B002B02F8013BF3D130BD10B5431CBB
:1003D00002E010F8011B71B18107FAD14FF0013230
:1003E00002C88C1A8C4314EAC211F9D0C01A0A064A
:1003F00003D0C01E10BDC01A10BD0A0401D0801E5B
:1004000010BD0902FCD0401E10BD032A40F230800E
:1004100010F0030C00F0158011F8013BBCF1020F45
:10042000624498BF11F801CB00F8013B38BF11F8C6
:10043000013BA2F1040298BF00F801CB38BF00F8DD
:10044000013B11F0030300F02580083AC0F008805A
:1004500051F8043B083A51F804CBA0E80810F5E73E
:10046000121D5CBF51F8043B40F8043BAFF3008021
:10047000D20724BF11F8013B11F801CB48BF11F896
:10048000012B24BF00F8013B00F801CB48BF00F866
:10049000012B704710B5203AC0F00B80B1E818501E
:1004A000A0E81850B1E81850A0E81850203ABFF45E
:1004B000F5AF5FEA027C24BFB1E81850A0E81850FD
:1004C00044BF18C918C0BDE810405FEA827C24BF51
:1004D00051F8043B40F8043B08BF7047D20728BFDF
:1004E00031F8023B48BF11F8012B28BF20F8023B2E
:1004F00048BF00F8012B704702F0FF0343EA0322D4
:1005000042EA024200F00AB802F0FF0343EA032283
:1005100042EA024200F024B84FF000020429C0F081
:10052000128010F0030C00F01B80CCF1040CBCF125
:10053000020F18BF00F8012BA8BF20F8022BA1EB77
:100540000C0100F00DB85FEAC17C24BF00F8012B5C
:1005500000F8012B48BF00F8012B70474FF0000254
:1005600000B5134694469646203922BFA0E80C50A9
:10057000A0E80C50B1F12001BFF4F7AF090728BF84
:10058000A0E80C5048BF0CC05DF804EB890028BF00
:1005900040F8042B08BF704748BF20F8022B11F029
:1005A000804F18BF00F8012B7047000000000000CA
:1005B00030B44FF0013C50F8042B51F8043BCCFA16
:1005C00052F4D51A20D1FCB950F8042B51F8043B51
:1005D000CCFA52F4D51A17D1B4B950F8042B51F80B
:1005E000043BCCFA52F4D51A0ED16CB950F8042B56
:1005F00051F8043BCCFA52F4D51A05D1002CDAD0CC
:1006000030BC4FF00000704729BAB1FA81F111F007
:100610001801D1F120008440F2D1CA40CB4012F041
:10062000FF0213F0FF0330BCD01A704770477047C9
:10063000704710B500F008F8006810BD10B504460A
:1006400000F002F8046010BD00487047F800002078
:1006500000487047F80000207546FFF7F9FFAE46E6
:1006600005006946534620F00700854618B020B5BE
:10067000FFF7FEFDBDE820404FF000064FF00007F9
:100680004FF000084FF0000BAC46ACE8C009ACE8F6
:10069000C009ACE8C009ACE8C00921F007018D46EB
:1006A000704710B50446AFF300802046BDE8104007
:1006B000FFF7C9BD01491820ABBEFEE726000200C6
:1006C00070470000B0B582B002F0C8FA40F2347052
:1006D000C2F2000002F010F940F2D570C0F600003E
:1006E00002F04AFB40F61100C0F6000002F032FBB7
:1006F00040F61500C0F6000002F032FB40F619008B
:10070000C0F6000002F032FB40F2EC70C2F20000D2
:1007100001F008FF0BF0B4FA02F01EFC4FF4784031
:1007200002F030FB40F2B040C2F200001F21018015
:1007300040F28800C2F200000021018024F086F817
:100740002DF01AF92DF03CF916F06CFE16F0BEFEF5
:1007500013F0C6FD0A210A2204462CF00DFD2046A6
:10076000782132222CF07CFD204624F07FFA0921EA
:1007700000220023054627F093FF10A1284625F00C
:10078000A9FC16F04FFE16F0A1FE24F06FFA0DA1A1
:10079000054625F09FFC284609210022002327F06A
:1007A0007FFF6FF0130C204629460B220023CDF863
:1007B00000C027F0A1FF02B0B0BD00BF5465737444
:1007C0000000000048656C6C6F20776F726C6421CC
:1007D0000000000000B1704780B505F0F7F8002870
:1007E000BDE8804008BF70474AF22070C2F20000A6
:1007F000012101707047000040F23474C2F200041D
:10080000204602F07BF90A2032F040F9F8E70000B8
:100810007047000070470000704700004AF22074E3
:10082000C2F20004002504E030F096FF052032F00B
:100830002DF905F0CBF80028F6D020780028F3D069
:1008400025700BF05BFA05F0C7F80BF05FFA16F0B5
:10085000E9FD16F03BFE0028E6D016F0E3FD16F0A9
:1008600035FE2AF025FEDFE780B502F005FA01200B
:10087000BDE8804030F0ECBEFEE700002DE9F04F0F
:1008800087B00022C0F60602106844F63141C4F277
:100890004131884240F0B580136808250093042355
:1008A000C0F60603C0F606051B682D6848F2203125
:1008B000CDE901350C231025C0F60603C0F6060568
:1008C0001B682D6842F2C809CDE9033514231825A9
:1008D000C0F60603C0F606051B682D6841F2640ADF
:1008E00048F6320B4CF21948CEF6B851C3F66E39C1
:1008F000C1F6B75AC0F6DB6BC0F26D78CDE90535AD
:100900004FF0FF366FF0020568464719F8783B79DB
:10091000704081EA5006C2074FEA407497F805E03C
:1009200008BF460881EA56025FEA807C08EAE47460
:1009300058BF7208070748BF84EA0B04C70648BFC0
:1009400084EA0A04800648BF84EA090484EA921013
:1009500044F29014B706C7F2DC6448BF60409206C8
:1009600048BF4840584081EA5002C30708BF4208C8
:10097000870781EA52034FEA407758BF530808EAD5
:10098000E777060748BF87EA0B07C60648BF87EA2E
:100990000A07800648BF87EA090787EA931092068C
:1009A00048BF60409A0648BF484080EA0E0081EA8E
:1009B0005002C30708BF4208870781EA52034FEA83
:1009C000407758BF530808EAE777060748BF87EA29
:1009D0000B07C60648BF87EA0A07800648BF87EAB2
:1009E000090787EA9316900648BF6640980605F106
:1009F000030548BF4E40152D86D106987040013042
:100A000004D0002007B0BDE8F08F00BF0020C0F682
:100A10000600406807B0BDE8F08F00002DE9F04FF8
:100A200088B00024C0F60604216844F63142C4F2BE
:100A30004132914240F0BF80246800900194042428
:100A40000820C0F60604C0F60600246806680C20DC
:100A5000C0F60600CDE9024604681020C0F6060084
:100A600006681420CDE904461826C0F60600C0F634
:100A700006060468366848F2203141F2640B48F6F5
:100A8000320C4CF2194ECEF6B851C1F6B75BC0F637
:100A9000DB6CC0F26D7ECDE906464FF0FF386FF09B
:100AA000020600BF01A8841994F803A094F80490EA
:100AB00088EA0A0781EA5702F807647908BF7A08CA
:100AC000BB074FEA477381EA52000EEAE37358BF4F
:100AD00050083D0748BF83EA0C03FD0648BF83EA80
:100AE0000B0342F2C808BD06C3F66E3848BF83EA5E
:100AF000080383EA9013920644F2901AC7F2DC6A64
:100B000048BF83EA0A03800648BF4B4083EA0900D6
:100B100081EA5002C30708BF4208850781EA5203F1
:100B20004FEA407558BF53080EEAE575070748BFFE
:100B300085EA0C05C70648BF85EA0B05800648BF55
:100B400085EA080585EA9310920648BF80EA0A0004
:100B50009A0648BF4840604081EA5002C30708BF78
:100B60004208840781EA52034FEA407458BF530891
:100B70000EEAE474050748BF84EA0C04C50648BFC2
:100B800084EA0B04800648BF84EA080484EA9318C8
:100B9000900648BF88EA0A08980606F1030648BF8F
:100BA00088EA0108152E7FF47DAF0798009F80EA40
:100BB0000800013004D0002008B0BDE8F08F00BF6D
:100BC0000820C0F6060000680C2110221423C0F68D
:100BD0000601C0F60602C0F60603096812681B6823
:100BE0000FC7012008B0BDE8F08F00002DE9F04FDD
:100BF0008FB00021C0F6060144F631470A6848F27A
:100C0000203BC4F2413748F632084CF21949CEF67F
:100C1000B85BC0F6DB68BA42C0F26D7940F0B880CC
:100C20000A68082302920422C0F60602C0F60603F0
:100C300012681B6842F2C80CCDE903230C22102372
:100C4000C0F60602C0F6060312681B6844F2901153
:100C5000CDE9052314221823C0F60602C0F60603C8
:100C600012681B686FF00205CDE907234FF0FF33D0
:100C7000C3F66E3CC7F2DC61019000BF02A84219C6
:100C8000D478167963408BEA5304DF074FEA437048
:100C900092F805A008BF5C088BEA54075FEA837EE0
:100CA00009EAE07041F2640E58BF67081A0748BFAE
:100CB00080EA0800C1F6B75EDA0648BF80EA0E0097
:100CC0009A0648BF80EA0C0080EA9710A20648BF47
:100CD0004840BA0648BF80EA0B0070408BEA5002D9
:100CE000C30708BF420887078BEA52034FEA4077E1
:100CF00058BF530809EAE777060748BF87EA08079D
:100D0000C60648BF87EA0E07800648BF87EA0C0779
:100D100087EA9310920648BF48409A0648BF80EA87
:100D20000B0080EA0A008BEA5002C30708BF4208A2
:100D300083074FEA40738BEA520709EAE37358BF0F
:100D40005708060748BF83EA0803C60648BF83EA78
:100D50000E03800648BF83EA0C0383EA97139006CC
:100D600048BF4B40B80605F1030548BF83EA0B03B3
:100D7000152D83D1089844F6314758400130019829
:100D800040F20002C4F24137C0F6060200F0E680ED
:100D9000CE46C14601230022CDE901370393D0E9B5
:100DA00002370892D0E9006242F2C80C41F26408AE
:100DB000CDE906374FF0FF336FF00200C3F66E3C0B
:100DC000C1F6B758CDE9046202A90A18D778167996
:100DD0007B408BEA5307DC07527908BF5F089D0709
:100DE0008BEA57044FEA437558BF7C080EEAE57555
:100DF0005FEA037A48BF85EA0905D90648BF85EA54
:100E00000805990648BF85EA0C0585EA9411BB06DA
:100E100044F29017C7F2DC6748BF7940A30648BF89
:100E200081EA0B0171408BEA5103CC0708BF4B08E4
:100E30008D078BEA53044FEA417558BF5C080EEAF0
:100E4000E5750E0748BF85EA0905CE0648BF85EA65
:100E50000805890648BF85EA0C0585EA94119B06BA
:100E600048BF7940A30648BF81EA0B0151408BEA95
:100E70005102CB0708BF4A088B074FEA41738BEA40
:100E800052040EEAE37358BF54080D0748BF83EAC3
:100E90000903CD0648BF83EA0803890648BF83EAF1
:100EA0000C0383EA9413910648BF7B40A10600F12E
:100EB000030048BF83EA0B03152885D10024DE43D5
:100EC0000B94099400F0F8FC07200C9001200D9081
:100ED00002200E900AA809A90A9400F0AFFB00F0C6
:100EE00073FC00F0E9FC002444F63142C0F606042D
:100EF000C4F2413202202146002300F06FFC019A27
:100F0000211D0220002300F069FC049A04F108016D
:100F10000220002300F062FC059A04F10C0102207B
:100F2000002300F05BFC069A04F11001022000236C
:100F300000F054FC079A04F114010220002300F091
:100F40004DFC04F1180102203246002300F046FC5B
:100F500000F03AFC01200FB0BDE8F08F5268CE4699
:100F6000C146531C17E7000070470000082000F03E
:100F7000BDBC000072B600BFFEE70000F0B581B056
:100F800040F2C807044643F60C46C2F200070020B0
:100F9000C4F20206F86100F091FD3168C9031BD468
:100FA0003068C0071CBF01203060306810F0F20FBD
:100FB00030D03068C00631D43068800637D430680D
:100FC00040063DD43068000643D43068800749D4D9
:100FD000012001B0F0BD00BFC4B10546601C10D1B6
:100FE0003068C003DCD53068C00344BF30685FEAB6
:100FF000C030D5D53068C003F2D4D1E73068C00323
:10100000CED500F05BFD401BA042F7D9032001B014
:10101000F0BD00BF002001B0F0BD00BFF86940F096
:101020001000F8611020306030688006C7D5F8697C
:1010300040F00800F8612020306030684006C1D5DB
:10104000F86940F00400F861402030603068000624
:10105000BBD5F86940F00200F8618020306030684C
:101060008007B5D5F86940F02000F86102203060B3
:10107000012001B0F0BD000070B581B000220092E7
:1010800090F83C20012A03D1022001B070BD00BFBE
:10109000D1F800E001221FFA8EFC4FEA4C0380F8E1
:1010A0003C200EEB4E0213FA8EF31024BEF1090F12
:1010B00088BFA3F11E0288BF0C24036807251E59B0
:1010C000954026EA05051D518D681E5905FA02F264
:1010D00032431A514968062906D801EB81014A1F9B
:1010E000194651F8345F0EE00C2901EB810105D857
:1010F000A1F12302194651F8305F04E0A1F1410249
:10110000194651F82C5F1F24944025EA04040C6012
:101110000CFA02F20C6842F2043CC4F2010C2243C5
:10112000ACF54174A3420A603ED1BEF1120F07D163
:10113000DCF8001041F48001CCF8001034E000BF6E
:101140002EF0010110292FD1DCF80010BEF1100F94
:1011500041F40001CCF8001026D140F28C01C2F21B
:10116000000109684DF68362C4F21B32A1FB021232
:10117000910C01EB8101490000910099A1B1009906
:1011800001390091009979B10099013900910099D4
:1011900051B1009901390091009929B100990139A3
:1011A000009100990029EAD1002180F83C1000202C
:1011B00001B070BD0068C06C70470000002804BF1B
:1011C0000120704710B5016C00293DD0016CC906A3
:1011D00045D4016C41F202129143023142F20432D1
:1011E0000164C4F20102116821F4403111601368F6
:1011F00090E812102343D0F810E013604A680124ED
:1012000022F480724A604A68C0F6007442EA0E22F4
:101210004A604A6822F040724A604A6842EA0C0218
:101220004A608A6822F400628A60C2688B681A4346
:101230008A60826A8B68A24223F070638B608B683D
:1012400010D123F0405216E0044600F065F8204625
:101250000021616484F83C10016CC906B9D50121F4
:1012600053E000BF1A438A608A6822F040528A60C5
:10127000C26A8B681A438A608A6822F002028A6016
:101280008A68037E90F8204042EA43028A604A68F6
:1012900084B142F400624A604A684EF2000322F4CC
:1012A00060424A60426ACFF6FF734C6803EB4232F9
:1012B000224301E022F400624A60CA6A40F2000C54
:1012C00022F47002CA62C3694269CFF6F07CCC6A2C
:1012D0000CEB03532343CB628B6823F400738B60C6
:1012E00090F830308C6844EA43238B608B6823F499
:1012F00080638B608B6843EA82228A6000214164AC
:10130000026C012363F301020264002280F83C2096
:10131000BDE810400846704780B586B042F2000133
:101320000068C4F20101002288420592CDE903223F
:101330000292019202D006B080BD00BF43F6300099
:101340000092C4F20200436943F48073436143692D
:1013500003F480730093009B0092036843F0010341
:101360000360006800F00100009000980320CDE9C0
:10137000010001F5604001A9039200F0C3FA06B034
:1013800080BD000070B5044600680D4682685205B5
:1013900044BF80685FEAC05038D400F08FFB2168FA
:1013A0000A68920749D40646681C3CD0DDB9086833
:1013B000800721D5086880073FD4086880071BD5BF
:1013C0000868800739D40868800715D50868800741
:1013D00033D4086880070FD508688007E7D52CE06C
:1013E0000868800729D400F069FB801B2168A842A7
:1013F000F6D908688007F3D4206C40F0040020641C
:10140000002084F83C00032070BD00BF206C40F039
:1014100020002064002084F83C00012070BD00BF43
:101420000868800709D40868800706D40868800720
:101430005CBF08685FEA8070F2D56FF01200086048
:10144000206C40F400702064886810F0405F01D088
:10145000002070BD207E0028FAD1C86A10F4700FF9
:1014600002D088684005F3D4206C20F4807020649A
:10147000206CC004ECD4206C40F0010020640020FB
:1014800070BD000010B581B00021009190F83C10B3
:10149000012903D1022001B010BD00BF0468012161
:1014A00080F83C10214651F8083FDB0729D10B6832
:1014B0004DF6836243F001030B6040F28C03C2F2ED
:1014C00000031B68C4F21B32A3FB02239A0C02EB3D
:1014D00042020092009AA2B1009A013A0092009A48
:1014E0007AB1009A013A0092009A52B1009A013AF8
:1014F0000092009A2AB1009A013A0092009A002ABA
:10150000EAD10A68036CD2070CD143F010010164E0
:1015100000F1440101200A6810430860002001B076
:1015200010BD00BF40F2017223EA020202F5807290
:1015300002646268520504D5026C012363F30D3224
:101540000264026C4FF0000E0023D20444BF426CD0
:1015500022F0060342F2043C436480F83CE06FF062
:101560002200C4F2010C2060DCF80000C0060DD09F
:10157000ACF5417084422BD14FF60450CFF6FF708A
:101580005CF8000010F0405F22D125E042F200003C
:10159000C4F20100844217D042F20020C4F20100DC
:1015A00084420DD042F20010C4F2010084420FD1F7
:1015B000DCF80000C00607D0ACF58270844207D189
:1015C000DCF80000C00603D4086810F0405F03D0C8
:1015D000002001B010BD00BF4FF080409BE700002D
:1015E00090F83C10012904BF0220704701688A6806
:1015F00022F001028A608968C90705D1016C41F2B5
:101600000112914301310164002180F83C10002057
:1016100070470000B0B5044600F050FA054640F2AD
:101620000000C2F200000078611C18BF044400BF33
:1016300000F044FA401BA042FAD3B0BD2DE9F043BC
:1016400081B040F2C808C2F2000898F81820012AB8
:1016500004D1022001B0BDE8F08300BF054601209F
:1016600088F818004CF250308946FFF787FC28B103
:10167000002188F8181001B0BDE8F0834FF0FF306A
:10168000C9F80000286843F610470128C4F2020791
:101690001CD128693968000221F440713960396829
:1016A00080B241F0040139603968084340F4803069
:1016B00038604CF25030FFF761FC396821F00401CA
:1016C000396057F8101C89053BD452E0D5E9026017
:1016D0003044864230D2F000841C00BF28694FF4A9
:1016E0004072C1B2032939684FEA002021F44071E9
:1016F0003960396838BF82B241EA02003860386820
:1017000020F078003860386820433860386840F44A
:10171000803038604CF25030FFF730FC39680028D8
:1017200021F07A01396047D1D5E902010136084438
:10173000864204F10804D1D3002057F8101C890513
:1017400017D557F8101C21F4007147F8101C57F8F2
:10175000101C41F4006147F8101C57F8101C21F4CC
:10176000006147F8101C57F8101C41F4007147F84D
:10177000101C57F8101C49057FF57AAF57F8101C5C
:1017800021F4806147F8101C57F8101C41F4805177
:1017900047F8101C57F8101C21F4805147F8101C12
:1017A00057F8101C41F4806147F8101C002188F89C
:1017B000181001B0BDE8F083C9F8006057F8101C9C
:1017C0008905BED4D5E7000043F61041C4F20201FA
:1017D000086840F0004200200A6070472DE9F0419F
:1017E00040F2C804C2F20004277E012F04BF022089
:1017F000BDE8F0810546012020764CF25030984635
:101800000F461646FFF7BAFB20B100212176BDE84E
:10181000F08100BF2A46022D43F61045C4F20205AE
:101820001ED0012A314638460CD03ABB2A6822F431
:1018300040722A602A682A602A6842F001022A60FF
:1018400001702CE02A6822F440722A602A6842F46F
:1018500080722A602A6842F001022A6001801EE03C
:10186000286820F440702860286840F400702860E0
:10187000286840F0010028603E6010E02A6822F4E9
:1018800040722A602A6842F440722A602A6842F054
:1018900001022A600160BFF36F8FC0F804804CF230
:1018A0005030FFF76BFB296821F00101296000210E
:1018B0002176BDE8F081000043F60440C4F2020046
:1018C000C168B1F1FF3FC4BF0020704740F223114F
:1018D000C4F26751016048F6AB11CCF6EF510160DC
:1018E000C068C00F704700007047000043F6144105
:1018F000C4F201010A68024214BF08607047FFF792
:10190000F3BF00002DE9F04F83B000F1200200F199
:101910003E4741F60045009207F1FF77C4F2020509
:1019200008224FEAB726A84208BF072200254FF039
:1019300000084FF00009072E38BF4FEAB722019286
:101940000AE000BF09F1010908F10208B9F1100F1E
:1019500005F1040500F0A2800F68012202FA09FED9
:1019600017EA0E0AEED0D1F804C003220CF00307E8
:101970007E1E02FA08F4012E6FEA040B12D8846866
:10198000CE6804EA0B0406FA08F63443846044681F
:1019900024EA0E06CCF3001404FA09F42643466048
:1019A00004E000BF032F01D103271EE0C6688C6846
:1019B00006EA0B0604FA08F42643022FC66014D187
:1019C0006FF00302009E02EA590756F807C005F0BF
:1019D0001C040F220B69A2402CEA0202A3401A4306
:1019E000F251D1F804C00CF00307026807FA08F3BB
:1019F00002EA0B021A431CF4403F0260A2D000220C
:101A000043F644030292C4F202031A6843F6004408
:101A100042F480421A601A68C4F2010402F480425F
:101A20000292029A29F003024FF6084C2244CFF6A4
:101A3000FF7C52F80C3005F00C070F26BE40B34374
:101A4000019E06FA07F73B4342F80C30A2684B6848
:101A500042EA0A0743F60C4CDE0258BF22EA0A07A4
:101A6000A760C4F2010CDCF800209E0242EA0A07DB
:101A700058BF22EA0A07CCF8007062689E0342EA67
:101A80000A0758BF22EA0A0767602268DB0342EAB6
:101A90000A0758BF22EA0A07276053E703B0BDE8E8
:101AA000F08F00000069084018BF01207047000057
:101AB000002A08BF09048161704700004EF22830F7
:101AC000C2F200000068704740F200004EF2283178
:101AD000C2F20000C2F2000100780A6810440860F7
:101AE0007047000080B543F60040C4F20200016870
:101AF00041F400710160016841F480610160016896
:101B000041F480710160032000F0C2F80F2000F062
:101B100005F800F05DF8002080BD000070B586B0CB
:101B2000002543F640010195C4F202010A6804460B
:101B300042F004020A60096801A801F00401019161
:101B40000199694600F066F9049E002E18BF01262F
:101B500000F080F94DF68361B040C4F21B31A0FB68
:101B600001014FF0FF3000EB914140F2A47040F6CC
:101B70000002C2F20000C4F2000240F2E733C0E902
:101B80000021C0E902530561856100F079FC08B1CC
:101B900006B070BD40F2A470C2F2000000F0C2FCBA
:101BA0000028F5D11E2000F035F80F2C0CD81E208F
:101BB0002146002200F040F840F204010020C2F269
:101BC00000010C6006B070BD012006B070BD0000C1
:101BD00082B0002043F640010190C4F202014A683D
:101BE00042F480424A604A6802F480420192019ABB
:101BF00000900868002240F08050086008680F21BB
:101C000000F08050009000986FF0010002B000F0EA
:101C100013B80000002848BF704700F01F010122E0
:101C200002FA01F11C2202EAD0004EF20012CEF2BA
:101C3000000281507047000010B54EF60C5CCEF2E9
:101C4000000CDCF80030C3F3022E8EF00704042CE5
:101C500028BF0424BEF103034FF0FF3E0EFA04F444
:101C600038BF0023A14399400EFA03F39A4311436E
:101C700000F00F0200F160430901043A03F56443E8
:101C80006244002848BF02F10C03197010BD000027
:101C90004EF60C51CEF200010A684FF6FF031A40CF
:101CA00060F30A2242F0806040F0FD7008607047E7
:101CB000002804BF012070472DE9F04143F60808D1
:101CC000C4F202080446D8F8F8030D4600F00700F5
:101CD000814207D988F8F853D8F8F80300F00700D4
:101CE000A84277D12068810717D5410705D5D8F8D4
:101CF000001041F4E051C8F80010010705D5D8F8EC
:101D0000001041F46041C8F80010D8F80010A26833
:101D100021F0F0011143C8F80010C00740D1D8F8F5
:101D2000F80300F00700854207D288F8F853D8F886
:101D3000F80300F00700A8424CD12068410707D5FE
:101D4000D8F80010E26821F4E0511143C8F80010FF
:101D5000000708D5D8F80000216920F4604040EA67
:101D6000C100C8F8000000F089F8D8F800104CF263
:101D7000A802C1F30311C0F60302515C40F28C02C9
:101D800020FA01F140F20400C2F200000068C2F241
:101D900000021160FFF7C2FE0020BDE8F08100BF25
:101DA0006068811E022907D258F8081C89015CBFAF
:101DB0000120BDE8F08111E0012807D158F8081C86
:101DC00089035CBF0120BDE8F08107E058F8081CDA
:101DD000890703D40120BDE8F08100BFD8F80010C6
:101DE00021F003010843C8F80000FFF767FE06462C
:101DF00041F28837D8F80000616800F00C00B0EBC1
:101E0000810F8CD0FFF75AFE801BB842F2D9032015
:101E1000BDE8F0810F22026043F60802C4F202021C
:101E2000136803F003034360136803F0F003836057
:101E3000136803F4E053C360D2F800C04FF4E053DA
:101E400003EADC030361D2F8F80300F0070008603E
:101E50007047000040F28C0043F60801C2F2000017
:101E6000C4F20201006809684CF2B802C1F3822191
:101E7000C0F60302515CC8407047000010B543F63D
:101E80000404C4F202046168C1F3810142F200401B
:101E9000C0F2F400DFE801F002040A0210BD00BF46
:101EA00041F20020C0F27A0010BD00BF216801F0AD
:101EB0003F02216823684902C3F3881106D4A1FBBD
:101EC00000010023FEF7E6F907E000BF41F2002021
:101ED000C0F27A004843B0FBF2F021680222C1F35D
:101EE000014102EB4101B0FBF1F010BD002804BF3D
:101EF000012070472DE9F04182B00446007843F696
:101F00000006C007C4F202060CD0B06800F00C0056
:101F1000042840F081803068800303D56068002881
:101F200000F06881207880071BD5B06810F00C0F96
:101F300009D0B06800F00C00082840F08780706875
:101F4000400200F183803068800703D5E0680128F3
:101F500040F050813068216920F0F80040EAC1006B
:101F600030602078000713D4207840072AD4A56970
:101F7000002D00F03A81B06800F00C00082840F015
:101F8000A580012D40F00E81012002B0BDE8F08156
:101F90006069002800F082800020C4F247200121FF
:101FA000C0F8801EFFF78AFD054600BF706F8007EE
:101FB000DAD4FFF783FD401B0228F7D9032002B0D3
:101FC000BDE8F081306C5FEAC0080AD400200190BF
:101FD000306C40F080503064306C00F080500190E4
:101FE000019847F20007C4F200073868C00547D4DB
:101FF000386840F480703860FFF760FD054600BF28
:102000003868C0053CD4FFF759FD401B0228F7D9BA
:10201000032002B0BDE8F081B06800F00C00082891
:1020200003D1706840023FF576AF61683068B1F562
:10203000803F07D0B1F5A02F40F09A8040F4802077
:102040003060306840F4803030609AE0E06800280A
:1020500040F20000C4F247205CD001210160FFF78C
:102060002DFD0546306880073FF574AFFFF726FD6C
:10207000401B0228F6D9032002B0BDE8F08100BF62
:10208000A168306F012905D0052955D140F0040021
:102090003067306F40F00100306756E00020C4F236
:1020A00047200021C0F8801EFFF708FD054600BF4D
:1020B000706F80077FF558AFFFF700FD401B0228C7
:1020C000F6D9032002B0BDE8F08100BF0027C4F2BA
:1020D000472700203866FFF7F1FC022D05460DD199
:1020E0003068800140F18A80FFF7E8FC401B02283D
:1020F0004FF00300F4D902B0BDE8F08130688001F0
:1021000073D5FFF7DBFC401B02284FF00300F5D925
:10211000F1E700BF00210160FFF7D0FC054600BFDA
:10212000306880077FF51DAFFFF7C8FC401B022811
:102130004FF00300F4D9DEE720F001003067306F84
:10214000002920F0040030677AD0FFF7B7FC05467D
:1021500041F28837306F800700F18480FFF7AEFCD2
:10216000401BB842F6D9032002B0BDE8F08100BFA1
:1021700020F4803030603068002920F48020306006
:102180007AD0FFF79BFC0546306880033FF5CAAE66
:10219000FFF794FC401B6428F6D9032002B0BDE889
:1021A000F08100BF7068E16900F480028A4221D1A9
:1021B000216A00F03F028A421CD147F6C071626A70
:1021C0000140B1EB821F15D1A16A4FF6FF73C9031D
:1021D000994300F44032A1F580318A420AD1E16A84
:1021E00000F07060B0EB016F04D1002002B0BDE8D8
:1021F000F08100BF012002B0BDE8F08104F11C05B0
:102200002FCD084340EA8210D9034FF6FF72914365
:10221000A1F5803140EA056008437060012038660E
:10222000FFF74CFC044600BF30688001DDD4FFF7A7
:1022300045FC001B02284FF00300F5D95BE700BF07
:10224000FFF73CFC054641F2883700BF306F80073E
:1022500008D5FFF733FC401BB8424FF00300F5D917
:1022600049E700BFB8F1000F3FF581AE306C20F0B8
:10227000805030647BE600BFFFF720FC054600BFBE
:10228000306880037FF54EAEFFF718FC401B6428D2
:102290004FF00300F4D92EE770B528B1416A29B197
:1022A00000210161142106E0012070BD4168B1F5F3
:1022B000827F02D01C21002242500026866290F8C4
:1022C000511029B980F85060054600F03DF82846C5
:1022D000022180F8511090E82E0002F482720C68FE
:1022E00003F4044324F040040C601A4405F4006332
:1022F00005691A4405F0020345691A4405F0010313
:102300008569C4691A4405F400731A4404F038035B
:10231000046A1A4404F08003846A1A4304F40053E4
:102320001A430A60436A042202EA154203F01003CA
:102330001A444A60CA6922F40062CA6101214665F2
:1023400080F85110304670BD80B586B043F2000170
:102350000068C4F20101002288420592CDE90322FF
:102360000292019202D006B080BD00BF43F6300059
:102370000092C4F20200436943F48053436143690D
:1023800003F480530093009B0092036843F0010321
:102390000360006800F0010000900098A020019008
:1023A0000220CDE90202032004900520059001F5EA
:1023B000504001A9FFF7A6FA06B080BD70470000A3
:1023C0007047000090F83C20012A4FF0020254D0E0
:1023D00010B580F83D200268D2F804E0D2F808C0B9
:1023E0000C682EF07003234341F2FF74C4F2000422
:1023F000A24253600EDC40F2FF73C4F200039A4223
:1024000016DCB2F1804F2BD040F20043C4F200033F
:1024100024E000BF40F2FF33C4F201039A4213DC10
:1024200041F60003C4F200039A4219D0002313E0DE
:1024300040F60003C4F200039A4211D040F6004374
:10244000C4F200030AE000BF44F20003C4F2010337
:102450009A4205D040F20043C4F201039A4204D1EB
:1024600049682CF08003194391600121002280F813
:102470003D1080F83C20BDE8104010467047000039
:10248000002804BF0120704710B5044690F83D00B5
:1024900028B9002084F83C00204600F01FF80220F4
:1024A00084F83D002068211D02F0AAFA012084F87A
:1024B000460084F83E0084F83F0084F8400084F829
:1024C000410084F8420084F8430084F8440084F812
:1024D000450084F83D00002010BD0000006840F673
:1024E0000041C4F20001884218BF704780B582B035
:1024F0000020019043F64000C4F20200016800226F
:1025000041F0080101600068052100F00800019019
:1025100001983220FFF790FB322002B0BDE88040E6
:10252000FFF778BB90F83D1001291CBF01207047D0
:10253000022180F83D10006841F2FF72C168C4F2C8
:102540000002904241F00101C1600DDC40F2FF71D8
:10255000C4F20001884215DCB0F1804F2AD040F26D
:102560000041C4F2000123E040F2FF31C4F2010156
:10257000884213DC41F60001C4F20001884219D000
:10258000002113E040F60001C4F20001884211D09E
:1025900040F60041C4F200010AE000BF44F200012D
:1025A000C4F20101884205D040F20041C4F20101A9
:1025B000884206D1816801F00701062904BF002086
:1025C0007047016841F00101016000207047000080
:1025D00090F83C20012A4FF002026CD080B580F8C0
:1025E0003D20D0F800C04FF67772DCF8083023EABF
:1025F0000202CCF808200B684F2B29DC1F2B45DD8D
:10260000202B46D0302B44D0402B40F0AF80D1F867
:1026100004E0C968DCF82030DCF8202022F0010258
:10262000CCF82020DCF8182022F0F00242EA011158
:1026300023F00A0242EA0E02CCF81810CCF820204F
:10264000DCF8081041F0470121F0300128E000BF1C
:102650006F2B33DDB3F5005F74D0B3F5805F21D00D
:10266000702B40F08380D1E901E3C968DCF80820D1
:1026700043EA0E0322F47F4243EA01211143CCF8DE
:102680000810DCF8081041F0770109E00BB1102BBD
:102690006CD1DCF8081021F07001194341F00701FA
:1026A000CCF808100022012180F83D10002180F8AC
:1026B0003C10BDE880401046704700BF502B21D031
:1026C000602B53D1D1F804E0C968DCF82030DCF885
:1026D000202022F01002CCF82020DCF8182022F470
:1026E000704242EA013123F0A00242EA0E12CCF815
:1026F0001810CCF82020DCF8081041F0670121F018
:102700001001CDE7D1F804E0C968DCF82030DCF82E
:10271000202022F00102CCF82020DCF8182022F042
:10272000F00242EA011123F00A0242EA0E02CCF85A
:102730001810CCF82020DCF8081041F0570121F0E7
:102740002001ADE7D1E901E3C968DCF8082043EADC
:102750000E0322F47F4243EA01211143CCF8081012
:10276000DCF8081041F480419AE700BF01229AE7A3
:102770007047000070B504460068C5680669B10777
:1027800016D515F0020113D06FF00201016101218D
:1027900021778069800703D02046FFF7E9FF05E035
:1027A000204600F08FF8204600F08EF800202077B9
:1027B000700719D515F0040016D020686FF00401D9
:1027C000016102212177806910F4407F04D0204606
:1027D000FFF7CEFF06E000BF204600F073F820466A
:1027E00000F072F800202077300717D515F00800A8
:1027F00014D020686FF00801016104212177C069BD
:10280000800703D02046FFF7B3FF05E0204600F025
:1028100059F8204600F058F800202077F00619D526
:1028200015F0100016D020686FF01001016108212A
:102830002177C06910F4407F04D02046FFF798FF4D
:1028400006E000BF204600F03DF8204600F03CF8CE
:1028500000202077F00718BF15F0010002D13006E4
:1028600009D412E020686FF001010161204600F0F8
:102870002DF8300609D515F0800006D020686FF0DD
:10288000800101612046FFF799FD700609D515F01A
:10289000400006D020686FF040010161204600F042
:1028A00027F8B00658BF70BD15F0200008D0216889
:1028B0006FF0200220460A61BDE87040FFF780BD3E
:1028C00070BD00007047000070470000006840F6CF
:1028D0000041C4F20001884208D040F60001C4F271
:1028E0000001884218BF7047FFF7EEB8FDF7BCBF84
:1028F00070470000FEE70000002808BF704770B571
:102900003221018249F69A11C3F699714161002181
:10291000C0E9001181600546002000F0ADF80446D2
:10292000002000F0A9F80444002000F0A5F80444B9
:10293000002000F0A1F80444002000F09DF80444B9
:10294000002000F099F80444002000F095F80444B9
:10295000002000F091F80444002000F08DF80444B9
:10296000002000F089F80444002000F085F80444B9
:10297000002000F081F80444002000F07DF80444B9
:10298000002000F079F80444002000F075F80444B9
:10299000002000F071F80444002000F06DF80444B9
:1029A000002000F069F80444002000F065F80444B9
:1029B000002000F061F84CF6CD462044CCF6CC4621
:1029C000A0FB06010809A881012000F055F8044683
:1029D000012000F051F80444012000F04DF80444B7
:1029E000012000F049F80444012000F045F80444B7
:1029F000012000F041F80444012000F03DF80444B7
:102A0000012000F039F80444012000F035F80444B6
:102A1000012000F031F80444012000F02DF80444B6
:102A2000012000F029F80444012000F025F80444B6
:102A3000012000F021F80444012000F01DF80444B6
:102A4000012000F019F80444012000F015F80444B6
:102A5000012000F011F80444012000F00DF80444B6
:102A6000012000F009F82044A0FB06010809E881D4
:102A7000BDE8704070470000F0B585B040F2EC64EE
:102A8000C2F200040646002520460495FEF7A8FD84
:102A90002068C76AC16A21F47001C16201200290F6
:102AA0000720039001A920460196FEF7E5FA00BB36
:102AB00040F2EC60C2F20000FEF7E4FC10B1002529
:102AC00017E000BF40F2EC60C2F200000A21FEF7FE
:102AD00059FC08B1002506E040F2EC60C2F20000AB
:102AE000FEF768FB054640F2EC60C2F20000FEF71C
:102AF00077FD2168A8B2CF6205B0F0BD002808BFFD
:102B00007047B0B504460020FFF7B6FF20800120D3
:102B10000125FFF7B1FFA2896080002A04BFA581CB
:102B20000122E18901EE102A002904BF0121E1817F
:102B30002388228A00EE103AB8EE400AB8EE411A15
:102B400002EE102AB8EE422A30EE410A82EE013A35
:102B500080EE011A00EE100A04EE101AB8EE400AD8
:102B6000B8EE444A30EE440A80EE040A82EE042AAB
:102B700000210020B1EE434AB4EE431AF1EE10FA00
:102B8000B8BF0121C907B0EE415AB4EE441A9FED17
:102B9000323A18BFB0EE435AF1EE10FAB4EE420AE0
:102BA000C8BFB0EE451AB1EE424AF1EE10FAB8BF16
:102BB0000120B0EE402AC00718BFB0EE432AB4EEA1
:102BC000440AF1EE10FAC8BFB0EE420AB7EE002A8E
:102BD000B4EE421AF1EE10FAB0EE423A0ADCBFEE61
:102BE000004AB4EE441AB0EE413AF1EE10FAB8BF22
:102BF000B0EE443AB4EE420AF1EE10FA0ADCBFEE4F
:102C0000001AB4EE410AB0EE402AF1EE10FAB8BF55
:102C1000B0EE412AB5EE403AB0EE431AB1EE430AA7
:102C2000F1EE10FAB8BFB0EE401A23EE010AB1EE91
:102C3000421AB5EE402AB0EE423AF1EE10FAB8BFB1
:102C4000B0EE413A22EE031A84ED010A84ED021A35
:102C5000BDE8B040704700BF0000000040F25040A7
:102C6000C2F20000002101700171C0E90211C0E947
:102C700004118161C161704710B540F25044C2F245
:102C80000004E06904210130E0610020C4F2020088
:102C9000FEF708FF2178032906D8DFE801F0031BBF
:102CA000071100BF002845D010BD00BFB0B1E168DA
:102CB00000200029207018BF8847A169B1BBF3E745
:102CC000F0B1A1690020002920702071ECD0BDE88E
:102CD00010400847A0B30020207010BDA068E16933
:102CE000081AB0F57A7FDFD32079032100282170FC
:102CF000DAD1216909B1002088470120207110BD77
:102D0000A068E169081AB0F57A7FCDD948F21F5161
:102D1000C5F2EB11A0FB01125109642201FB120064
:102D2000002818BF10BD61690029BDD00020BDE892
:102D30001040084701202070E069A06010BD00BF6E
:102D4000A068E169081A1428AED302202070002080
:102D5000207110BD40F25041C2F20001086170477D
:102D600040F25041C2F200014861704740F25041C8
:102D7000C2F200018861704740F25041C2F2000186
:102D8000C86070472DE9F04740F63808C2F20008E5
:102D90000746B8F80000B8F802100138013940F2CF
:102DA000004482B28BB200200021C4F2020400F081
:102DB000E5FE20464FF480510022FEF779FE2046C2
:102DC0004FF400510122FEF773FEB8F8020000280C
:102DD0005ED0F82101EA172AFC2101EAD706FA00A1
:102DE000B8F800104FF00009D7B204E0002109F153
:102DF000010981454CD20029F8D0002520464FF426
:102E000080510022FEF754FE20464FF4005101226B
:102E1000FEF74EFE504601F08DFC20464FF48051E7
:102E20000122FEF745FE20464FF480510022FEF7B6
:102E30003FFE20464FF400510122FEF739FE304696
:102E400001F078FC20464FF480510122FEF730FE5D
:102E500020464FF480510022FEF72AFE20464FF410
:102E600000510122FEF724FE384601F063FC2046A3
:102E70004FF480510122FEF71BFEB8F80010013517
:102E80008D42BBD3B8F8020009F101098145B2D3E4
:102E900020464FF480510122BDE8F047FEF708BEFE
:102EA0002DE9F04F83B005460C46111AB2EB050B25
:102EB00018BF4FF0FF3B00290E4648BF4E42012984
:102EC000A3EB04004FF00107A8BFBB46191B18BFB6
:102ED0004FF0FF310028029044BF43420293012883
:102EE000B8BF0F4602984FF0000A864288BF3046AE
:102EF000019001304FF000094FF00008009000BF32
:102F0000A8B2A1B200F01AF80299019B09EB0600E1
:102F10005144B0EB0309D4BF81465D44B1EB030AD1
:102F2000D4BF8A463C4408F1010800991FFA88F092
:102F30008142E5D203B0BDE8F08F000080B50246C3
:102F40000B4600F01BFE40F2B040C2F200000088C9
:102F5000BDE8804001F082BAB0B586B0002005908F
:102F6000CDE90300CDE90100009043F63000C4F242
:102F70000200016840F2004441F002010160006873
:102F8000C4F2020400F00200009000984FF4704078
:102F900001900120CDE902000320049001A9204600
:102FA000FEF7B0FC20464FF480510122FEF780FD71
:102FB00020464FF480410122FEF77AFD20464FF46F
:102FC00000410122FEF774FD20464FF480410022AB
:102FD000FEF76EFD642008F067FE20464FF4804146
:102FE0000122FEF765FD322008F05EFE20464FF418
:102FF00080510022FEF75CFD20464FF40051002274
:10300000FEF756FDF72001F095FB20464FF4805166
:103010000122FEF74DFD20464FF480510022FEF7BD
:1030200047FD20464FF400510122FEF741FDA92043
:1030300001F080FB20464FF480510122FEF738FD5D
:1030400020464FF480510022FEF732FD20464FF417
:1030500000510122FEF72CFD512001F06BFB2046B0
:103060004FF480510122FEF723FD20464FF480519A
:103070000022FEF71DFD20464FF400510122FEF70D
:1030800017FD2C202C2501F055FB20464FF48051D4
:103090000122FEF70DFD20464FF480510022FEF77D
:1030A00007FD20464FF400510122FEF701FD82206A
:1030B00001F040FB20464FF480510122FEF7F8FC5E
:1030C00020464FF480510022FEF7F2FC20464FF4D8
:1030D00000510022FEF7ECFCC02001F02BFB204643
:1030E0004FF480510122FEF7E3FC20464FF480515B
:1030F0000022FEF7DDFC20464FF400510122FEF7CE
:10310000D7FC112001F016FB20464FF4805101221C
:10311000FEF7CEFC20464FF480510022FEF7C8FC9B
:1031200020464FF400510122FEF7C2FC092001F0B5
:1031300001FB20464FF480510122FEF7B9FC2046E6
:103140004FF480510022FEF7B3FC20464FF40051AB
:103150000022FEF7ADFCC12001F0ECFA20464FF44E
:1031600080510122FEF7A4FC20464FF4805100223A
:10317000FEF79EFC20464FF400510122FEF798FC1A
:10318000412001F0D7FA20464FF480510122FEF78A
:103190008FFC20464FF480510022FEF789FC204628
:1031A0004FF400510022FEF783FCC52001F0C2FA63
:1031B00020464FF480510122FEF77AFC20464FF45E
:1031C00080510022FEF774FC20464FF4005101228A
:1031D000FEF76EFC002001F0ADFA20464FF480515E
:1031E0000122FEF765FC20464FF480510022FEF7D5
:1031F0005FFC20464FF400510122FEF759FC0A20E3
:1032000001F098FA20464FF480510122FEF750FC5D
:1032100020464FF480510022FEF74AFC20464FF42E
:1032200000510122FEF744FC802001F083FA204681
:103230004FF480510122FEF73BFC20464FF48051B1
:103240000022FEF735FC20464FF400510022FEF725
:103250002FFCB12001F06EFA20464FF4805101227C
:10326000FEF726FC20464FF480510022FEF720FC9A
:1032700020464FF400510122FEF71AFCB02001F065
:1032800059FA20464FF480510122FEF711FC2046E6
:103290004FF480510022FEF70BFC20464FF4005102
:1032A0000122FEF705FC112001F044FA20464FF4FC
:1032B00080510122FEF7FCFB20464FF48051002292
:1032C000FEF7F6FB20464FF400510022FEF7F0FB1C
:1032D000B42001F02FFA20464FF480510122FEF76E
:1032E000E7FB20464FF480510022FEF7E1FB204629
:1032F0004FF400510122FEF7DBFB022001F01AFA25
:1033000020464FF480510122FEF7D2FB20464FF4B5
:1033100080510022FEF7CCFB20464FF400510022E2
:10332000FEF7C6FBB62001F005FA20464FF48051A7
:103330000122FEF7BDFB20464FF480510022FEF72C
:10334000B7FB20464FF400510122FEF7B1FB0220EB
:1033500001F0F0F920464FF480510122FEF7A8FB5E
:1033600020464FF480510022FEF7A2FB20464FF486
:1033700000510122FEF79CFB422001F0DBF92046C0
:103380004FF480510122FEF793FB20464FF4805109
:103390000022FEF78DFB20464FF400510022FEF77D
:1033A00087FBB72001F0C6F920464FF48051012277
:1033B000FEF77EFB20464FF480510022FEF778FB9B
:1033C00020464FF400510122FEF772FBC62001F0A7
:1033D000B1F920464FF480510122FEF769FB2046E7
:1033E0004FF480510022FEF763FB20464FF400515A
:1033F0000022FEF75DFBBE2001F09CF920464FF451
:1034000080510122FEF754FB20464FF480510022E8
:10341000FEF74EFB20464FF400510122FEF748FB19
:10342000002001F087F920464FF480510122FEF779
:103430003FFB20464FF480510022FEF739FB204627
:103440004FF400510122FEF733FB042001F072F922
:1034500020464FF480510122FEF72AFB20464FF40C
:1034600080510022FEF724FB20464FF40051002239
:10347000FEF71EFBE92001F05DF920464FF4805174
:103480000122FEF715FB20464FF480510022FEF783
:103490000FFB20464FF400510122FEF709FB0020EC
:1034A00001F048F920464FF480510122FEF700FB5D
:1034B00020464FF480510022FEF7FAFA20464FF4DE
:1034C00000510022FEF7F4FA362001F033F92046CD
:1034D0004FF480510122FEF7EBFA20464FF4805161
:1034E0000022FEF7E5FA20464FF400510122FEF7D4
:1034F000DFFA682001F01EF920464FF480510122C6
:10350000FEF7D6FA20464FF480510022FEF7D0FA9B
:1035100020464FF400510022FEF7CAFA3A2001F08B
:1035200009F920464FF480510122FEF7C1FA2046E6
:103530004FF480510022FEF7BBFA20464FF40051B1
:103540000122FEF7B5FA662001F0F4F820464FF4A8
:1035500080510122FEF7ACFA20464FF48051002240
:10356000FEF7A6FA20464FF400510022FEF7A0FA1B
:10357000E02001F0DFF820464FF480510122FEF7F1
:1035800097FA20464FF480510022FEF791FA204628
:103590004FF400510122FEF78BFA002001F0CAF827
:1035A00020464FF480510122FEF782FA20464FF464
:1035B00080510022FEF77CFA20464FF40051012290
:1035C000FEF776FA072001F0B5F820464FF4805157
:1035D0000122FEF76DFA20464FF480510022FEF7DB
:1035E00067FA20464FF400510122FEF761FA1020DD
:1035F00001F0A0F820464FF480510122FEF758FA5E
:1036000020464FF480510022FEF752FA20464FF434
:1036100000510122FEF74CFA092001F08BF82046F8
:103620004FF480510122FEF743FA20464FF48051B7
:103630000022FEF73DFA20464FF400510122FEF72A
:1036400037FA172001F076F820464FF48051012216
:10365000FEF72EFA20464FF480510022FEF728FA9A
:1036600020464FF400510122FEF722FA0B2001F010
:1036700061F820464FF480510122FEF719FA2046E6
:103680004FF480510022FEF713FA20464FF4005108
:103690000122FEF70DFA412001F04CF820464FF4CC
:1036A00080510122FEF704FA20464FF48051002297
:1036B000FEF7FEF920464FF400510122FEF7F8F91B
:1036C000892001F037F820464FF480510122FEF79F
:1036D000EFF920464FF480510022FEF7E9F9204629
:1036E0004FF400510122FEF7E3F94B2001F022F8DC
:1036F00020464FF480510122FEF7DAF920464FF4BC
:1037000080510022FEF7D4F920464FF400510122E7
:10371000FEF7CEF90A2001F00DF820464FF4805153
:103720000122FEF7C5F920464FF480510022FEF732
:10373000BFF920464FF400510122FEF7B9F90C20E1
:1037400000F0F8FF20464FF480510122FEF7B0F957
:1037500020464FF480510022FEF7AAF920464FF48C
:1037600000510122FEF7A4F90E2000F0E3FF2046ED
:103770004FF480510122FEF79BF920464FF480510F
:103780000022FEF795F920464FF400510122FEF782
:103790008FF9182000F0CEFF20464FF4805101220F
:1037A000FEF786F920464FF480510022FEF780F99B
:1037B00020464FF400510122FEF77AF91B2000F059
:1037C000B9FF20464FF480510122FEF771F92046DF
:1037D0004FF480510022FEF76BF920464FF4005160
:1037E0000122FEF765F90F2000F0A4FF20464FF4F8
:1037F00080510122FEF75CF920464FF480510022EF
:10380000FEF756F920464FF400510022FEF750F91A
:10381000E12000F08FFF20464FF480510122FEF797
:1038200047F920464FF480510022FEF741F9204627
:103830004FF400510122FEF73BF9002000F07AFF1F
:1038400020464FF480510122FEF732F920464FF412
:1038500080510022FEF72CF920464FF4005101223E
:10386000FEF726F9172000F065FF20464FF480513F
:103870000122FEF71DF920464FF480510022FEF789
:1038800017F920464FF400510122FEF711F91A20D2
:1038900000F050FF20464FF480510122FEF708F956
:1038A00020464FF480510022FEF702F920464FF4E3
:1038B00000510122FEF7FCF8042000F03BFF2046F7
:1038C0004FF480510122FEF7F3F820464FF4805167
:1038D0000022FEF7EDF820464FF400510122FEF7DA
:1038E000E7F80E2000F026FF20464FF48051012219
:1038F000FEF7DEF820464FF480510022FEF7D8F89C
:1039000020464FF400510122FEF7D2F8062000F0C5
:1039100011FF20464FF480510122FEF7C9F82046DE
:103920004FF480510022FEF7C3F820464FF40051B7
:103930000122FEF7BDF82F2000F0FCFE20464FF4D8
:1039400080510122FEF7B4F820464FF48051002246
:10395000FEF7AEF820464FF400510122FEF7A8F81A
:10396000452000F0E7FE20464FF480510122FEF78B
:103970009FF820464FF480510022FEF799F8204628
:103980004FF400510122FEF793F8432000F0D2FEDD
:1039900020464FF480510122FEF78AF820464FF46A
:1039A00080510022FEF784F820464FF40051012296
:1039B000FEF77EF8022000F0BDFE20464FF4805155
:1039C0000122FEF775F820464FF480510022FEF7E1
:1039D0006FF820464FF400510122FEF769F80A20E3
:1039E00000F0A8FE20464FF480510122FEF760F857
:1039F00020464FF480510022FEF75AF820464FF43B
:103A000000510122FEF754F8092000F093FE2046F1
:103A10004FF480510122FEF74BF820464FF48051BD
:103A20000022FEF745F820464FF400510122FEF730
:103A30003FF8322000F07EFE20464FF480510122F4
:103A4000FEF736F820464FF480510022FEF730F89A
:103A500020464FF400510122FEF72AF8362000F0EC
:103A600069FE20464FF480510122FEF721F82046DE
:103A70004FF480510022FEF71BF820464FF400510E
:103A80000122FEF715F80F2000F054FE20464FF4F7
:103A900080510122FEF70CF820464FF4805100229D
:103AA000FEF706F820464FF400510022FEF700F81A
:103AB000112000F03FFE20464FF480510122FDF717
:103AC000F7FF782008F0F0F820464FF480510022EC
:103AD000FDF7EEFF20464FF400510022FDF7E8FF0E
:103AE000292000F027FE20464FF480510122FDF7E7
:103AF000DFFF40F63800C2F200002A2141812B216D
:103B000081814FF4A07101804FF4F07105814180F3
:103B100020464FF480510022FDF7CAFF20464FF4A3
:103B200000510022FDF7C4FF362000F003FE2046BE
:103B30004FF480510122FDF7BBFF20464FF4805126
:103B40000022FDF7B5FF20464FF400510122FDF79A
:103B5000AFFF082000F0EEFD20464FF48051012217
:103B6000FDF7A6FF20464FF400410122FDF7A0FF1C
:103B700006B0B0BD02460B46AFF300802DE9F0471A
:103B800040F6380A40F20044C2F2000AC4F20204CD
:103B9000174689469AF80A60054620464FF4805138
:103BA00000229846FDF784FF20464FF40051002282
:103BB000FDF77EFF304600F0BDFD20464FF48051FA
:103BC0000122FDF775FF20464FF4805100222E0A96
:103BD000FDF76EFF20464FF400510122FDF768FF0C
:103BE000304600F0A7FD20464FF480510122FDF73A
:103BF0005FFF20464FF480510022FDF759FF204619
:103C00004FF400510122FDF753FFE8B200F092FD9E
:103C100020464FF480510122FDF74AFF20464FF421
:103C2000805100223D0AFDF743FF20464FF400512A
:103C30000122FDF73DFF284600F07CFD20464FF4B1
:103C400080510122FDF734FF20464FF480510022BD
:103C5000FDF72EFF20464FF400510122FDF728FF0B
:103C6000F8B200F067FD20464FF480510122FDF7C5
:103C70001FFF9AF80C5020464FF480510022FDF7A8
:103C800017FF20464FF400510022FDF711FF284690
:103C900000F050FD20464FF480510122FDF708FF4F
:103CA00020464FF4805100224FEA1925FDF700FF0E
:103CB00020464FF400510122FDF7FAFE284600F09D
:103CC00039FD20464FF480510122FDF7F1FE2046D8
:103CD0004FF480510022FDF7EBFE20464FF40051D7
:103CE0000122FDF7E5FE5FFA89F000F023FD204692
:103CF0004FF480510122FDF7DBFE20464FF4805146
:103D000000224FEA1825FDF7D3FE20464FF400515C
:103D10000122FDF7CDFE284600F00CFD20464FF4B1
:103D200080510122FDF7C4FE20464FF4805100224D
:103D3000FDF7BEFE20464FF400510122FDF7B8FE0C
:103D40005FFA88F000F0F6FC20464FF48051012223
:103D5000FDF7AEFE9AF8085020464FF4805100223D
:103D6000FDF7A6FE20464FF400510022FDF7A0FE0D
:103D7000284600F0DFFC20464FF480510122BDE8C8
:103D8000F047FDF795BE00002DE9F04F85B00F46D6
:103D900040F2B041C2F200018346DDE90E05098818
:103DA000109C0191A0F120080BEB55007919013806
:103DB00001399946924682B28BB2584639466E080E
:103DC0000497FFF7DBFE039544B340F2B044002DA7
:103DD000C2F2000418BF012D28D00C2D5FFA88F024
:103DE00040F00E824CF2472800EB4009C0F6030871
:103DF00018F829700020002506E000BF01357F0873
:103E0000B542E8B280F0DC80F907A4F800A0F5D054
:103E10005844049980B2FFF791F8EFE740F2B044BC
:103E2000002DC2F2000418BF012D13D140F6380056
:103E3000C2F2000001884088019F013901388AB22E
:103E400083B200200021278005B0BDE8F04FFFF7C6
:103E500095BE00BF0C2D5FFA88F040F0FD814CF25A
:103E6000472800EB400BC0F6030818F82B5000273A
:103E7000E807504608BF484600F0F0FA0137BE4256
:103E80004FEA5505F4D808EB8B0898F80150002745
:103E9000E807504608BF484600F0E0FA0137BE4246
:103EA0004FEA5505F4D898F802500027E807504625
:103EB00008BF484600F0D2FA0137BE424FEA550526
:103EC000F4D898F803500027E807504608BF484642
:103ED00000F0C4FA0137BE424FEA5505F4D898F80D
:103EE00004500027E807504608BF484600F0B6FADD
:103EF0000137BE424FEA5505F4D898F8055000271F
:103F0000E807504608BF484600F0A8FA0137BE420D
:103F10004FEA5505F4D898F806500027E8075046B0
:103F200008BF484600F09AFA0137BE424FEA5505ED
:103F3000F4D898F807500027E807504608BF4846CD
:103F400000F08CFA0137BE424FEA5505F4D898F8D4
:103F500008500027E807504608BF484600F07EFAA0
:103F60000137BE424FEA5505F4D898F809500027AA
:103F7000E807504608BF484600F070FA0137BE42D5
:103F80004FEA5505F4D898F80A500027E80750463C
:103F900008BF484600F062FA0137BE424FEA5505B5
:103FA000F4D898F80B500027E807504608BF484659
:103FB00000F054FA0137BE424FEA5505F4D835E710
:103FC000049808EB890999F80170411C00201FFA38
:103FD00081F8002505E000BF01357F08B542E8B251
:103FE0000AD2F907A4F800A0F6D0584480B241469E
:103FF000FEF7A4FFF0E700BF049899F80270811C57
:1040000000201FFA81F8002505E000BF01357F0878
:10401000B542E8B20AD2F907A4F800A0F6D0584495
:1040200080B24146FEF78AFFF0E700BF049899F896
:104030000370C11C00201FFA81F8002505E000BFB5
:1040400001357F08B542E8B20AD2F907A4F800A00A
:10405000F6D0584480B24146FEF770FFF0E700BF4B
:10406000049899F80470011D00201FFA81F80025BA
:1040700005E000BF01357F08B542E8B20AD2F90772
:10408000A4F800A0F6D0584480B24146FEF756FF8F
:10409000F0E700BF049899F80570411D00201FFA51
:1040A00081F8002505E000BF01357F08B542E8B280
:1040B0000AD2F907A4F800A0F6D0584480B24146CD
:1040C000FEF73CFFF0E700BF049899F80670811DE9
:1040D00000201FFA81F8002505E000BF01357F08A8
:1040E000B542E8B20AD2F907A4F800A0F6D05844C5
:1040F00080B24146FEF722FFF0E700BF049899F82E
:104100000770C11D00201FFA81F8002505E000BFDF
:1041100001357F08B542E8B20AD2F907A4F800A039
:10412000F6D0584480B24146FEF708FFF0E700BFE2
:10413000049899F8087000F1080100201FFA81F82E
:10414000002504E001357F08B542E8B20AD2F9073C
:10415000A4F800A0F6D0584480B24146FEF7EEFE27
:10416000F0E700BF049899F8097000F109010020F8
:104170001FFA81F8002504E001357F08B542E8B256
:104180000AD2F907A4F800A0F6D0584480B24146FC
:10419000FEF7D4FEF0E700BF049899F80A7000F12A
:1041A0000A0100201FFA81F8002504E001357F088C
:1041B000B542E8B20AD2F907A4F800A0F6D05844F4
:1041C00080B24146FEF7BAFEF0E700BF049899F8C6
:1041D0000B7000F10B0100201FFA81F8002505E0AB
:1041E00001357F08B542E8B2BFF420AEF907A4F864
:1041F00000A0F5D0584480B24146FEF79FFEEFE79D
:104200004CF2BB61C0F603014FF0000901EB001056
:10421000029005E0039809F1010981453FF406AEDB
:104220000298002510F80980049800EB090100208D
:104230008FB205E001354FEA5808B542E8B2E9D23D
:104240005FEAC871A4F800A0F4D0584480B239469F
:10425000FEF774FEEEE700BF4CF2BB61C0F603014F
:10426000002501EB001800BF18F80570002400BFFE
:10427000F807504608BF484600F0F0F80134A6425F
:104280004FEA5707F4D80398013540F2B04485420D
:10429000C2F20004E8D1C9E5002B08BF70472DE940
:1042A000F04F87B0109F0446581E04907808059080
:1042B000981E9A4691460D46039042F210780020CF
:1042C000002106911DE000BF01220692059A40F2EE
:1042D000880300FB024040F2B042C2F20002C2F288
:1042E000000341F0300112881B88C9B2CDE90017E4
:1042F00080B2294600260296FFF746FDD345584670
:1043000064D000F1010B5FFA8BF18A4502D10121E3
:104310002AE000BF039AC143121AD2B2BE46032A52
:104320000AEB010202D201210AE000BF02F0FC0305
:10433000002601210436F7B29F4201FB08F1F9D1B2
:1043400012F0030277460FD0012A03D101EB81015D
:10435000490009E04FF47A734B43022A4FF064029C
:1043600008BF01FB02F31946B9FBF1F14CF6CD424F
:10437000CCF6CC42A1FB0223DA08069B02EB8202B8
:10438000002BA1EB4201A1D1049A82429EDD0029BB
:104390009AD105994FF0000C00FB014040F2B0416A
:1043A000C2F200010A8840F28801C2F200010B88C3
:1043B00020210026CDE9001780B229460696CDF8C7
:1043C00008C0FFF7E1FCD34558469AD107B0BDE8D5
:1043D000F04F70472DE9F04F83B01C780D46A4F1E3
:1043E0002001C9B25E2936D840F6380AC2F2000A66
:1043F0000646BAF80000B0422DD9BAF80200A84229
:1044000029D940F2880990464FEA520B5F1EC2F24A
:10441000000900BF40F2B040C2F200000288B9F8C3
:104420000030E0B20C9CCDE90008B0B229460294FD
:10443000FFF7AAFCBC78A4F12000C0B25E280AD81D
:104440005E44BAF80000B1B2884204D9BAF802005A
:104450000137A842DED803B0BDE8F08FB0B540F216
:104460000044C4F20204054620464FF48051002265
:10447000FDF71EFB20464FF400510122FDF718FB0B
:10448000F82000EA152000F055F920464FF480513D
:104490000122FDF70DFB20464FF480510022FDF76D
:1044A00007FB20464FF400510122FDF701FBFC20E1
:1044B00000EAD50000F03EF920464FF48051012279
:1044C000FDF7F6FA20464FF480510022ED00FDF78B
:1044D000EFFA20464FF400510122FDF7E9FAE8B265
:1044E00000F028F920464FF480510122BDE8B04089
:1044F000FDF7DEBAFCF792B9B0B584B040F2EC60DB
:1045000042F2000101230024C2F20000C4F20101C2
:104510000125C0F6007303944FF48032057680F8CD
:104520002040C0E90A34C56180F8304080E81600B8
:10453000C0E903444561FCF741FE002818BFFCF7C1
:1045400019FD40F2EC60C2F200006946CDE9004579
:104550000294FCF791FD002818BFFCF70BFD04B096
:10456000B0BD000010B544F605104CF6D442C0F6BC
:104570000000C0F6030200212EF0CAFA40F25814DF
:10458000C2F20004206044F2F54040F67832C0F6F2
:104590000000C0F6040200212EF0BAFA606010BDDF
:1045A00080B586B0002043F630010590CDE90300C8
:1045B000CDE901000090C4F202010A6842F08002D5
:1045C0000A600A6802F080020092009A00900A686D
:1045D00042F001020A60096801F0010100910099AE
:1045E0000421CDE90110012003900020C4F2020053
:1045F00001A9FDF787F906B080BD000080B540F243
:104600004C7043F20001C2F20000C4F201014FF409
:104610008272002380E80E0000F114014FF4007C48
:104620004FF0100E81E808500A21C0E90333C0E9B9
:104630000833C0E90A31FDF72FFE002808BF80BD0E
:10464000BDE88040FCF796BC80B586B040F2EC70C7
:104650000021C2F2000040F6004240F2E73C059122
:10466000CDE90311CDE90011C4F200025323C0E9E2
:10467000021C01618021C0E900238161FDF700FF78
:10468000002818BFFCF776FC4FF48050029040F2EF
:10469000EC70C2F2000002A9FDF79AFF002818BFD3
:1046A000FCF768FC40F2EC70C2F200006946FDF7CE
:1046B00089FE002818BFFCF75DFC06B080BD000035
:1046C000FEE70000FEE70000000000000000000020
:1046D000EFF30980BFF36F8F154B1A681EF0100FB0
:1046E00008BF20ED108A20E9F04F10602DE9090085
:1046F0004FF0500080F31188BFF34F8FBFF36F8FDF
:1047000036F04CF94FF0000080F31188BDE8090045
:1047100019680868B0E8F04F1EF0100F08BFB0EC41
:10472000108A80F30988BFF36F8F704700BF00BF06
:10473000600100204AF22172C2F2000240F24C7184
:104740001378C2F2000109682BB90B6843F04003EB
:104750000B600123137040F2010CCFF6F07C63462E
:104760008A68920756D48A6892075CBF8A685FEAB3
:1047700082724FD48A6892075CBF8A685FEA82724D
:1047800048D48A6892075CBF8A685FEA827241D423
:104790008A6892075CBF8A685FEA82723AD48A6844
:1047A00092075CBF8A685FEA827233D48A68920794
:1047B0005CBF8A685FEA82722CD48A6892075CBF09
:1047C0008A685FEA827225D48A6892075CBF8A6829
:1047D0005FEA82721ED48A6892075CBF8A685FEAC9
:1047E000827217D48A6892075CBF8A685FEA827215
:1047F00010D48A6892075CBF8A685FEA827209D423
:104800008A6892075CBF8A685FEA827202D41933B1
:10481000A6D15AE0C8608868C00759D18868C00727
:1048200004BF88685FEAC07052D18868C00704BFBF
:1048300088685FEAC0704BD18868C00704BF886889
:104840005FEAC07044D18868C00704BF88685FEA27
:10485000C0703DD18868C00704BF88685FEAC07037
:1048600036D18868C00704BF88685FEAC0702FD15E
:104870008868C00704BF88685FEAC07028D188686C
:10488000C00704BF88685FEAC07021D18868C0078C
:1048900004BF88685FEAC0701AD18868C00704BF87
:1048A00088685FEAC07013D18868C00704BF886851
:1048B0005FEAC0700CD18868C00704BF88685FEAEF
:1048C000C07005D11CF1190CA5D1FF20C0B27047F2
:1048D000C868C0B27047000000000000000000007F
:1048E000074B19680868B0E8F04F80F30988BFF3F8
:1048F0006F8F4FF0000080F31188704700BF00BF3A
:1049000060010020FBF778BF80B54EF21000CEF2B8
:104910000000006836F0F4FD012808BF80BDBDE846
:10492000804036F02DBA000070B592B006AC20463B
:104930003021FBF713FE002543F640000595CDE935
:104940000355CDE901550095C4F202000168022625
:1049500041F080510160006800F0805000900098A4
:1049600047F200000095C4F20000016841F4804164
:104970000160006800F480400090009801200690DB
:104980004FF4803007904FF480000D9008200E9077
:104990004FF4A870CDE90F060420119020460C9624
:1049A000FDF7A4FA10B172B6FEE700BF0F20CDE903
:1049B00001064FF4A05004904FF48050059001A8D8
:1049C00005210395FDF774F910B172B6FEE700BF3B
:1049D00012B070BD4EF68850CEF20000016841F46E
:1049E000700101607047000040F2A470C2F2000044
:1049F000FDF7C0BE40F2EC70C2F20000FDF7BABE97
:104A0000B0B540F6FF3E0568C4F2000E40F2004C1F
:104A10007045C4F2010C25DCB0F1804F2FD040F27C
:104A20000043C4F20003984229D040F60003C4F2C8
:104A30000003984223D041F6FF73C4F2000398426A
:104A400028DC70453ADCB0F1804F5BD040F2004387
:104A5000C4F20003984255D040F60003C4F20003AC
:104A60004EE000BF40F60043C4F20003984206D077
:104A7000604504D00023C4F201039842DBD14B68A7
:104A800025F0700243EA020541F6FF73C4F2000309
:104A90009842D6DD43F6FF73C4F2010398421FDC4F
:104AA00042F20003C4F2000398422BD00023C4F268
:104AB0000103984226D0604524D028E040F6004308
:104AC000C4F2000398421DD041F60003C4F2000373
:104AD000984217D041F60043C4F2000310E000BF33
:104AE00044F20003C4F2010398420BD044F60003E1
:104AF000C4F20103984205D044F20043C4F201031A
:104B0000984204D1CB6825F4407243EA02050A6852
:104B10008C684B69C46240F480648262644504BF5F
:104B200009690163026825F0800142F0040219431B
:104B30000260012242610160B0BD00002DE9F04F2A
:104B400081B0804640F2B0400F46C2F200004FF400
:104B500078411D461646DDE90A4B01804FF0010AF7
:104B60004CA32820A0211022CDF800A04FF010095E
:104B7000FFF730FC48A37820A0211022CDF800A038
:104B8000FFF728FC45A32820B4211022CDF800A06F
:104B9000FFF720FC42A37820B4211022CDF800A01A
:104BA000FFF718FC3FA32820C8211022CDF800A051
:104BB000FFF710FC3CA37820C8211022CDF800A0FC
:104BC000FFF708FC39A32820DC211022CDF800A033
:104BD000FFF700FC36A37820DC211022CDF800A0DE
:104BE000FFF7F8FB33A32820F0211022CDF800A016
:104BF000FFF7F0FB4020A02142460423CDF80090AF
:104C0000FFF74AFB9020A0213A460423CDF80090FC
:104C1000FFF742FB4020B42132460423CDF8009038
:104C2000FFF73AFB9020B4212A460423CDF80090E8
:104C3000FFF732FB4020C82122460423CDF8009024
:104C4000FFF72AFB9020C8215A460423CDF8009094
:104C5000FFF722FB0C9A4020DC210423CDF80090C2
:104C6000FFF71AFB0D9A9020DC210423CDF8009069
:104C7000FFF712FB40F63800C2F2000001880E9ADE
:104C800060200323CDF80090FFF706FB01B0BDE8DC
:104C9000F08F00BF78313A0079313A0078323A002B
:104CA00079323A0078333A0079333A0078343A006E
:104CB00079343A006661632069733A0000000000AD
:104CC0002DE9F04F81B02DED0A8B98B040F2B0493C
:104CD000C2F200091F20A9F8000040F28800C2F2C9
:104CE00000004FF0FF3101804FF6FF704FF6FF7567
:104CF000FEF748F84FF478484FF6FF70A9F80080A7
:104D0000FEF740F8002701240FF62C330A20282153
:104D10001022A9F800700094FFF75CFB0FF63833FF
:104D20000A20382110220094FFF754FB0FF64C3371
:104D30000A20482110220094FFF74CFB0FF65C3349
:104D40000A20582110220094FFF744FB0820142168
:104D500021221423A9F80080FEF7A2F814200821CC
:104D600014222123FEF79CF815201521FEF7E6F802
:104D700013201521FEF7E2F815201321FEF7DEF8C7
:104D800013201321FEF7DAF8B9F8002014201421BB
:104D9000062300970CF0BAFF40F25C0B9FED148BDA
:104DA0009FED159B9FED16ABC2F2000B0DF1400A73
:104DB000B6EE00BAB0EE00CA002600248BF81870D8
:104DC000CBF81C70DBF80810012088479BF818000E
:104DD00000F0C001402917D00A2006F065FFB4F5A5
:104DE0007A7F04F10104EDD300F0D8BC00BF00BF0E
:104DF0000000000000005940666666666666EE3F89
:104E0000CDCCCCCCCCCCF03F00F03F008BF81800E0
:104E1000DBF81410F0B203284AF8201000F2528395
:104E2000DFE810F00400DE026600E800082014212C
:104E300021221423A9F80050FEF732F8142008218B
:104E400014222123FEF72CF815201521FEF776F801
:104E500013201521FEF772F815201321FEF76EF8C6
:104E600013201321FEF76AF8B9F80020142014214A
:104E7000062300970CF04AFF40F63800C2F200000B
:104E8000B04606884FF47841A6F11400A9F8001046
:104E900084B2A6F12000F11F80B28AB2142114233B
:104EA000FDF7FEFF2046082122462123FDF7F8FFEB
:104EB000A6F1130085B228461521FEF73FF8A6F1AA
:104EC000150086B230461521FEF738F82846132122
:104ED0004FF6FF75FEF732F83046132146464FF481
:104EE0007848FEF72BF8B9F8002020461421E5E2B7
:104EF00040F6380AC2F2000A0F96BAF80260212280
:104F0000A6F1140084B2082021462346A9F80050D7
:104F1000FDF7C6FFA6F12000F21F81B293B2142064
:104F20001422FDF7BDFFA6F1130085B21520294616
:104F3000FEF704F813202946FEF700F8A6F1150045
:104F400085B215202946FDF7F9FF13202946FDF704
:104F5000F5FFB9F8002014202146062300970CF035
:104F6000D5FEBAF80040BAF80250A4F11400A5F139
:104F70001401A9F800801FFA80F8A4F12000E21FB4
:104F80001FFA81FA80B292B251465346FDF788FF6C
:104F9000A5F12000EA1F81B293B240464246FDF7D8
:104FA0007FFFA4F11300A5F1130186B28FB2304642
:104FB0003946FDF7C3FFA4F1150084B220463946F7
:104FC000FDF7BCFFA5F1150087B230460F9E3946AC
:104FD000FDF7B4FF20463946FDF7B0FFB9F80020D1
:104FE00040464FF4784851460DF1400A00274FF6ED
:104FF000FF7563E2BDF84010BDF84400BDF84230D3
:10500000BDF84620CDE90E10081A991A404301FB5D
:105010000100CDE90B2336F044FD41EC100B36F0D6
:105020008CFC51EC100B36F00DFDBDF84850BDF86E
:105030004C10BDF84A30BDF84E600A91691A9A1BAF
:10504000494302FB021108950D930996064608464E
:1050500036F027FD41EC100B36F06FFC51EC100BD5
:1050600036F0F0FC044600EE106A01EE104AB8EE8D
:10507000400AB8EE411A80EE010A10EE100A36F02E
:1050800065FF002C00F0248253EC195B2A4607468A
:105090008A46079336F0A8FF51460028384640F06C
:1050A000178253EC1A2B384651461446984636F070
:1050B00086FF51460028384640F00A82002E00F054
:1050C00007820E980899401ADDE90C214043511AD5
:1050D00001FB010036F0E5FC41EC100B36F02DFC35
:1050E00051EC100B36F0AEFC0F990A9A099B891A05
:1050F0000B9A4943D21A02FB02110646084636F0C3
:10510000D0FC41EC100B36F018FC51EC100B36F0D3
:1051100099FC00EE106A01EE100AB8EE400AB8EEF3
:10512000411A80EE010A10EE100A36F00FFF0691C8
:10513000079F2A463B46064636F056FF002840F0B9
:1051400047820699304622464346A24636F045FF3E
:10515000002800F03D820F9808990D9A401A0B998B
:105160004043891A01FB010036F09BFC41EC100B17
:1051700036F0E3FB51EC100B36F064FC0E990A9A02
:105180000C9B891A099A49439A1A02FB0211064696
:10519000084636F086FC41EC100B36F0CEFB51ECA5
:1051A000100B36F04FFC00EE106A01EE100AB8EE5C
:1051B000400AB8EE411A80EE010A10EE100A36F0ED
:1051C000C5FE044640F63800C2F2000006882046BC
:1051D0002A463B46069136F007FF002840F04882F9
:1051E000069920465246434636F0F7FE002800F066
:1051F0003F82DDE90E21A6F1280000EE100A881A90
:1052000001EE100AB8EEC00AB8EEC11A80EE011A1B
:1052100040F63800C2F200004588DDE90C73A5F1C4
:10522000280000EE100AD81B02EE100AB8EEC00AE1
:10523000B8EEC22A80EE020A881803EE100A02EEC7
:10524000106AB8EE433AB8EE422A21EE033A32EE43
:10525000432A22EE0B2ABDEEC22A12EE100AABF848
:105260002400D81903EE100A02EE105AB8EE433AA1
:10527000B8EE422A20EE033A32EE432A8BED071AAB
:1052800022EE0B2AB0EEC11ABDEEC22AB4EE4C1AC1
:1052900012EE100AF1EE10FA8BED080AABF82600B8
:1052A00007DCB0EEC00AB4EE4C0AF1EE10FA40F39F
:1052B000A182A6F11400A5F114014FF6FF72A9F81E
:1052C00000201FFA80F8A6F12000F21F1FFA81FAD1
:1052D00080B292B251465346FDF7E2FDA5F120009F
:1052E000EA1F81B293B240464246FDF7D9FDA6F1CE
:1052F0001300A5F11301344686B28FB23046394609
:10530000FDF71CFEA4F1150084B220463946FDF7D6
:1053100015FEA5F1150087B2304639464FF6FF75E8
:10532000FDF70CFE20463946FDF708FE40F2B0407E
:10533000C2F20000028800264046514640F2B049C1
:105340000623C2F2000900960CF0E0FC4FF4784806
:105350000820142121221423A9F80080FDF7A0FDC4
:105360001420082114222123FDF79AFD1520152170
:10537000FDF7E4FD13201521FDF7E0FD15201321B5
:10538000FDF7DCFD13201321FDF7D8FDB9F800204F
:1053900014201421062300960CF0B8FC41F29C0363
:1053A00028201A211022C0F6040301270097FFF7D6
:1053B00011F89BF82800B0FA80F149098BF8281001
:1053C00000286FF02F006FF06F0108BF6FF06F00C3
:1053D00008BF6FF02F018BF800008BF80110D6E1A9
:1053E00040F63800C2F200000F9606881423A6F19A
:1053F000140084B2A6F12000F11F80B28AB21421F9
:10540000A9F80050FDF74CFD204608212246212333
:10541000FDF746FDA6F1130085B228461521FDF7DC
:105420008DFDA6F1150086B230461521FDF786FDEB
:1054300028461321FDF782FD30461321FDF77EFD3E
:10544000B9F8002020461421062300970CF05EFCDA
:1054500040F63800C2F2000046882122A6F114006E
:1054600084B2082021462346A9F80080FDF718FDE4
:10547000A6F12000F21F81B293B214201422FDF78E
:105480000FFDA6F1130085B215202946FDF756FD44
:1054900013202946FDF752FDA6F1150085B20F9E97
:1054A00015202946FDF74AFD132029464FF6FF75C2
:1054B000FDF744FDB9F8002014202146062300978B
:1054C0000CF024FC0A20013606F0EEFB012479E4FE
:1054D000CDE9051040F63800C2F200000488458886
:1054E000A4F11400A5F114014FF6FF72A9F80020F1
:1054F0001FFA80F8A4F12000E21F1FFA81FA80B29F
:1055000092B251465346FDF7CBFCA5F12000EA1FAD
:1055100081B293B240464246FDF7C2FCA4F11300AB
:10552000A5F1130186B28FB230463946FDF706FD6C
:10553000A4F1150084B220463946FDF7FFFCA5F121
:10554000150087B2304639464FF6FF75FDF7F6FC79
:1055500020463946FDF7F2FC40F2B040C2F20000AE
:10556000028800244046514640F2B0490623C2F268
:10557000000900940CF0CAFB4FF47848082014216D
:1055800021221423A9F80080FDF78AFC14200821A9
:1055900014222123FDF784FC15201521FDF7CEFCF4
:1055A00013201521FDF7CAFC15201321FDF7C6FCB9
:1055B00013201321FDF7C2FCB9F800201420142198
:1055C000062300940CF0A2FBDDE90510C8E000BF43
:1055D00040F63800C2F2000004884588A4F11400A7
:1055E000A5F114014FF6FF72A9F800201FFA80F808
:1055F000A4F12000E21F1FFA81FA80B292B2514654
:105600005346FDF74DFCA5F12000EA1F81B293B28D
:1056100040464246FDF744FCA4F11300A5F11301F6
:10562000079686B28FB230463946FDF787FCA4F163
:10563000150084B220463946FDF780FCA5F115001F
:1056400087B2304639464FF6FF75FDF777FC2046A6
:105650003946FDF773FC40F2B040C2F20000028808
:1056600040F2B049002440465146C2F2000949E0E8
:1056700040F63800C2F20000B0F802A0A6F1140013
:10568000AAF114014FF6FF720794A9F8002084B222
:10569000A6F12000F21F8DB280B292B229462B46AD
:1056A000FDF7FEFBAAF12000AAF1070281B293B236
:1056B000204622460594FDF7F3FBA6F11300AAF15C
:1056C00013011FFA80F834468EB240463146FDF78A
:1056D00035FCA4F1150084B220463146FDF72EFCBE
:1056E000AAF1150086B240463146FDF727FC204658
:1056F0003146FDF723FCB9F800200598002429461F
:105700004FF6FF75062300940CF000FB4FF4784829
:105710000820142121221423A9F80080FDF7C0FBE2
:105720001420082114222123FDF7BAFB152015218E
:10573000FDF704FC13201521FDF700FC15201321B3
:10574000FDF7FCFB13201321FDF7F8FBB9F800204F
:1057500014201421062300940CF0D8FADDE9061079
:1057600053EC182B36F028FA36F06CF906460898F8
:1057700000900D9801900A98029009980390DDE935
:105780000E02DDE90B3104960026FFF7D7F900245D
:1057900000270DF1400AFFF715BB00BF14A8FBF767
:1057A0003DF908B314AA07CACBF82420CBE90701B6
:1057B0009DF85C008BF82800FBF760F840F2704120
:1057C000C2F20001C8609BF828006FF06F0100284A
:1057D0006FF02F0008BF6FF02F0108BF6FF06F0050
:1057E0008BF800108BF8010018B0BDEC0A8B01B0EB
:1057F000BDE8F08F1F20A9F800004FF6FF70FDF7FD
:10580000C1FA41F284030127C0F6040323206E216C
:1058100010220097FEF7DEFD4FF47A7006F044FA8E
:1058200001F098FF4FF6FF7018B0BDEC0A8B01B085
:10583000BDE8F04FFDF7A6BA506C65617365207541
:10584000736520746865207374796C757320636C5C
:1058500069636B207468650063726F7373206F6E89
:10586000207468652073637265656E2E54686520C8
:1058700063726F73732077696C6C0000616C776181
:105880007973206D6F766520756E74696C2074680D
:10589000652073637265656E2000000061646A753F
:1058A00073746D656E7420697320636F6D706C65C1
:1058B0007465642E00000000F0B589B0002043F646
:1058C00030010490CDE90200CDE900000590C4F25A
:1058D00002010A6840F6000442F004020A600A6805
:1058E000C4F2020402F004020592059A05900A68C7
:1058F00004F5806642F008020A6009686D4601F00E
:105900000801059105990421CDE9001001273046D1
:1059100029460297FBF7F6FF082000904FF4041089
:10592000CDE9010730462946FBF7ECFF4FF48060D4
:10593000CDE900070320039020462946FBF7E2FF4C
:105940004FF40060009020462946FBF7DBFF4FF440
:105950008050009020462946FBF7D4FF09200521FE
:105960000022FCF769F90920FCF754F940F25C04C5
:10597000C2F2000404F1140004F1160101F034FE37
:1059800005A8FBF74BF8F0B105AA07CA6262C4E9A3
:1059900007019DF8200084F82800FAF76FFF40F215
:1059A0007041C2F20001C86094F828006FF06F01E6
:1059B00000286FF02F0008BF6FF02F0108BF6FF0B5
:1059C0006F0021706070012009B0F0BD40F270409E
:1059D000C2F20000407870472DE9F04FB3B040F2BA
:1059E0007044C2F200042FA9A0788A1C0A920A1DF2
:1059F00009928A1D002801F108000592049003D144
:105A0000FFF75AFF0120A070012040F2B0476070FC
:105A1000C2F20007388840F28804C2F200041E2156
:105A200002902088ADF846104FF01E11129140F2FE
:105A3000221101901E20C0F21E01C0F2A000179199
:105A40004FF0F01116901391A021199040F2C2105E
:105A5000C0F22211C0F2C2101891F02115904FF43B
:105A6000917040F60048C0F2C211ADF868004FF6E0
:105A7000FF70C4F202081491FDF784F900214FF081
:105A8000FF303980208000913AA30A200A21102299
:105A9000FEF7A0FC16AE0DF146000DF1B209002193
:105AA00035E000BF089E0DF1580A3AF816400DF196
:105AB000460B40F2B0473BF81650C2F200074FF6D3
:105AC000FF703880A4F10E0004F10F0180B28AB299
:105AD00029462B46FDF7E4F9A5F10E0005F10F026A
:105AE00081B293B220462246FDF7DAF90DF16A0140
:105AF00001EBC60021F83640069945808180079960
:105B00005646C18003995846092901F0478236F864
:105B1000115030F811604FF478403880A5F10E0034
:105B20000C4605F10F0180B28AB231463346FDF7CB
:105B3000B7F9A6F10E0006F10F0281B293B2284622
:105B40002A46FDF7ADF9621C0A201E210123102709
:105B5000089403920097FEF79FFB16201E21102247
:105B60000FF6947300270097FEF734FC0020CDE970
:105B7000060010E043616C6962726174653A2074DA
:105B8000617020656163682063726F737300000049
:105B9000052006F089F840460821FBF783FF00281E
:105BA000F6D1282006F080F840F25C00C2F2000036
:105BB00005788046284601F05FFB8346284601F0C1
:105BC0005BFB0746284601F057FB0446284601F0D8
:105BD00053FB0646284601F04FFB3A46BB4588BFBB
:105BE0005A4638BF5F462146A74288BF394628BF7C
:105BF00027463346B74288BF3B4628BF37468742D1
:105C000098BF074608468A4288BF104638BF1146EB
:105C10001A46994288BF0A4628BF19463B46B942F0
:105C200088BF0B4628BF39461746904288BF0746B3
:105C300038BF024618469A4288BF104628BF1A4607
:105C4000874238BF38461144084480B24AF6AB2137
:105C5000484398F801401090400C0F90204601F006
:105C60000BFB8346204601F007FB0746204601F068
:105C700003FB0646204601F0FFFA0546204601F0E8
:105C8000FBFABB45394688BF594638BF5F46B74225
:105C9000B04688BFB84628BF3746AF422A4688BFBD
:105CA0003A4628BF2F46874298BF0746414540469F
:105CB00088BF084638BF88469045924688BFC2468E
:105CC00028BF9046B8453946524688BF414628BF4E
:105CD000B846504588BF024638BF824608468A45C6
:105CE00088BF504628BF8A4640F25C01C2F20001DC
:105CF0000C78824238BF10460D90204601F0BCFA65
:105D00008346204601F0B8FA0746204601F0B4FA6F
:105D10000646204601F0B0FA0546204601F0ACFAEE
:105D20003A46BB4588BF5A4638BF5F463146B74200
:105D300088BF394628BF37462B46AF4288BF3B460F
:105D400028BF2F46874298BF074608468A4288BF29
:105D5000104638BF11461A46994288BF0A4628BFE6
:105D600019463B46B94288BF0B4628BF39461746FD
:105D7000904288BF074638BF024618469A4288BFFD
:105D8000104628BF1A46874238BF38461144084497
:105D900080B24AF6AB21414340F25C00C2F20000FF
:105DA0004478480C0E9020460C9101F065FA834629
:105DB000204601F061FA0746204601F05DFA0646EA
:105DC000204601F059FA0546204601F055FABB4538
:105DD0003A46DDE90E4C88BF5A4638BF5F46B742A7
:105DE000314688BF394628BF3746AF422B4688BF69
:105DF0003B4628BF2F46874298BF07468A420E4639
:105E000088BF164638BF11469942184688BF0846D3
:105E100028BF1946B9423B4688BF0B4628BF3946C2
:105E2000864207461A4688BF374638BF30469842F2
:105E300088BF024628BF1846974238BF3A46109B93
:105E4000B4EB534F05D80C9F322303EB5743634504
:105E500007D8A4454FF0000729D80CF13203A3421C
:105E600025D90D9F0AEB080308443B4410449BB21C
:105E70004AF6AB2780B27B4378435B0C400C9842D8
:105E800003D800F13201994207D883424FF000074E
:105E90000DD803F13201814209D904EB0C011844F9
:105EA000490840080127ADF8BC10ADF8B200082041
:105EB000109705F0F9FE40F25C00C2F20000047891
:105EC0008046204601F0D8F98346204601F0D4F9F7
:105ED0000746204601F0D0F90646204601F0CCF9ED
:105EE0000546204601F0C8F93A46BB4588BF5A46E8
:105EF00038BF5F463146B74288BF394628BF37466C
:105F00002B46AF4288BF3B4628BF2F46874298BFEB
:105F1000074608468A4288BF104638BF11461A46CF
:105F2000994288BF0A4628BF19463B46B94288BFF6
:105F30000B4628BF39461746904288BF074638BFF0
:105F4000024618469A4288BF104628BF1A46874222
:105F500038BF38461144084480B24AF6AB21484362
:105F600098F801400F90400C0E90204601F084F903
:105F70008346204601F080F90746204601F07CF96F
:105F80000646204601F078F90546204601F074F9EE
:105F9000BB45394688BF594638BF5F46B742B04611
:105FA00088BFB84628BF3746AF422A4688BF3A4620
:105FB00028BF2F46874298BF07464145404688BFC5
:105FC000084638BF88469045924688BFC24628BFDB
:105FD0009046B8453946524688BF414628BFB84624
:105FE000504588BF024638BF824608468A4588BF6A
:105FF000504628BF8A4640F25C01C2F200010C788C
:10600000824238BF10460C90204601F035F9834695
:10601000204601F031F90746204601F02DF90646E9
:10602000204601F029F90546204601F025F93A46B7
:10603000BB4588BF5A4638BF5F463146B74288BF26
:10604000394628BF37462B46AF4288BF3B4628BF5C
:106050002F46874298BF074608468A4288BF1046A7
:1060600038BF11461A46994288BF0A4628BF1946CA
:106070003B46B94288BF0B4628BF39461746904277
:1060800088BF074638BF024618469A4288BF104666
:1060900028BF1A46874238BF38461144084480B2A8
:1060A0004AF6AB21414340F25C00C2F20000447862
:1060B000480C0D9020460B9101F0DEF883462046F7
:1060C00001F0DAF80746204601F0D6F806462046E9
:1060D00001F0D2F80546204601F0CEF8BB453A461D
:1060E000DDE90D4C88BF5A4638BF5F46B74231469E
:1060F00088BF394628BF3746AF422B4688BF3B464C
:1061000028BF2F46874298BF07468A420E4688BF5F
:10611000164638BF11469942184688BF084628BF20
:106120001946B9423B4688BF0B4628BF39468642CE
:1061300007461A4688BF374638BF3046984288BF60
:10614000024628BF1846974238BF3A460F9BB4EB29
:10615000534F05D80B9F322303EB5743634505D8B4
:10616000A4452AD80CF13203A34226D90C9F0AEB8E
:10617000080308443B4410449BB24AF6AB2780B264
:106180007B4378435B0C400C109F984203D800F18E
:106190003201994205D883420FD803F1320181427E
:1061A0000BD904EB0C011844490840082FAA22F827
:1061B000171029F8170001371097082005F074FD13
:1061C00040F25C00C2F2000004788046204601F0F4
:1061D00053F88346204601F04FF80746204601F069
:1061E0004BF80646204601F047F80546204601F0E8
:1061F00043F83A46BB4588BF5A4638BF5F463146EA
:10620000B74288BF394628BF37462B46AF4288BFC2
:106210003B4628BF2F46874298BF074608468A421A
:1062200088BF104638BF11461A46994288BF0A46B1
:1062300028BF19463B46B94288BF0B4628BF39469E
:106240001746904288BF074638BF024618469A4212
:1062500088BF104628BF1A46874238BF38461144C7
:10626000084480B24AF6AB21484398F801400F90A9
:10627000400C0E90204600F0FFFF8346204600F0C1
:10628000FBFF0746204600F0F7FF0646204600F0D9
:10629000F3FF0546204600F0EFFFBB45394688BFB7
:1062A000594638BF5F46B742B04688BFB84628BF98
:1062B0003746AF422A4688BF3A4628BF2F46874214
:1062C00098BF07464145404688BF084638BF8846C4
:1062D0009045924688BFC24628BF9046B845394689
:1062E000524688BF414628BFB846504588BF02463F
:1062F00038BF824608468A4588BF504628BF8A462E
:1063000040F25C01C2F200010C78824238BF1046B4
:106310000C90204600F0B0FF8346204600F0ACFF12
:106320000746204600F0A8FF0646204600F0A4FFDE
:106330000546204600F0A0FF3A46BB4588BF5A46B6
:1063400038BF5F463146B74288BF394628BF374617
:106350002B46AF4288BF3B4628BF2F46874298BF97
:10636000074608468A4288BF104638BF11461A467B
:10637000994288BF0A4628BF19463B46B94288BFA2
:106380000B4628BF39461746904288BF074638BF9C
:10639000024618469A4288BF104628BF1A468742CE
:1063A00038BF38461144084480B24AF6AB21414315
:1063B00040F25C00C2F200004478480C0D90204688
:1063C0000B9100F059FF8346204600F055FF074629
:1063D000204600F051FF0646204600F04DFF0546DE
:1063E000204600F049FFBB453A46DDE90D4C88BF29
:1063F0005A4638BF5F46B742314688BF394628BF44
:106400003746AF422B4688BF3B4628BF2F468742C0
:1064100098BF07468A420E4688BF164638BF1146C7
:106420009942184688BF084628BF1946B9423B46DC
:1064300088BF0B4628BF3946864207461A4688BFA2
:10644000374638BF3046984288BF024628BF1846B4
:10645000974238BF3A460F9BB4EB534F05D80B9F7A
:10646000322303EB5743634505D8A4452AD80CF1E2
:106470003203A34226D90C9F0AEB080308443B448D
:1064800010449BB24AF6AB2780B27B4378435B0C47
:10649000400C109F984203D800F13201994205D870
:1064A00083420FD803F1320181420BD904EB0C0176
:1064B0001844490840082FAA22F8171029F8170095
:1064C00001371097082005F0EFFB40F25C00C2F2A4
:1064D000000004788046204600F0CEFE8346204629
:1064E00000F0CAFE0746204600F0C6FE06462046DB
:1064F00000F0C2FE0546204600F0BEFE3A46BB450F
:1065000088BF5A4638BF5F463146B74288BF3946D2
:1065100028BF37462B46AF4288BF3B4628BF2F4691
:10652000874298BF074608468A4288BF104638BF50
:1065300011461A46994288BF0A4628BF19463B466B
:10654000B94288BF0B4628BF39461746904288BFDC
:10655000074638BF024618469A4288BF104628BFF1
:106560001A46874238BF38461144084480B24AF67A
:10657000AB21484398F801400F90400C0E90204604
:1065800000F07AFE8346204600F076FE074620465D
:1065900000F072FE0646204600F06EFE05462046DC
:1065A00000F06AFEBB45394688BF594638BF5F4692
:1065B000B742B04688BFB84628BF3746AF422A46E2
:1065C00088BF3A4628BF2F46874298BF07464145B5
:1065D000404688BF084638BF88469045924688BFE7
:1065E000C24628BF9046B8453946524688BF414604
:1065F00028BFB846504588BF024638BF8246084685
:106600008A4588BF504628BF8A4640F25C01C2F2E4
:1066100000010C78824238BF10460C90204600F0F2
:106620002BFE8346204600F027FE0746204600F05A
:1066300023FE0646204600F01FFE0546204600F0D9
:106640001BFE3A46BB4588BF5A4638BF5F463146B7
:10665000B74288BF394628BF37462B46AF4288BF6E
:106660003B4628BF2F46874298BF074608468A42C6
:1066700088BF104638BF11461A46994288BF0A465D
:1066800028BF19463B46B94288BF0B4628BF39464A
:106690001746904288BF074638BF024618469A42BE
:1066A00088BF104628BF1A46874238BF3846114473
:1066B000084480B24AF6AB21414340F25C00C2F28A
:1066C00000004478480C0D9020460B9100F0D4FD5A
:1066D0008346204600F0D0FD0746204600F0CCFD62
:1066E0000646204600F0C8FD0546204600F0C4FDE1
:1066F000BB453A46DDE90D4C88BF5A4638BF5F4678
:10670000B742314688BF394628BF3746AF422B468D
:1067100088BF3B4628BF2F46874298BF07468A421C
:106720000E4688BF164638BF11469942184688BFA4
:10673000084628BF1946B9423B4688BF0B4628BFCA
:106740003946864207461A4688BF374638BF304624
:10675000984288BF024628BF1846974238BF3A463B
:106760000F9BB4EB534F05D80B9F322303EB5743DA
:10677000634505D8A4452AD80CF13203A34226D993
:106780000C9F0AEB080308443B4410449BB24AF6B2
:10679000AB2780B27B4378435B0C400C109F984240
:1067A00003D800F13201994205D883420FD803F192
:1067B000320181420BD904EB0C011844490840080E
:1067C0002FAA22F8171029F8170001371097082070
:1067D00005F06AFA40F25C00C2F2000004788046DC
:1067E000204600F049FD8346204600F045FD07465F
:1067F000204600F041FD0646204600F03DFD0546DE
:10680000204600F039FD3A46BB4588BF5A4638BF9E
:106810005F463146B74288BF394628BF37462B46C8
:10682000AF4288BF3B4628BF2F46874298BF0746E6
:1068300008468A4288BF104638BF11461A46994218
:1068400088BF0A4628BF19463B46B94288BF0B4657
:1068500028BF39461746904288BF074638BF0246D0
:1068600018469A4288BF104628BF1A46874238BF4A
:1068700038461144084480B24AF6AB21484398F8A0
:1068800001400F90400C0E90204600F0F5FC83462E
:10689000204600F0F1FC0746204600F0EDFC0646DD
:1068A000204600F0E9FC0546204600F0E5FCBB452B
:1068B000394688BF594638BF5F46B742B04688BFA1
:1068C000B84628BF3746AF422A4688BF3A4628BF57
:1068D0002F46874298BF07464145404688BF084635
:1068E00038BF88469045924688BFC24628BF90462A
:1068F000B8453946524688BF414628BFB84650453C
:1069000088BF024638BF824608468A4588BF50463F
:1069100028BF8A4640F25C01C2F200010C78824234
:1069200038BF10460C90204600F0A6FC8346204657
:1069300000F0A2FC0746204600F09EFC06462046DA
:1069400000F09AFC0546204600F096FC3A46BB450E
:1069500088BF5A4638BF5F463146B74288BF39467E
:1069600028BF37462B46AF4288BF3B4628BF2F463D
:10697000874298BF074608468A4288BF104638BFFC
:1069800011461A46994288BF0A4628BF19463B4617
:10699000B94288BF0B4628BF39461746904288BF88
:1069A000074638BF024618469A4288BF104628BF9D
:1069B0001A46874238BF38461144084480B24AF626
:1069C000AB21414340F25C00C2F200004478480C25
:1069D0000D9020460B9100F04FFC8346204600F0BE
:1069E0004BFC0746204600F047FC0646204600F0D8
:1069F00043FC0546204600F03FFCBB453A46DDE936
:106A00000D4C88BF5A4638BF5F46B742314688BFF3
:106A1000394628BF3746AF422B4688BF3B4628BF82
:106A20002F46874298BF07468A420E4688BF1646C1
:106A300038BF11469942184688BF084628BF1946F4
:106A4000B9423B4688BF0B4628BF394686420746B7
:106A50001A4688BF374638BF3046984288BF02463C
:106A600028BF1846974238BF3A460F9BB4EB534FA6
:106A700005D80B9F322303EB5743634505D8A44544
:106A800032D80CF13203A3422ED90C9F0AEB080333
:106A900008443B4410449BB24AF6AB2780B27B4388
:106AA00078435B0C400C40F60048DDF840B098425B
:106AB000C4F2020803D800F13201994205D883429A
:106AC0000FD803F1320181420BD904EB0C011844B9
:106AD000490840082FAA22F81B1029F81B000BF1C7
:106AE000010B08200BE000BF40F60048DDF840B085
:106AF000C4F20208082002E02F390000052005F04A
:106B0000D3F840460821FAF7CDFF0028F6D0BBF1B4
:106B1000030F4BD2089916A830F811700DF14600FA
:106B200040F2B04A30F81150C2F2000A4FF6FF703E
:106B3000AAF80000A7F10E0007F10F0184B2CDF80A
:106B400040B01FFA81FB204629465A462B46FCF7E7
:106B5000A7F9A5F10E0005F10F0186B21FFA81F821
:106B6000384631463A464346FCF79AF94FF4967058
:106B700005F09AF84FF47840AAF80000204629461C
:106B80005A46DDF840B02B46FCF78AF938463146C4
:106B90003A46434640F60048C4F20208FCF780F942
:106BA000BBF1030FFEF4F7AFFEF77CBFBDF8BE00EC
:106BB000BDF8BC100A9A814284BFADF8BE100DF139
:106BC000BC021080BDF8C000BDF8BE200999824209
:106BD0000AD9BDF8BC300A99ADF8C020834284BF01
:106BE000ADF8BE300DF1BC01BBF1030F08803DD004
:106BF000BDF8C200BDF8C0300599834211D9BDF877
:106C0000BE2009998242ADF8C2300AD9BDF8BC3025
:106C10000A99ADF8C020834284BFADF8BE300DF1B3
:106C2000BC01BBF1040F088020D0BDF8C400BDF842
:106C3000C2300499834218D9BDF8C0200599824218
:106C4000ADF8C43011D9BDF8BE3009998342ADF812
:106C5000C2200AD9BDF8BC200A99ADF8C0308242E2
:106C600084BFADF8BE200DF1BC010880ABF102007D
:106C70000328ABF1010C80F0B18001241CF003016A
:106C800000F09D8039F814202346204609EB430785
:106C900037F8026C964226D9431E1D063E8021D04D
:106CA000DBB209EB430737F8026C96421BD9831E0F
:106CB0001D063E8016D0DBB209EB430737F8026CA5
:106CC000964210D9C31E1D063E800BD0DBB209EBE5
:106CD000430737F8026C964205D90438C3B2002B3B
:106CE0003E80D3D10023012929F8132067D0631CEB
:106CF00039F81320184609EB430737F8026C96421F
:106D000026D9431E1D063E8021D0DBB209EB430786
:106D100037F8026C96421BD9831E1D063E8016D0A2
:106D2000DBB209EB430737F8026C964210D9C31E59
:106D30001D063E800BD0DBB209EB430737F8026C2F
:106D4000964205D90438C3B2002B3E80D3D100232C
:106D5000022929F8132032D0A11C39F811000A4663
:106D600009EB410333F8027C874226D9511E0E06F7
:106D70001F8021D0C9B209EB410333F8027C87425E
:106D80001BD9911E0E061F8016D0C9B209EB410314
:106D900033F8027C874210D9D11E0E061F800BD01B
:106DA000C9B209EB410333F8027C874205D9043AA2
:106DB000D1B200291F80D3D1002129F811000BF096
:106DC0001E002FA9095A39F8000006910790BBF15F
:106DD000030FFEF4E0AEFEF765BE00BF2CF0030E1D
:106DE0000023012409E000BF00260433734504F1A9
:106DF000040429F816703FF441AF39F814702546A1
:106E0000204609EB450636F8021CB94226D9451E34
:106E10002A06318021D0EDB209EB450131F8026C30
:106E2000BE421BD9851E2A060E8016D0EDB209EB94
:106E3000450131F8026CBE4210D9C51E2A060E80EB
:106E40000BD0EDB209EB450636F8021CB94205D964
:106E50000438C5B2002D3180D3D1002529F8157032
:106E6000661C39F81670304609EB460535F8021CE9
:106E7000B94226D9461E3206298021D0F6B209EB46
:106E8000460131F8025CBD421BD9861E32060D80D8
:106E900016D0F6B209EB460131F8025CBD4210D9BA
:106EA000C61E32060D800BD0F6B209EB460535F84A
:106EB000021CB94205D90438C6B2002E2980D3D1AC
:106EC000002629F81670A61C39F81670304609EB12
:106ED000460535F8021CB94226D9461E32062980DD
:106EE00021D0F6B209EB460131F8025CBD421BD954
:106EF000861E32060D8016D0F6B209EB460131F837
:106F0000025CBD4210D9C61E32060D800BD0F6B20F
:106F100009EB460535F8021CB94205D90438C6B25A
:106F2000002E2980D3D1002629F81670E61C39F8E6
:106F30001670304609EB460535F8021CB9427FF65B
:106F400054AF461E320629803FF44EAFF6B209EB2D
:106F5000460131F8025CBD427FF647AF861E32061D
:106F60000D803FF441AFF6B209EB460131F8025C07
:106F7000BD427FF63AAFC61E32060D803FF434AFF5
:106F8000F6B209EB460535F8021CB9427FF62DAF83
:106F90000438C6B2002E2980CCD125E7BDF870A0F8
:106FA000BDF86E40BDF87830BDF876600AEB03009E
:106FB00004FB04F21090BDF87E0006FB0622BDF82B
:106FC000867000FB0022BDF88E5007FB0722BDF83B
:106FD00096C005FB0522BDF89EE00CFB0C22BDF817
:106FE000A6800EFB0E22BDF8AE9008FB08220AFB1D
:106FF0000AF109FB092203FB031100EE102AA21972
:1070000002443A442A44BDF880B0624472440BFB07
:107010000B11CDE90E644244BDF888404A440D90FE
:1070200001EE102A109804FB0411BDF8902058447A
:1070300002FB0216BDF89810204409940A921044ED
:1070400001FB0164BDF8A0200B91084402FB02443F
:10705000BDF8A810B8EE402AB8EE411AB2EE020A06
:1070600001FB0144BDF8B06021EE013A22EE002A96
:10707000104432EE432A1091084406FB0641B5EE57
:10708000402AF1EE10FA30440C925BD00590BDF826
:107090006A0006910F99BDF87240CDF820B000FB50
:1070A00001FB0E99079604FB01B6BDF87AB00D9965
:1070B000BDF882200BFB01660F9302FB0766BDF84B
:1070C0008A70BDF89A3007FB0565BDF892602044D0
:1070D00006FB0C55584403FB0E5CBDF8A25010444F
:1070E000384405FB08CCBDF8AA103044184401FB15
:1070F00009CC2844084403EE10CA04EE100AB8EE86
:10710000433AB8EE444A24EE015A23EE003A33EEF5
:10711000453A83EE022A40F25C01C2F20001DDF83A
:1071200020B0079E0F9B22EE011A34EE411A81EE29
:10713000001A81ED072ABDEEC11A11EE100A8884EB
:107140000598069901EE101AB8EE412A01EE100AD0
:10715000B8EE411A21EE013A22EE002A32EE432A1D
:10716000B5EE402AF1EE10FA52D0BDF86C00BDF831
:10717000741000FB0AF201FB0322BDF87C300844C6
:1071800003FB0B21BDF884201844099B104402FB2B
:107190000311BDF88C300A9A184403FB0211BDF8A4
:1071A00094200B9B104402FB0311BDF89C300C9AF9
:1071B000184403FB0211BDF8A420109B104402FBED
:1071C0000311BDF8AC3003FB0611184403EE101A8E
:1071D00004EE100AB8EE433AB8EE444A24EE015ADF
:1071E00023EE003A33EE453A83EE022A40F25C0386
:1071F000C2F2000322EE011A34EE411A81EE000AB7
:1072000083ED082ABDEEC00A10EE100AD88406E00D
:1072100040F25C03C2F2000393ED082AD88CDA69CD
:1072200040F270442F929A8C40F2B048029E40F295
:107230008807019D0021ADF8C6002FA8C2F2000406
:10724000C2F20008C2F2000783F828108DED302A40
:10725000ADF8C4208DF8C810F9F7C8FC10B1F9F7E3
:107260000DFBE060F9F70AFBE060A8F800603D80E4
:1072700033B0BDE8F08F0000F0B581B040F60004F7
:10728000C4F20204054620464FF480610022FAF75A
:107290000FFC20464FF480510022FAF709FC2046EB
:1072A0004FF400610022FAF703FC284600F040FB8F
:1072B000062004F0FBFC20464FF480610022FAF720
:1072C000F7FB012004F0F2FC20464FF4806101221C
:1072D000FAF7EEFB012004F0E9FC20464FF4806150
:1072E0000022FAF7E5FB20464FF480610022FAF70E
:1072F000DFFB012004F0DAFC20464FF4806101221C
:10730000FAF7D6FB04F5806528460421FAF7CAFB94
:107310000138B0FA80F0460920464FF4806100221F
:10732000FAF7C6FB012004F0C1FC20464FF480614F
:107330000122FAF7BDFB28460421FAF7B3FB013816
:10734000B0FA80F0400940EA460620464FF48061DA
:107350000022FAF7ADFB012004F0A8FC20464FF410
:1073600080610122FAF7A4FB28460421FAF79AFB70
:107370000138B0FA80F04009B10041EA40062046E9
:107380004FF480610022FAF793FB012004F08EFC99
:1073900020464FF480610122FAF78AFB2846042137
:1073A000FAF780FB0138B0FA80F040090644204625
:1073B0004FF480610022FAF77BFB012004F076FC99
:1073C00020464FF480610122FAF772FB284604211F
:1073D000FAF768FB0138B0FA80F04009B10041EAE1
:1073E000400620464FF480610022FAF761FB01203D
:1073F00004F05CFC20464FF480610122FAF758FB50
:1074000028460421FAF74EFB0138B0FA80F0400913
:10741000064420464FF480610022FAF749FB012020
:1074200004F044FC20464FF480610122FAF740FB4F
:1074300028460421FAF736FB0138B0FA80F04009FB
:10744000B10041EA400620464FF480610022FAF77D
:107450002FFB012004F02AFC20464FF4806101221A
:10746000FAF726FB28460421FAF71CFB0138B0FA8C
:1074700080F04009064420464FF480610022FAF76C
:1074800017FB012004F012FC20464FF4806101221A
:10749000FAF70EFB28460421FAF704FB0138B0FA8C
:1074A00080F04009B10041EA400620464FF4806177
:1074B0000022FAF7FDFA012004F0F8FB20464FF411
:1074C00080610122FAF7F4FA28460421FAF7EAFA71
:1074D0000138B0FA80F04009064420464FF480613C
:1074E0000022FAF7E5FA012004F0E0FB20464FF411
:1074F00080610122FAF7DCFA28460421FAF7D2FA71
:107500000138B0FA80F04009470020464FF480610E
:107510000022FAF7CDFA012004F0C8FB20464FF410
:1075200080610122FAF7C4FA28460421FAF7BAFA70
:107530000138B0FA80F0400966F38B073E18204608
:107540004FF480610022FAF7B3FA012004F0AEFB99
:1075500020464FF480610122FAF7AAFA2846042156
:10756000FAF7A0FA20464FF480610022FAF7A0FA59
:10757000012004F09BFB20464FF480610122FAF7C2
:1075800097FA28460421FAF78DFA20464FF48061D5
:107590000022FAF78DFA012004F088FB20464FF410
:1075A00080610122FAF784FA28460421FAF77AFA70
:1075B00020464FF480610022FAF77AFA012004F0A5
:1075C00075FB20464FF480610122FAF771FA2846D4
:1075D0000421FAF767FA20464FF400610122FAF716
:1075E00067FA304601B0F0BD2DE9F04F81B040F2AE
:1075F0005C0BC2F2000B9BF800708146384600918C
:10760000FFF73AFE82463846FFF736FE0646384612
:10761000FFF732FE05463846FFF72EFE0446384691
:10762000FFF72AFEB245324688BF524638BF56465B
:10763000AE42294688BF314628BF2E46A642234681
:1076400088BF334628BF2646864298BF06468A42F0
:10765000084688BF104638BF114699421A4688BF6F
:107660000A4628BF1946B1423346174688BF0B4623
:1076700028BF3146904288BF074638BF02461846A9
:107680009A4288BF104628BF1A46874238BF3846FC
:107690001144084480B24AF6AB289BF8014000FB35
:1076A00008F04FEA504B2046FFF7E6FD82462046A1
:1076B000FFF7E2FD06462046FFF7DEFD07462046BF
:1076C000FFF7DAFD05462046FFF7D6FDB245324604
:1076D00088BF524638BF5646BE42394688BF3146FB
:1076E00028BF3E46AE422B4688BF334628BF2E46B3
:1076F000864298BF06468A42084688BF104638BF71
:10770000114699421A4688BF0A4628BF1946B14217
:107710003346174688BF0B4628BF3146904288BF84
:10772000074638BF024618469A4288BF104628BF0F
:107730001A46874238BF38461144084480B200FBDD
:1077400008F0009A410CA9F800B00120118001B0A6
:10775000BDE8F08F80B584B040F25C00C2F200005A
:1077600000F11C0390F828000ECB8DF80C00684641
:10777000CDE900120293F9F739FA30B1F9F77EF842
:1077800040F27041C2F20001C86004B080BD000048
:1077900040F27041C2F200014978002904BF002084
:1077A000704710B582B0044640F60040C4F20200B3
:1077B0000821FAF777F988B140F25C01C2F20001C2
:1077C00091F91800B0F1FF3F40DD00224FF0FF3388
:1077D000C1E9042300F0800002B010BD0DF10600E5
:1077E00001A9DCB3FFF700FF0DF102006946FFF7C6
:1077F000FBFEBDF80200BDF80610884203D800F178
:1078000032028A4206D8814200F2818001F13202BE
:1078100082427CD9BDF80020BDF804309A4203D8DA
:1078200002F132049C4205D8934270D803F132042D
:1078300094426CD9084440F25C014008C2F2000155
:10784000888298184008C88261E000BF00F07F007D
:10785000087600F0800002B010BD00BFFFF7C4FE44
:107860000DF102006946FFF7BFFEBDF80200BDF84A
:107870000610884203D800F132028A4205D88142BC
:1078800045D801F13202824241D9BDF80020BDF84D
:1078900004309A4203D802F132049C4205D8934244
:1078A00035D803F13204944231D90844991840F292
:1078B0005C024008C2F2000200EE100AB2F9240095
:1078C00092ED072AB8EE400A01EE100AB8EEC11A8E
:1078D00022EE000A30EE010ABDEEC00A10EE100AD8
:1078E00049089082B2F9260092ED083A00EE101A8B
:1078F000B8EE400A01EE100AB8EEC11A23EE000AF3
:1079000030EE010ABDEEC00A10EE100AD08240F23D
:107910005C01C2F2000191F9180000283FF55AAF4E
:107920004A69C02008760A6100F0800002B010BDEC
:10793000B0B540F60004C4F202040546C209204670
:107940004FF48051FAF7B4F820464FF480610022DA
:10795000FAF7AEF8012004F0A9F920464FF480614F
:107960000122FAF7A5F8C5F3801220464FF48051A2
:10797000FAF79EF820464FF480610022FAF798F853
:10798000012004F093F920464FF480610122FAF7B8
:107990008FF8C5F3401220464FF48051FAF788F86B
:1079A00020464FF480610022FAF782F8012004F0AB
:1079B0007DF920464FF480610122FAF779F8C5F38A
:1079C000001220464FF48051FAF772F820464FF427
:1079D00080610022FAF76CF8012004F067F9204674
:1079E0004FF480610122FAF763F8C5F3C002204624
:1079F0004FF48051FAF75CF820464FF48061002282
:107A0000FAF756F8012004F051F920464FF480614E
:107A10000122FAF74DF8C5F3800220464FF4805159
:107A2000FAF746F820464FF480610022FAF740F852
:107A3000012004F03BF920464FF480610122FAF75F
:107A400037F8C5F3400220464FF48051FAF730F87A
:107A500020464FF480610022FAF72AF8012004F052
:107A600025F920464FF480610122FAF721F805F04C
:107A7000010220464FF48051FAF71AF820464FF4DD
:107A800080610022FAF714F8012004F00FF9204673
:107A90004FF480610122BDE8B040FAF709B8000058
:107AA000FEE700002DE9F04F81B08946834610447F
:107AB000194486B28FB20A9C304639469A4690469F
:107AC000FCF758F82046FCF7C9FCABEB080085B280
:107AD00028463946FCF74EF82046FCF7BFFCA9EBD8
:107AE0000A0087B230463946FCF744F82046FCF7D6
:107AF000B5FC28463946FCF73DF82046FCF7AEFCBD
:107B00000AEB0B0008EB090185B28EB2284631461C
:107B1000FCF730F82046FCF7A1FCABEB0A0087B27B
:107B200038463146FCF726F82046FCF797FCA9EBCF
:107B3000080086B228463146FCF71CF82046FCF7C0
:107B40008DFC38463146FCF715F8204601B0BDE8FB
:107B5000F04FFCF783BC0000B0B540F20044C2F225
:107B600000042046442101F065FC4AF6D560C0F6C9
:107B700000001E21002229F0CBFD40F2A435C2F204
:107B80000005686001202870204601F01DFC0146B8
:107B9000686829B129F0BAFE00202870B0BD00BF86
:107BA00029F0A4FE00202870B0BD00002DE9F043AC
:107BB000B1F900E0B2F90470BE4511DCB1F904C0BE
:107BC000B2F90060B4450BDBB1F90250B2F90640DE
:107BD000A54205DCB1F90680B2F90230984503DA16
:107BE000FF2358B2BDE8F083B64509DBAB4207DCA2
:107BF000BC4505DCA04503DC002358B2BDE8F0839A
:107C00005E1B36B2012EA8EB05090BDBA0F800E0E5
:107C10004580A0F804C0C380D4884D88B1F80680A0
:107C2000012300E00023A9EB04062E4436B2012E06
:107C300015DB0FFA88F627B2B74210DA0E888F8864
:107C400005EB090800EBC30520F833606C80AF80BA
:107C5000A5F806804D88D488B1F806800133B2F9C2
:107C600002602DB2AE42C8BF354626B20FFA88F484
:107C7000A642B8BF3446661B36B2012E0E88ACEB66
:107C80000E0C10DBB2F800E0AEEB06073FB2012F9E
:107C900009DB00EBC30720F833607D80A7F804E020
:107CA000FC800E8801339188ACEB0102324412B2A1
:107CB000012A09DB06EB0C0200EBC30720F83310A6
:107CC00001337D80BA80FC8058B2BDE8F0830000AB
:107CD000F0B50346B1F90000B2F90050B1F902C0A5
:107CE000B2F90260B1F904E0B2F90470A842B1F946
:107CF0000640B2F90610C8BF0546B4451D80C8BF8E
:107D00006646BE455E80B8BF77468C4230B29F80E3
:107D1000B8BF21460AB20026BD424FF00007D8BFC7
:107D200001279042D8BF012607EA0600D980F0BD9E
:107D30002DE9F04381B0B0F90070B1F900309F42F5
:107D40003EDBB0F90250B1F902309D4238DBB0F9A8
:107D50000460B1F904309E4232DCB0F90640B1F95A
:107D6000060084422CDC7AB36B46884608461946E6
:107D7000ADF80070ADF80250914600F099F8F8B1F6
:107D8000694640464A46ADF80060ADF8025000F042
:107D90008FF8A8B1694640464A46ADF80070ADF884
:107DA000024000F085F858B1694640464A46ADF8B1
:107DB0000060ADF8024000F07BF801B0BDE8F08350
:107DC000002001B0BDE8F083012001B0BDE8F083E0
:107DD000B0F90020B1F904309A4213DCB0F9042064
:107DE000B1F900309A420DDBB0F90220B1F906304A
:107DF0009A4207DCB0F90600B1F902108842A4BF2C
:107E000001207047002070472DE9F04381B0B0F9A0
:107E10000460B1F900309E4211DBB0F90670B1F98F
:107E200002309F420BDBB0F90040B1F904309C42B4
:107E300005DCB0F90250B1F90600854204DD0120ED
:107E400001B0BDE8F08300BFFAB16B468846084632
:107E50001946ADF80040ADF80250914600F028F800
:107E600098B9694640464A46ADF80060ADF8025000
:107E700000F01EF848B9694640464A46ADF8004051
:107E8000ADF8027000F014F820B1002001B0BDE898
:107E9000F08300BF694640464A46ADF80060ADF841
:107EA000027000F005F880F0010001B0BDE8F08339
:107EB0002DE9F041B1F90030B0F90040A3420DDBEB
:107EC000B0F904E0734509DCB1F90210B0F902C061
:107ED000614503DBB0F90650A94203DD0020BDE88F
:107EE000F08100BF012A54DBAEEB0400013086B202
:107EF00000EBD63006B2A5EB0C00013087B200EBE8
:107F0000D73007B24FEA66087810B8EB670FB8BFF2
:107F100070108242B8BF1046021917B200EB0C0273
:107F2000BB4216B2D8BFB14216DD2A1ABB4212B20A
:107F30002ADC914228DB07443FB23F1B07EBD7778F
:107F40007E1004EB6705084402EB67015B1B401AD7
:107F500006FB06F10EE000BF384400B2001B00EB48
:107F6000D070421004EB60070CEB6000DB1B081ABA
:107F700002FB02F113FB03F210FB002200208A42F5
:107F800098BF0120BDE8F081AEEB000424B2A3420B
:107F900002DA0120BDE8F08191421BDAB142F8DC3F
:107FA000201A02B2AEEB020202EBD27200EB6200C8
:107FB0005710181A0CEB6202891A10FB00F007FB2D
:107FC00007F211FB01010020914298BF0120BDE89A
:107FD000F08100BF271A3EB2AEEB060606EBD6765E
:107FE000751007EB6607084402EB6601DB1B401ABD
:107FF00005FB05F1BEE7000070B5B1F90030B2F93C
:108000000040B1F902C0B2F90250B1F904E0B2F98E
:108010000460A342B1F90610B2F90620B8BF1C46AD
:10802000AC450480B8BF6546B6454580C8BF7646B6
:1080300086809142C8BF0A46C28070BD2DE9F04FCC
:1080400091B0044629F0ECFA40F2D8290021C2F29E
:108050000009039008914CB1E1682046C9F800106E
:1080600029F044FCD9F8000004E000BF0FF0DAF971
:10807000C9F80000006925F07BFBD9F800104869B9
:1080800018B125F075FBD9F80010C86925F070FB10
:10809000D9F80000006A25F06BFBD9F800100869D8
:1080A000002800F0DD80B1F85001002856D00027EC
:1080B0004FF001080DF1240A012004E0B1F850014D
:1080C000013787424AD20028F8D0C81990F8300109
:1080D0000028F3D1002504E0B1F8500101358542B4
:1080E000ECD2BD42F8D0481990F830010028F3D105
:1080F000303101EBC70001EBC501FFF769FED9F88C
:1081000000100028E8D001F1300000EBC70100EBBF
:10811000C5025046FFF770FF50460BF0CDFBD9F873
:108120000010044601EBC70030300BF0C5FBD9F856
:108130000010064601EBC50030300BF0BDFB3044AB
:10814000D9F800108442C7D2099A0A9B01EBC700F4
:1081500002634363481980F83081BDE70868027CF8
:10816000D20700F0AB80C0684068002800F0A6800D
:1081700001F5AC7001F0C8F9D9F80010002840F002
:108180009D800868C068036882689A4208BF436897
:108190000846CDE906320FF05FF9D9F800100590D6
:1081A000B1F850210020002ACDE90F00CDE90D00E3
:1081B000CDE90B00CDE9090058D00DF1240BABF14E
:1081C000080A4FF0000807E0D9F8001008F101088C
:1081D000B1F85001804549D201EB080090F8300118
:1081E0000028F1D101F5AC7001F0EEF80028EBD0D9
:1081F00004460CE0D9F80000214600F5AC7001F00F
:108200008DF920461EF056FD002D2C46DCD0D9F805
:108210000000214600F5AC7001F0FEF8D9F800101E
:10822000054601EBC80000F1300258462146FFF731
:10823000BDFC06460130E7D0012EDBDB574600BF10
:10824000D9F80000214600F5AC7001F013F957F899
:10825000081F013E7A6801604260F1D1CAE700BFA1
:108260000020A1F8500111B0BDE8F08F01F5AC700D
:1082700001F0AAF80DF1140898E86001B0B10446C5
:10828000D9F80000414600682A46C06B2346876B38
:10829000CDE900650294B847D9F80000214600F501
:1082A000AC7001F0B9F804460028E9D1D9F8000013
:1082B00000F5AC7001F056F8D9F80010B1F8508113
:1082C0000020B8F1000FC9F8040000F0B181B8F146
:1082D000010F1DDB01EB080090F82F21F2B1B8F17E
:1082E000010F15D090F82E21F2B1B8F1030F0FD382
:1082F00090F82D21002A00F0A581B8F1030F07D0D6
:1083000090F82C01A8F104080028E0D10EE000BF8D
:108310004FF000080868426B5AB90EE0A8F1010856
:108320000868426B2AB908E0A8F102080868426BA5
:108330001AB19047D9F800100868C068826922F025
:10834000010282610868C068826922F002028261CB
:10835000B1F8502191F82800002A40F0040281F879
:10836000282000F061810025CDF8108014E000BFC6
:10837000DDE90485D9F8000000EBC50030300BF0D2
:108380009BFAD9E900121044C9F80400B1F8500171
:108390000135854280F0FC80481990F830010028B2
:1083A000F4D1454505D10868C068826942F00102F0
:1083B00082610868C068826922F0020282610868EE
:1083C000C268C66B92683260007C01EBC502800710
:1083D00002F1300B20D008460FF03EF8D9F800101B
:1083E000441E08460FF08EF8013823B209AC07B2DC
:1083F00020460021002200970BF098FAD9F80000DF
:1084000074600068D0E903018269890716D4816924
:1084100062F3410115E000BF0595BBF800A0BBF871
:108420000450BBF80280BBF9064008460FF06AF81A
:1084300084420DDABBF806700FE000BF42F0020183
:10844000A34681613046C6F808B02BF0CBF991E71E
:10845000D9F800000FF056F8471ED9F80010A5EB28
:108460000A0009680130CB68A4EB0802DB6800B29F
:108470000132B3FBF0F089690FFA82FA5045B8BFB8
:10848000824609B3002055460990ADF8280000BF88
:108490006C1ED9F80000ADF82A40006809A982696D
:1084A0009047BDF82610BDF92A00411A013109B2E2
:1084B0008A4502DA25B2002DEADC29B24FF0000A23
:1084C0000029C8BF00F1010ABBF90220AAF101008E
:1084D000CDF81CB00FFA87FB81180690594590B271
:1084E00022DD0025A9B2BAB28A423FF441AF079A11
:1084F0001188ADF824109188ADF82600ADF8281049
:1085000009A9D9F80000ADF82A707160B16000685F
:10851000C06881683160816941F002018161304643
:108520002BF060F924E700BF0AEB02080CE000BF63
:1085300030462BF057F90699404601FA88F10AFABD
:1085400088F859452746CDDC079B0DB21A88AB4504
:10855000ADF824209A88ADF82600ADF8282009AAA5
:10856000D9F80000ADF82A107260B2600068BAB2A3
:10857000C0683C4681683160BCBFADF82A703D469A
:10858000A9B28A42D4D1816941F002018161CFE769
:1085900091F82820002802F0FB0281F8282047D01B
:1085A0000868027CD2071FD0C0684068E0B14FF471
:1085B0009874302509E000BF0134B1F85001A4F5EA
:1085C0009872824205F108050ED2085D0028F3D1A9
:1085D00001F5AC7000F07EFFD9F800104A1952681E
:1085E0004B5942600360E7E701F130004FF48071BE
:1085F0001EF0C6FFD9F80000202100F598701EF08B
:10860000BFFFD9F800000021A0F85011039828F00E
:10861000EFFF0890D9F800000068436A43B1089959
:10862000D9F80420984703E000F0FB0081F8280007
:108630001EF060F900F052F800F00CF811B0BDE83F
:10864000F08F00BFA8F103080868426B002A7FF48E
:1086500070AE72E610B540F2B444C2F20004206875
:10866000002818BF1EF026FB20461C211EF088FFA4
:10867000E069002818BF1EF01DFB04F11C001C213E
:108680001EF07EFFA06B002818BF1EF013FB04F144
:1086900038001C211EF074FF606D002818BF1EF00A
:1086A00009FB04F154001C21BDE810401EF068BF16
:1086B00040F2E861C2F20001096804E00A7E42F07B
:1086C00001020A764969002908BF70474A68824258
:1086D000F4D00A688242F5D1F0E70000704700004C
:1086E00040F2F430C2F20000042100F0A3BE00000A
:1086F00040F20C40C2F20000202100F09BBE0000BE
:108700002DE9F04F85B00E9E1D46002B834608BF15
:10871000B6F5807F68D0DDF83C800023019301A886
:10872000ADF80810CDF80A30ADF80E20ADF81010F5
:10873000ADF81220294632464346071D00F10809CC
:1087400000F10C0A25F068F83846294632464346BF
:1087500025F062F8484629463246434625F05CF843
:10876000504629463246434625F056F8BDF90410D6
:10877000BDF90870BDF90C60BDF91040B94238462A
:10878000BDF906C0BDF90A30B8BF0846A642254665
:10879000B8BF3546A842B8BF0546B942C8BF0F4664
:1087A000A642C8BF3446A742C8BF3C46A11CBDF97B
:1087B0000E60BDF912409C451A46A5F10200B8BFF3
:1087C0006246A6422546B8BF3546AA42B8BF1546FE
:1087D0009C45C8BF6346A642C8BF3446AF1EA342ED
:1087E000C8BF1C46A21C03E00139013A0020002743
:1087F000ABF80000ABF80270ABF80410ABF8062041
:1088000005B0BDE8F08F0000F0B581B016460C460B
:10881000074628F005FFA2B240F2A454C2F20004B9
:1088200005462046394633461AF03CFD30B1E06932
:108830000021A16270B1204601B0F0BD20462C217C
:108840001EF09EFE4FF00040A0620024204601B0C2
:10885000F0BD00BF284628F0CBFE012898BF0120BC
:10886000E061204601B0F0BD10B540F21844C2F2FC
:1088700000042046142100F0DDFD204600F0E2FD5A
:10888000B0B1142104461EF07BFE42F20570C0F622
:10889000020042F2F57142F6B13242F2CD63C0F607
:1088A0000201C0F60202C0F602030FC410BD00BFF1
:1088B000FEE70000B0B50C460546084610211EF044
:1088C0005FFE2868017804290AD0022906D0012910
:1088D00008D1A98A2180E98A618003E0E96800E083
:1088E0000A2161604268002A08BFB0BD2146BDE888
:1088F000B04010472DE9F04F8DB00446804634F863
:10890000140F20B9B8F81600002800F02B83D8F80F
:108910002C90B9F1000F43D04FF4807600274D46DC
:10892000284600216E2222F065F8074428460021DF
:108930006D2222F05FF801B2C90D50FA81F000B249
:1089400000124643284621F075FA05460028E7D173
:10895000380440F08D81B0B2B0F5807F40F088815E
:1089600098F8400000F00F00032840F09681484638
:1089700021F092FB0546484621F00CFBB4F90010AB
:108980000246032748462B46009706F0DBFD0546C6
:108990000026484621F0CCFAC10700F0958199E104
:1089A0001BF006FA0068B8F81410B8F81820037E17
:1089B0005018A8F81800B8F81600B8F81A10D8F827
:1089C00024700844002FA8F81A0000F0CB82584207
:1089D00007904FF0000900204FF0000A4FF0000B05
:1089E0000194039308900690CDF810804FF48076A0
:1089F00000243D46CDF83090284600216E2221F01B
:108A0000F9FF0444284600216D2221F0F3FF00B253
:108A100070430612284621F00DFA05460028EBD1D6
:108A2000D8F8180021040B9008BFB6F5807F0FD04E
:108A30004FF48031604291FBF6F201B20BA80CAB0F
:108A400024F0EAFEBDF82C00BDF82E1001E000BFB6
:108A5000010C02B280EAE230A0EBE2300AB281EA15
:108A6000E231A1EBE23180B289B288424FF00000DE
:108A70004FF0000188BF012098BF01214BEA010B94
:108A80004AEA000A3846102122F0D2F9002800F004
:108A9000CD803846CDF824A021F04AFA804600F077
:108AA00004000BEA900408F008000BEAD0063846F0
:108AB000CDF814B021F072FB8246384621F0D6F989
:108AC0008346384621F066FA8146384621F0E4FABA
:108AD000BAF1000FD8BFBBF1010F71DBBDF82E104A
:108AE000DDF80CE009B200227145A8BF0122079B06
:108AF000224099424FF00001D8BF0121314011437B
:108B0000069D18BF0C25089918BF39460891B9F180
:108B1000000FD8BF00285BDD099A08F0020108EABF
:108B2000020302EA510CBDF82C200694B9F1000FA3
:108B30004FF0000412B24FF000010296C8BF0124AA
:108B40007245A8BF0121079E1940B2424FF00006AE
:108B5000D8BF012606EA0C06314318BF0325089941
:108B600018BF3946089104EA0301012902D1724570
:108B700080F2048100284FF00001C8BF0121BBF141
:108B8000000F4FF00000C8BF0120BAF1000F4FF0F6
:108B9000000301EA0C01C8BF0123029C01290699C8
:108BA00000EA040001EA03014FF0000924D1079B09
:108BB000DDF824A0DDE9048B9A4223DCE4E000BF69
:108BC000069DDDF80CE0B9F1000FD8BF0028A3DC4A
:108BD000BBF1000F4FF000004FF00001C8BF0120B3
:108BE000BAF1000FC8BF0121DDF8108021403040EC
:108BF0004FF0000902E000BFDDF81080DDF824A08E
:108C0000DDF814B0BDF82E20002312B27245A8BFC3
:108C10000123079EB2424FF00002D8BF0122194241
:108C2000069508BF10EA020040F0A08038464FF4D5
:108C3000807122F0FDF8002804BF8AF001005FEA8D
:108C4000C07000F0AA8038464FF4007122F0F0F8AE
:108C5000002804BF8BF001005FEAC07000F09D8027
:108C6000384621F0E7F8074600287FF4BFAE94E0CD
:108C700030B24FF4803292FBF0F0794200220A9237
:108C800009B202B20AAB204624F0C6FD98F84000B3
:108C900000F00F0003283FF46AAE484621F07EFA48
:108CA0000546484621F0E2F8B8F9161003460C27AD
:108CB00048462A46009706F045FC064600254846E9
:108CC00021F036F9C10705D1002D03DD002541074C
:108CD00006D509E0810758BF25EAE575410703D4A9
:108CE000002E01DD002603E0000758BF26EAE676E5
:108CF000B8F91A10B8F9363001FA86F7B8F9180041
:108D0000B8F934205C1A9F42B8BF2646B8F93A3009
:108D1000B8BF01FA84F79F42C8BF5E1A00FA85F116
:108D2000131A9142B8BF1D46B8F93820B8BF00FAEF
:108D300083F19142C8BF151A36B22DB24846294672
:108D4000324600F03BFC98F80100800700F10A81F0
:108D5000B8F81800B8F81A102844A8F818008819AC
:108D6000A8F81A000DB0BDE8F08F00BF5FEACA7026
:108D70004FF00C0018BF032008E000BFDDF81080A2
:108D80000695032002E000BF0320069598F84010E6
:108D900001F0F001084488F84000DDF82090019CC3
:108DA000B9F1000F00F0DE8098F84000069900F05D
:108DB000F00001F00F01084488F8400000204EF256
:108DC0000107C8F8180048468021CFF6FF77C8F899
:108DD0002C9022F02DF8C8B1484621F0D7F903288D
:108DE0002ED002281ED0012848D1B9F8160041F62D
:108DF000FF72013001B24846002306F0FBFCA8F8E0
:108E00003600B9F81600013831E000BF08F134002F
:108E100041F6FF7639463A4641F6FF7300960AF06E
:108E200085FD79E0B9F91A10484641F6FF72002332
:108E300006F0E0FCA8F83600B9F91A2018E000BFE7
:108E4000B9F81600B9F81A100023091A01318AB2CC
:108E500001EBD23109B200EB6105681C01B2484652
:108E600041F6FF7206F0C6FCA8F83600681E02B292
:108E700048463946002306F0BDFC03E041F6FF708A
:108E8000A8F83670A8F83A00484621F077F9032888
:108E90001ED002280ED0012838D1B9F91410484646
:108EA00041F6FF72002306F005FCA8F83400B9F97A
:108EB000142025E0B9F91810484641F6FF72002346
:108EC00006F0F8FBA8F83400B9F9182018E000BF44
:108ED000B9F81400B9F818100023091A01318AB240
:108EE00001EBD23109B200EB6105681C01B24846C2
:108EF00041F6FF7206F0DEFBA8F83400681E02B2ED
:108F000048463946002306F0D5FB03E041F6FF70E2
:108F1000A8F83470A8F83800B8F8340009210028FF
:108F200008BFA8F83470B8F838000022002804BF41
:108F300041F6FF70A8F83800B8F83600002808BFDE
:108F4000A8F83670B8F83A00002804BF41F6FF7060
:108F5000A8F83A00484618F0A1F998F801008007EF
:108F60007FF5DAAC0DB0BDE8F08F00002DE9F047D9
:108F700082B0C56A002D00F03C81044690F84000A4
:108F8000000700F036811AF013FF82460068402186
:108F9000477E284621F04CFF002804BF0020E061F6
:108FA000284621F0EBF88046284621F0EFF894F8A7
:108FB0004010814601F00F01032945D00C2940F0F3
:108FC0001681E68B0020B9F1000FA08300F07E80AF
:108FD0001AF0EEFE002E4FF0000C00F0BF8000688B
:108FE00048F21F52407E0027C0F16400C5F2EB1228
:108FF00010FB06F353FB02F3591101EBD373190471
:10900000374400F0AC8010FB03F151FB02F14E112C
:1090100006EBD17631041F4400F0A18010FB06F16D
:1090200051FB02F14B1103EBD1731904374400F0EB
:10903000968010FB03F151FB02F14E1106EBD17645
:1090400031041F44D4D18AE0A68B0020B8F1000F70
:10905000E0835FD01AF0ACFE002E4FF0000C00F061
:10906000A180006848F21F52407E0027C0F16400D2
:10907000C5F2EB1210FB06F353FB02F3591101EB9F
:10908000D3731904374400F08E8010FB03F151FBB9
:1090900002F14E1106EBD17631041F4400F08380BB
:1090A00010FB06F151FB02F14B1103EBD1731904D4
:1090B000374478D010FB03F151FB02F14E1106EB5F
:1090C000D17631041F44D5D16DE000BF30B2C7F175
:1090D0006401484348F21F51C5F2EB1150FB01F007
:1090E000410901EBD070E083284620F0BFFE07461F
:1090F000284621F053F8B4F91E1002460C262846E3
:109100003B46009606F01EFA0246E0832846002100
:1091100000236AE030B2C7F16401484348F21F51AE
:10912000C5F2EB1150FB01F0410901EBD070A083B7
:10913000284620F02FFF0746284620F0ADFFB4F95F
:109140001C100346032628463A46009606F0FAF914
:109150000146A08328460022002346E00027B4F9F8
:109160001A00B4F93610B4F93A2000FA87F3A4F8DB
:109170001EC00E1A8B42BCBF374600FA86F34EF271
:1091800001019342C8BF171A3BB2CFF6FF712846C0
:1091900041F6FF7206F02EFB384402B22846002149
:1091A00022E000BF0027B4F91800B4F93410B4F974
:1091B000382000FA87F3A4F81CC00E1A8B42BCBFFB
:1091C000374600FA86F34EF201019342C8BF171AE0
:1091D0003BB2CFF6FF71284641F6FF7206F06AFAFD
:1091E000384401B228460022012323F0D3FCA08B8F
:1091F00010B102B0BDE8F087E08B0028F9D1B9F1D9
:10920000000F16D1284620F0C9FF0746284620F057
:109210002DFE002FD8BF01280BDB002F03D4B0F1A7
:10922000FF3F06DC47423AB228460021012323F0E3
:10923000B1FCB8F1000F16D1284620F0ABFE07466E
:10924000284620F029FF002FD8BF01280BDB002F74
:1092500003D4B0F1FF3F06DC474239B22846002272
:10926000012323F097FC28460A21524618F016F8ED
:1092700060788007BDD494F8400000F0F00084F8D6
:1092800040000020E06202B0BDE8F087F0B585B094
:1092900004460D4620B90EF0C5F8044600285ED0FD
:1092A00020460EF047F9002859D094F828004007CE
:1092B00055D40020C5B3029020460EF0CDF80138F9
:1092C000ADF80C0020460EF01DF90138ADF80E0087
:1092D000684602AA2946FEF7FBFC00283FD020681A
:1092E000017C890724D482690AB169469047B4F8A1
:1092F000500128B304F1300500276E463046294658
:109300000022FEF715FD50BBB4F85001013787422B
:1093100005F10805F2D31F2813D9DDE902016163C5
:109320000121206314E000BFA4F8500105B0F0BD96
:10933000DDE90201C4E90C016068012109E000BF18
:109340000020009A019B04EBC0010A634B63411C9F
:1093500060680028A4F8501118BF28F0D7FA05B0AB
:10936000F0BD000070B538B345680446002D08BF55
:1093700070BD002609E000BF002AA2600EBF666033
:1093800011444E601DF096FCB5B1D4E90013284697
:109390006A18556883420BD0A36812688342EBD0E9
:1093A000002A1CBF53185D6055B16A50EAE700BF40
:1093B00065601DB16E50E5E770BD00BF0021A16082
:1093C000BDE870401DF076BC002814BF4068002046
:1093D00070470000F0B14268E2B10168032000BFAD
:1093E0000A445268002A04BF023870470A4452688F
:1093F000002A04BF013870470A445268002A08BF97
:1094000070470A4452680430002A04BF033870478A
:10941000E6E700BF002070470068084440687047D6
:109420000068085870470000002814BF80680020BA
:10943000704700000331002221F00301C0E900124F
:109440008260704710B50446006808301DF034FA99
:10945000002808BF10BD21680022425062684318EE
:10946000002A5A6018BF5050A1686060002908BFE8
:10947000A06010BD70B5044600284FF0000013D066
:109480000D4689B1D4E9000608301DF015FAAE4248
:109490000CD0E8B121686A58002A1CBF53185860E4
:1094A0004318425068505D6070BD00BF4FF000022D
:1094B00070B12168425062684318002A5A6018BF90
:1094C0005050A1686060002918BF70BDA06070BDD9
:1094D000002070BD10B50446006808301DF0ECF99E
:1094E000002808BF10BD2168002342185360A268FD
:1094F000002A42501CBF114448606168A0600029E6
:1095000008BF606010BD000030B1416809B98068D3
:1095100010B10020704700BF01207047002808BF2D
:10952000704742688A4213D00268836851F802C0CB
:109530008B4219D088184068BCF1000F1CBF0CEB9F
:1095400002014860002818BF40F802C0704700BF01
:109550000268114449680029416007BF0021816009
:1095600000208850704700BF0021BCF1000FC0F8F8
:1095700008C018BF0CEB02004160704710B50446EC
:10958000006804E00068002808BF10BD2060826801
:10959000002AF7D0214690472068F3E7806800282A
:1095A00014BFC08A002000B2704700008068002805
:1095B0000EBF0020807E80097047000070B50E4607
:1095C00011431BD0154604461FF056FBA06801232B
:1095D000018A428A31440182511941822046314632
:1095E0002A4622F019F820460B21002217F056FED9
:1095F000012818BF70BD204621F05AFF012070BD20
:10960000F0B581B01446C8B1622205460E4621F07D
:10961000F1F998B1016889B10746284631466322BD
:1096200021F0E8F9010609D03B463F68A1B2C2B279
:109630001846B847C0EA040001B0F0BD2046C0EAB1
:10964000040001B0F0BD00002DE9F04F91B00546D7
:10965000408CDDF868B040F0080068841646BBF81E
:10966000082028461F468A462E8421F0C3F9BBF8FD
:1096700008200446284651462F8421F0BBF9698C06
:10968000814621F008004C45688403D102D111B015
:10969000BDE8F08FBBF80820284651462E8421F003
:1096A000A9F98046284651462F8407F019FA006828
:1096B000BBF80810424626F00DF9BBF808000B284D
:1096C00028D147F6FF76B14518BFB04522D12846CC
:1096D00021F03CFB81B200EBD13000B244102846AF
:1096E00020F050FB81B200EBD13000B2B0454FEA20
:1096F000600005D1611C00F101084145B8BF8846F2
:1097000047F6FF71894505D1611C00F10109494502
:10971000B8BF894640F22440C2F20000FFF792FE33
:10972000C0B3C0E90389BBF808106C4605608180AE
:10973000C0F808A00546204609F068FA49F67D60A1
:10974000C0F6030001904AF2B100C0F60300029097
:1097500049F6ED70C0F6030003900020CDE9080043
:10976000FF200A90BBF80000BBF802100B904842A3
:109770000C90DBE903019DF84220079002F0FE0007
:109780008DF8420020460095069109F0BFFA11B00D
:10979000BDE8F08FFEE7000040F22440C2F2000076
:1097A0001421FFF747BE00002DE9F04F81B00446B9
:1097B000408C10F47C7F00F035816FEA01086FEA7D
:1097C00002094FF0000A04276D464FF0000B0CE031
:1097D0004FF0020A608C00BF0BF1010BC0F30511C2
:1097E0008B4507F1080780F01781E16801EBCB0298
:1097F000D2799207F0D4CA5B02EA0803B3FA83F382
:109800005B0912EA090218BF01225340E4D151F862
:109810003B60102130462A4625F0AEFD002840F07E
:10982000F980304611212A4625F0A6FD002840F097
:10983000F180304612212A4625F09EFD002840F096
:10984000E980304613212A4625F096FD002840F095
:10985000E180304615212A4625F08EFD002840F093
:10986000D980304614212A4625F086FD002840F094
:10987000D18030460A212A4625F07EFD002840F09E
:10988000C98030466B212A4625F076FD002840F03D
:10989000C18030466C212A4625F06EFD002840F03C
:1098A000B980304601212A4625F066FD002840F0A7
:1098B000B180304604212A4625F05EFD002840F0A4
:1098C000A980304602212A4625F056FD002840F0A6
:1098D000A180304603212A4625F04EFD002840F0A5
:1098E0009980304605212A4625F046FD002840F0A3
:1098F0009180304606212A4625F03EFD002840F0A2
:109900008980304632212A4625F036FD002840F075
:10991000818030466E212A4625F02EFD002879D11F
:1099200030466D212A4625F027FD002872D13046A9
:1099300069212A4625F020FD00287FF449AF3046F2
:109940006A212A4625F018FD00287FF441AF3046F1
:109950006E212A4625F010FD00287FF439AF3046ED
:109960006D212A4625F008FD00287FF431AF3046EE
:1099700037212A4625F000FD00287FF429AF304624
:1099800038212A4625F0F8FC00287FF421AF304624
:1099900035212A4625F0F0FC00287FF419AF304627
:1099A00040212A4625F0E8FC00287FF411AF30461C
:1099B00045212A4625F0E0FC00287FF409AF304617
:1099C00041212A4625F0D8FC00287FF401AF30461B
:1099D00042212A4625F0D0FC00287FF4F9AE30461B
:1099E00043212A4625F0C8FC00287FF4F1AE30461A
:1099F00049212A4625F0C0FC5FFA8AFABAF1010F24
:109A00004FF0010198BF8A4600284FF0020018BFAE
:109A10008246DFE64FF0030A5FFA8AF001B0BDE844
:109A2000F08F00BF4FF0000A5FFA8AF001B0BDE886
:109A3000F08F000040F2D820C2F2000000687047AA
:109A400070470000C0F30410072828BF07207047A4
:109A50004FF6FF71884204BF1F20704710B90020E5
:109A6000704700BF702805D84CF2D611C0F603012C
:109A7000085C704740F2CC31C2F20001096800294D
:109A8000EDD040F2D052C2F200027138126880B2BA
:109A9000824284BF085C7047E1E7000080B540F275
:109AA000D030C2F200001821FFF7C4FC40F23C4065
:109AB000C2F200000121417080BD0000002808BFF3
:109AC00070472DE9F041164604460D46F6F77EFC38
:109AD00040F29008C2F20008D8F80020074620465D
:109AE00029469047D8F80020054620443146904743
:109AF000391A8D4202D9BDE8F0417047204400BFB9
:109B0000425D6B1C8B426255F5D843195F78AE1CE1
:109B100062198E425770EED89F78EE1C8E42977075
:109B2000E9D8DB7804358D42D370E9D9E3E700004A
:109B30002DE9F04140F25408C2F200081446D8F86A
:109B400004200F4619461D4606469047386048B126
:109B50002868D8F804203044002190472060BDE8F0
:109B6000F08100BF00202060BDE8F0812DE9F04FBA
:109B70008DB0169C8046002C1F461CBF0020208004
:109B8000B8F1000F38D000294FF0000000F06282D9
:109B90000D4698F80010002900F05C82179810F02C
:109BA000060F2DD00020012242F2014302E000BF47
:109BB000397904300D2904D802FA01F71F4240F028
:109BC000108108EB000779780D2904D802FA01F614
:109BD0001E4240F00381B9780D2904D802FA01F63B
:109BE0001E4240F0FD80F9780D29E1D802FA01F615
:109BF0001E42DDD00330F4E000200DB0BDE8F08F50
:109C00000021012F0A91C0F21582C0074FF0000910
:109C10000895099240F0F2800024CDF8008000BF42
:109C200040F25400C2F2000008EB04054268002034
:109C30000C9028460CA99047064618F804000C9989
:109C400000280B91079700F083800998049410FA7C
:109C500087F005904FF0000A4FF0FF3000270024F6
:109C60004FF0000BCDF818900DE000BF421C08BF6C
:109C70008A46DDE90B1B01370C9115F80B104E4697
:109C8000002900F05B8040F25401C2F200014A68F2
:109C9000804628460BA990478146089831464A4697
:109CA00017F04AFD01B2044409980029C8BF0444D2
:109CB000059821B288425846A8BF4FF0FF3018F1EE
:109CC000010218BF40460A2E00F032800D2E00F02F
:109CD0002F80A6F59C4245F2A6139A42C0F0288038
:109CE000A6F120023F2AC1D8DFE802F0222020207E
:109CF000202020202020202022222220202020205E
:109D0000202020202020222220202020202020204F
:109D10002020202020202020202020202020202043
:109D20002020202020202020202020229EE700BF6D
:109D3000BBF1000F08BF10F101020DD0411C0699C4
:109D40001CD0049CDDF800808946FCB186E100BF90
:109D50004FF0000A19E000BF8A4606990020DDF89E
:109D6000008087B10D2E33D1049CB9F10A0F8946CA
:109D700008BF0C98D14468B950E100BF5846DDF8DF
:109D80000080002FEED1049C89460C980028D14415
:109D900000F0448198F8001004440A290A9400F065
:109DA0003D810D2900F03A8118F804000A2800F0DE
:109DB00033810D2800F03081002800F02F810798B2
:109DC000A0EB0A0007B2002F3FF72AAF26E100BF41
:109DD000049C89460028D144DCD11FE1013000E019
:109DE0000230002918BF0130002C00F033814FF6FB
:109DF000FF7121800DB0BDE8F08F00BF4FF0000B68
:109E0000002400BF40F25400C2F2000008EB040638
:109E1000426800200C9030460CA9904718F80410B6
:109E20000C9A00290B9200F0B3800999079711FA58
:109E300087F1019100224FF0FF31002500274FF0FC
:109E4000000ACDF81890049440F25404C2F20004C1
:109E5000039205910BE000BF4FF0010BDDE90B1AF7
:109E6000013516F80A200C91002A00F087806268FC
:109E7000814630460BA99047B9F1230F5FFA8BF169
:109E800006D10029E8D002290ED14FF0000BE5E7FA
:109E9000012907D14FF0010BB9F1200F08BF4FF096
:109EA000020BDBE7029006E04FF023090129029044
:109EB00008BF4FF0000B0898029A494617F03CFC87
:109EC00001B2074409980029C8BF074401983AB273
:109ED00051469042A8BF4FF0FF31059B581C18BF58
:109EE0001946B9F10A0F00F05580B9F10D0F00F0D5
:109EF0005180A9F59C4045F2A6139842C0F04A80D3
:109F0000A9F120003F2800F22380DFE800F0432180
:109F100021212121212121212121434343212121CB
:109F200021212121212121214343212121212121DD
:109F30002121212121212121212121212121212111
:109F4000212121212121212121212121214300BF62
:109F5000DDF830A0481C16F80A00039B08BF134622
:109F600000280B981A460C90029805F101057FF421
:109F70006BAF81460B46591C05D116E0039A059B31
:109F80008146591C11D0049CDDE9069724B365E095
:109F9000002220E00298BAF1000F08BF11F101037E
:109FA00012D0039A0B46591CEDD15346079F7DB141
:109FB000B9F10D0F28D1049CDDF818900A2808BFCC
:109FC0000C9B914453B929E00023079F002DEFD14A
:109FD000049CDDF818900C9B9144FBB198F80000AC
:109FE0001C440A280A9419D00D2817D018F8040028
:109FF0000A2811D00D280FD080B1B81A07B2012F4E
:10A00000BFF600AF0AE000BF049CDDF81890002BFB
:10A010009144E3D102E000BF01340A94002C169C65
:10A02000089DCDF8189005D0002C069818BF208008
:10A030000FE000BF40F25400C2F2000042680AA9DB
:10A04000404690472CB101462846002217F074FB89
:10A0500020800A980DB0BDE8F08F00BF169CE3E7A2
:10A06000002808BF70472DE9F04F83B01446002A3E
:10A0700000F08A80824620460D46F6F7A7F90028B0
:10A0800000F08280064650460194F6F79FF9074695
:10A0900040F29000C2F20000026850462946BC1906
:10A0A000904700EB060C6445029613D2029E019A7B
:10A0B00016F00301504441D0154615F8017B0346C4
:10A0C000012903F8017B3FD1711E1846042E4CD2A2
:10A0D0005AE000BF029EAAF10102A6F1030E9519F3
:10A0E000A6F10209D11907EB060891F801B0A8F111
:10A0F0000104EB19644583F801B0D7D312F8078047
:10A1000007EB0904644505F80780CFD311F8018CEB
:10A1100007EB0E04644503F8018CC7D311F8021C49
:10A12000043E03F8021CB919043AAEF1040E043DD2
:10A130006145A9F10409D5D2B8E700BF15463146FB
:10A14000042E12D220E000BF53780229437005D1BB
:10A150000230951CB11E042E07D215E09178D51C53
:10A1600081700330F11E042E0ED32A1F043800BF65
:10A1700012F8043F043900F8043F53784370937891
:10A180008370D378C370F3D103B0BDE8F04F70474C
:10A190000278232908D1032A12D2D100C9B201239F
:10A1A000CB4082F0010106E0012A09D120294FF0BD
:10A1B000010101D10223037001F00100704700BFCB
:10A1C000002101F001007047F0B583B004460B4652
:10A1D000CDE90111002000212246002728F0E4F8F3
:10A1E000451C064628461CF067FB48B18755029B74
:10A1F00029462246064628F0D7F8304603B0F0BD7F
:10A20000FEE700002DE9F04F81B0FAB1DDF82890AB
:10A210009B4614460F4680464FF0010A06E000BFF9
:10A220002AEA0400341A05EB0B077CB1660806FB2A
:10A230000B7540462946C8470128F1DAB0F1FF3FC7
:10A240003446F2DD284601B0BDE8F08F00252846EF
:10A2500001B0BDE8F08F00002DE9F04F83B00DF1A3
:10A26000400C0DF1300E1E469CE880119EE8084817
:10A270008A4681465FEA8C7401920FD4B8F1000FD0
:10A2800038D05FEACC7037D01CF00C0018BF01202A
:10A2900040EA0E00A8EB00082EE000BF15465FEA7A
:10A2A000CC604DD50F985FEA4C5110D4BBF1000F34
:10A2B0000DD0BB4518BFC34509D1BBF101010A460A
:10A2C00018BFABF10202102818BF0A4693461028A7
:10A2D00008D15FEA8C604DD4BBF1200F4AD27820C0
:10A2E0004EE000BF02284FD1BBF11F0F4CD86220B7
:10A2F00046E000BF4FF00008202F4FF0200538BF88
:10A300003D465D454FF020070CD903EB0B00A5EB54
:10A310000B013022F346F6F7EFF8DDF848C00C9B4E
:10A32000DE46AB46B8F1200F38BF4746019D5FEAD5
:10A33000CC7018BF5F4507D8109F5FEACC60B1D4DE
:10A34000BBF11F0F2BD93CE003EB0B00A7EB0B017C
:10A350003022E346CDF80880F046F6F7CDF8C64641
:10A36000DDF808800C9BDC46BB46109F5FEACC60A2
:10A37000E6D597E7002807D5BBF1200F04D2582077
:10A3800003F80B000BF1010BBBF11F0F19D83020A4
:10A3900003F80B000BF1010BBBF11F0F11D8BEF13D
:10A3A000000F01D02D2008E05FEA4C7004D45FEA72
:10A3B0000C7006D5202000E02B2003F80B000BF1D9
:10A3C000010B0094002C2C460ED1D8452C460BD9FD
:10A3D000A8EB0B072A4600BF202051463346541CE9
:10A3E000C847013F2246F7D1BBF1000FCDF80880E6
:10A3F00014D00C98A0F1010818F80B005146224621
:10A400003346ABF10105671CC847002D3C46AB46FF
:10A41000F2D10098002805D41AE000BF2746009822
:10A42000002815D50199DDF80880781A40450FD22B
:10A430004D4200BF202051463A4633467C1CC84757
:10A44000281940452746F5D3204603B0BDE8F08FD4
:10A450003C46204603B0BDE8F08F00009A4238BF6A
:10A4600088547047704700002DE9F04F99B08A4634
:10A4700022994AF265461D461746C0F600064FF07F
:10A4800000081091BAF1000F18BF0646CDF838A0A9
:10A49000CDE90C6205F1020B42462878002800F055
:10A4A0000B8500BF25280DD051463B46541CB047B4
:10A4B00001350BF1010B224628780028F2D100F07B
:10A4C000FBBC00BF4FF000081BF8010CA0F12003FB
:10A4D000102B00F285800121DFE803F00A82820E52
:10A4E000828282828282820C82108282120000BF6B
:10A4F000082105E0042103E0102101E0022100BF52
:10A500009BF8000048EA0108A0F12003102B00F29C
:10A51000B5800121DFE813F01200B200B20016008E
:10A52000B200B200B200B200B200B200B200140039
:10A53000B2001800B200B2001A0000BF082105E006
:10A54000042103E0102101E0022100BF9BF801007B
:10A5500048EA0108A0F12003102B00F2CF8001216E
:10A56000DFE813F01200CC00CC001600CC00CC00C9
:10A57000CC00CC00CC00CC00CC001400CC001800E7
:10A58000CC00CC001A0000BF082105E0042103E044
:10A59000102101E0022100BF9BF8020048EA0108F7
:10A5A000A0F12003102B00F2B3800121DFE803F0BB
:10A5B00010B0B012B0B0B0B0B0B0B014B016B0B00F
:10A5C0000A0000BF48EA01080BF1040B7CE700BF5A
:10A5D0000821F7E71021F5E70421F3E70221F1E76D
:10A5E000ABF10201ABF1010BA0F13003DBB2092B9F
:10A5F0004BD80BF1020B4FF0000900BF09EB8901AA
:10A60000490051FA80F11BF8010CA1F13009A0F1C9
:10A610003003DBB2092B00F21B8109EB890100EB4F
:10A6200041019BF80000A1F13009A0F13003DBB239
:10A63000092B00F20F8109EB890100EB41019BF826
:10A640000100A1F13009A0F13003DBB2092B00F2C7
:10A650005F8109EB890100EB41019BF80200A1F148
:10A660003009A0F13001C9B20A290BF1040BC5D39E
:10A67000ABF1020B2E2800F0F08022E0ABF10101DB
:10A68000A0F13003DBB2092BB3D92A2814D1109BD7
:10A6900053F8040B109381460223002848BFC0F1F1
:10A6A000000903EA907311F8020F48EA03088B4689
:10A6B0002E2800F0D28004E04FF000092E2800F090
:10A6C000CC800023A0F168014FEA7107092F0B939A
:10A6D0003DD801214FF48073DFE807F006262A39C0
:10A6E00039393439393400BF594611F8010F682817
:10A6F00040F014810221C02324E000BF59460BF131
:10A70000010BA0F13003DBB2092BBED871E700BF0B
:10A710000BF101010BF1020BA0F13003DBB2092BAD
:10A720007FF667AFB1E700BF4FF400730AE000BFE8
:10A73000594611F8010F6C2840F0F48002214FF4C3
:10A74000407300BF1BF8010048EA03088B44A0F1E6
:10A750002506532E00F2EA8108216F234FF0100ADC
:10A76000DFE816F01601E401E401E401E401E4018C
:10A77000E401E401E401E401E401E401E401E401B1
:10A78000E401E401E401E401E401E401E401E401A1
:10A79000E401E401E401E401E401E401E401E40191
:10A7A000E401E401E401E401E401E401E401E40181
:10A7B000E401E401E401E401E4015A00E401E401FC
:10A7C000E401E401E401E401E4016600E401E401E0
:10A7D000E401E401E401E401E401E401E4011A011B
:10A7E000DE015400E401E401E401E4015400E40169
:10A7F000E401E401E401E4011C015A00E401E40184
:10A80000E400E4015400E401E401660028F01008CB
:10A810004FF00A0A0CE000BF5F4617F8011F48F42A
:10A82000887856294FF0100102D15623BB46B5E077
:10A8300040F00801582908BF48F02008642800F0BB
:10A84000B18069280346514600F0AC80A6E000BF05
:10A85000ABF1010B2E287FF434AF594611F8010FEC
:10A8600048F48068A0F13003DBB2092B40D80BF12B
:10A87000020B002303EB8301490051FA80F19BF89E
:10A880000000A0F13003DBB2092BA1F130033FF649
:10A8900019AF03EB830100EB41019BF80100A0F12C
:10A8A0003003DBB2092BA1F1300300F2498103EB45
:10A8B000830100EB41019BF80200A0F13003DBB201
:10A8C000092BA1F1300300F23F8103EB830100EB80
:10A8D00041019BF80300A1F13003A0F13001C9B29E
:10A8E0000A290BF1040BC5D3ABF1010BEAE600BF5B
:10A8F0002A2809D1109850F8041B10901BF8020F59
:10A9000021EAE173DEE600BF00238B46DAE600BFF2
:10A910000BF1010B2E28A0D0D3E600BF48F0800831
:10A920008B4614E748F480788B4610E7109850F86F
:10A9300004EB10909EF800007146002800F057824A
:10A940000B9E0024002E08BF4FF0FF36A6F1030C2B
:10A95000B31E771E351F0EEB04067178002918BF51
:10A96000A74200F0BF81B178002918BFA34200F0D0
:10A970003B82F178002918BFA44500F03782317975
:10A98000261D11B1A5423446E5D10EEB06012EE29B
:10A9900002F101082520CBE00221622328F00C08F7
:10A9A00018468A465FEA485148BF28F001085628F1
:10A9B0002ED0692801D0642844D15FEA885011D490
:10A9C0005FEAC85000F182805FEA486000F1EC80E5
:10A9D0001098D0F800C05FEA086048BF0FFA8CFCFE
:10A9E000E5E000BF10980A92073020F0070001460A
:10A9F000426851F8080B109150EA020108BF28F094
:10AA00001008099281BB18F480612DD00022A0E0CB
:10AA100010990D9F51F8040BDDF838A01091416892
:10AA20000C9E0D68BC1A119503680AEB02013046B2
:10AA3000904622460095FFF717FD80440BF1010573
:10AA400028E500BF5FEA885052D45FEAC85000F1A1
:10AA500019815FEA486000F16581109806685FEA35
:10AA6000086048BFB6B25FE180EAE270B0EBE27422
:10AA700008F0200082EAE27180F0610061EBE2758B
:10AA8000F63000220F9000BF5746924620462946D6
:10AA90003A460023F5F7FEFB00FB17420F9E02F03B
:10AAA000FE0316440A2B38BF42F030060AF10102B9
:10AAB000BAF11E0F11AB03F80A6049D8E31B75F118
:10AAC000000304460D46BA46DED242E0109850F824
:10AAD00004CBBCF1000F109008BF28F40478BCF13F
:10AAE000000F3DD118F480603AD0002392E000BFFF
:10AAF00010980A92073020F00700456850F8084B7C
:10AB0000109054EA050008BF28F01008002840F013
:10AB1000878018F4806000F083800022A5E000BFE9
:10AB20005FEA887440F1BC80012540E102F1010830
:10AB3000DDF838A00D9F0C9E51463B46B047B6E16C
:10AB40000BF1010BBEE500BF0BF1020BBAE500BF34
:10AB5000BA46099811A9C00FCDE9001289E000BFDB
:10AB600008F0200181F06101604601F1F60E00233A
:10AB7000BCF1000F48BFCCF1000000BFB0FBFAF100
:10AB800001FB1A0404F0FE050EEB04060A2D38BF83
:10AB900044F0300611ACE6541E2B03F1010339D802
:10ABA00082450846EAD935E0109890F800C0BCF11B
:10ABB000000F08BF28F44478BCF1000F04D118F44A
:10ABC000806001D0002322E008F0200181F06101C3
:10ABD000604601F1F60E0023BCF1000F48BFCCF136
:10ABE000000000BFB0FBFAF101FB1A0404F0FE05FF
:10ABF0000EEB04060A2D38BF44F0300611ACE654C3
:10AC00001E2B03F1010302D882450846EAD91098A9
:10AC1000043010904FEADC7011A9CDE90013B0E0C8
:10AC200008F0200080F06100F63000220F9000BF95
:10AC300016462046294652460023F5F72BFB00FB1B
:10AC40001A420F9F02F0FE0317440A2B38BF42F04E
:10AC50003007721C1E2E11AB9F5506D8B4EB0A03A9
:10AC600075F1000304460D46E2D211A8CDE90002B9
:10AC70000020CDE9020A0B980C9EDDF838A00A9A54
:10AC800085E000BF109850F8046B002E109008BFAC
:10AC900028F4047846BB18F4806025D000216CE0CD
:10ACA000B9F1020FC0F082800DF1300898E8A001E0
:10ACB00009F10100C9F1000A00260F940B9000BFB2
:10ACC00093192020414614461A463B46A8470136B0
:10ACD0000AEB060022460130F2D132442E460F9C88
:10ACE0000B9D66E0711C82E008F0200080F061009E
:10ACF00000F1F603002100BFB6FBFAF000FB1A6773
:10AD000007F0FE05DC190A2D38BF47F0300411AFFB
:10AD10007C541E2901F101012FD8B2450646EBD91A
:10AD20002BE000BF10980678002E08BF28F4447866
:10AD300026B918F4806001D000211BE008F0200043
:10AD400080F0610000F1F603002100BFB6FBFAF0CD
:10AD500000FB1A6707F0FE05DC190A2D38BF47F023
:10AD6000300411AF7C541E2901F1010102D8B24513
:10AD70000646EBD910980430109011A8CDE90001D7
:10AD80000020CDE9020A0B980C9EDDF838A0CDE931
:10AD90000409304651460D9FCDF818803B46FFF719
:10ADA0005BFA80460BF10105FFF774BB0225DDE974
:10ADB0000C671099DDF838A011F8040B3B46109190
:10ADC000514602F10108B047002C70D5A9456ED953
:10ADD000A9EB05044246202051463B4608F10108F4
:10ADE000B047013CF6D162E0B11C00E0F11C0B9DC4
:10ADF000A1EB0E03AB42294638BF19465FEA48571C
:10AE00000F9758BF19465FEA88730A9323D4894580
:10AE100020D9DDF83880DDE90CA509F10100A9EBA6
:10AE200001060024CDF820E0099000BF131920206E
:10AE3000414617461A462B46D04701343A46A642A9
:10AE4000F4D1DDF820E02F469EF800000B9D22444F
:10AE5000564603E00131DDE90C670991DDF838A0C1
:10AE600090B10EF1010409E0C0B251463B4602F137
:10AE70000108B04714F8010B424630B10F99002980
:10AE8000F2D50DB1013DEFE790460A9800280ED5A6
:10AE9000099881450BD9A9EB000400BF4246202048
:10AEA00051463B4608F10108B047013CF6D10BF191
:10AEB0000105FFF7EFBA00BF1346974298BF7B1E0C
:10AEC0000020514614461A463B46B047204619B06A
:10AED000BDE8F08F2DE9F04F81B040F2A437C2F207
:10AEE0000007B86826F084FB7978044681F00100F9
:10AEF000787040F20040C2F20000FEF765FA0028C8
:10AF000000F0B68040F2004B06464FF00008C2F257
:10AF1000000B4FF001094FF6FF7A06E05846FEF7A6
:10AF200053FA0646002800F0A38096F8420079788C
:10AF3000C0F380028A4287F8008067D000F0FB02ED
:10AF400042EA8102316B030786F842201AD40029B5
:10AF500018DC0A1916D4C00709D1716939B1304615
:10AF60008847316AB26A014410443162B062B16804
:10AF700009B13046884796F84200316B40F008002E
:10AF800086F842000819306340D4F16A8842C8BF8D
:10AF90003163F16930468847726A0146904203D1B5
:10AFA000D6E90B02824204DB726871620AB1306832
:10AFB0009047D6E90B01814228DB96F84210B6F89B
:10AFC00040308A0705D423B153451CBF013BA6F886
:10AFD00040301B0408D0D6E90E356D423563ABB165
:10AFE000002A05D507E000BF002A1DD4B36BDBB1F2
:10AFF000726B5242326381F0020186F84210B16AEC
:10B00000326A3162C6E90A23B06300BF387801288A
:10B010003FF484AF58463146FEF7FEF90646002855
:10B020007FF483AF24E000BF58463146FEF776FA3E
:10B03000584687F80090FEF7C7F90146786889B14D
:10B0400026F064FCF16809B130468847316909B1DE
:10B050003046884730461BF02DFE387801283FF4F3
:10B060005DAFD7E726F042FCF1680029ECD1EDE7AF
:10B0700026F0D6FAB86001B0BDE8F08FB0B504464E
:10B0800040680D4610B12946FFF7F8FF2268002AF4
:10B0900008BFB0BD20462946BDE8B04010470000BB
:10B0A00089B208F0FDBA000089B208F06FBB000059
:10B0B00070B5002942D080290B460BD3B1FA81F23A
:10B0C000C2F11A024FF0FF3303FA02F2D2438B1897
:10B0D0007F2B35D89A08002300F1140C5CF823E08C
:10B0E0004FF0FF3404FA02F212EA0E0212D092FA82
:10B0F000A2F2B2FA82F400EBC31202EB840555F817
:10B10000382FDAB1566826F003068E4228D200BFE7
:10B11000FEE700BF02696FF0010606FA03F31A406A
:10B120000CD092FAA2F2B2FA82F35CF823E0BEF1FC
:10B13000000F7246DBD100BFFEE700BF002070BDEC
:10B140000022B2EBD33F24D1B3FA83F6C6F11A0240
:10B1500023FA02F282F02002C6F11903BCE700BF15
:10B16000D668CEB19168C9B1CE60B1602E68964202
:10B170000FD1814229600CD1012101FA04F43EEA89
:10B1800004064CF8236004D10669994026EA0101BF
:10B190000161104670BD00BFFEE700BFFEE7000082
:10B1A000F0B54A68032A09D922F003030A1D9B1847
:10B1B00006D05D68EC0705D10846F0BDFEE700BF8C
:10B1C000FEE700BF7F2D3BD84FEA950E4FF0000CF5
:10B1D000DD68002D42D09C6864B3E560AC6000EB94
:10B1E000CC1505EB8E0555F8386F9E4211D184427F
:10B1F0002C600ED100EB8C0501276E6907FA0EF466
:10B20000A6436E6105D1066907FA0CF726EA07071F
:10B210000761486803280FD95B6823F003031844CB
:10B2200004300328486009D920F003008150084603
:10B23000F0BD00BFFEE700BFFEE700BFFEE700BFB6
:10B2400025F00305B5FA85FCCCF11A04E54085F03C
:10B25000200ECCF1190CDD68002DBCD1FEE70000FA
:10B2600070B539B122B14B68DD0705D1FEE700BFEB
:10B27000FEE700BF002070BD23F0030402F11005BB
:10B28000AC420FD2032B40F27F8023F0030201F186
:10B290000800835823F0020383504A6822F0010219
:10B2A0004A6070BD01F1080E02EB0E03DD1D1E1D8C
:10B2B00025F00305AE4201D0FEE700BFA3F1040C68
:10B2C000A31ADCF80440043B04F003041C430B2BDA
:10B2D000CCF8044028D94B6803F003031A434A60B2
:10B2E000DCF80420032A21D922F00304325942F069
:10B2F00002023251DCF80420344442F00103CCF85D
:10B3000004304B6844F804CC032B11D923F0030319
:10B31000734443F8041C42F003037F2ACCF8043042
:10B3200008D89208002310E0FEE700BFFEE700BF48
:10B33000FEE700BF22F00302B2FA82F3C3F11A065D
:10B34000F24082F02002C3F1190300EBC31606EBB2
:10B35000820454F8385FCDB1CCE90250C5F80CC076
:10B3600001260569C4F800C006FA03F400EB830364
:10B3700025435C6906FA02F222435A614B68056173
:10B38000032B3FF682AF00BFFEE700BFFEE70000E1
:10B39000B0B582B0044618F00BFD054618F048FD24
:10B3A00040B1218F2046E18602B0BDE8B04020F0D8
:10B3B0007FB800BF606A01211FF03AFD30B120461E
:10B3C00002B0BDE8B04015F0A7BD00BF2046012186
:10B3D0001DF092FE4FF6FF71606A618701211DF03A
:10B3E00033F820462021002215F058FF218FE08EEF
:10B3F00081420BD02087019001AA20461C2115F024
:10B400004DFF01280DD1204620F052F8284618F0B3
:10B410001BFD042805D120461EF0AEFC002117F0CC
:10B42000B7F802B0B0BD0000B0B515F033FF044668
:10B430001EF000FD0546204609F04EFC0146284658
:10B440000022BDE8B04025F06FB800002DE9F04FB4
:10B450008FB0CDE90B2309900A91C87843F63D11CE
:10B4600043F64912C0F60101C0F6010210F00100D6
:10B4700008BF0A4643F6D501DDF87090C0F6010119
:10B48000069243F6A1020B46C0F6010208BF13461E
:10B49000D9F810E00893002808BF0A46079203E095
:10B4A0005FEACC7000F0BE80BEF1000F00F0BA8001
:10B4B000B9F80200B9F80410D9F80C30BEF1040F45
:10B4C000A0EB010B10D2002400221EF003076FD066
:10B4D00004EB840003EB8003187CC0074AD19889F1
:10B4E0000244012F4BD163E02EF0030703F14C0619
:10B4F0000024002208E000BF36F8040C02440434A3
:10B50000A74206F15006E0D016F83C0CC00717D150
:10B5100036F8400C024416F8280CC00718D036F84C
:10B52000300CABEB000B16F8140CC00717D036F834
:10B530001C0CABEB000B3078C007DDD015E000BF72
:10B5400036F8440CABEB000B16F8280CC007E6D11C
:10B5500036F82C0C024416F8140CC007E7D136F864
:10B56000180C02443078C007C6D036F8080CABEB94
:10B57000000BC4E71889ABEB000B012F18D093F830
:10B580002400C00704D1188C0244022F05D10FE01B
:10B59000988BABEB000B022F0AD093F83800C00752
:10B5A00002D1988E024403E0188EABEB000B00BF73
:10B5B000D9F80CA0002300274FF0000C0DE000BFCD
:10B5C0000AEB03008189ABEB050B521A05810137A9
:10B5D000774503F11403BFF463AF0AEB0306307C35
:10B5E000C507F4D115041BD015B20FFA8BF898FBE0
:10B5F000F5F5F168B6F904406943B6F9065009B2A9
:10B60000A942B8BF0D46A542D8BF25468D42D7D026
:10B6100040F001003074D9E903AE4FF0010CCFE7E0
:10B62000FEE700BFDDF824B00021584616221FF0C7
:10B63000E1F9DDF828A0D9F808109AF800600AB2FC
:10B64000F71EFFB2022A3346B8BF0223032F4FF082
:10B65000FF3728BF334657FA83F7042F00F2B08133
:10B66000B9F802300B9DDFE807F0032D1521070024
:10B670001A990026CF1A2CE01A9A0027D21A002312
:10B68000CFF6FF7303EB014112B2091492FBF1F6FE
:10B690001FE000BF1A9AD21A4FF4803303EB014126
:10B6A00012B2091492FBF1F73E4612E01A99C91A38
:10B6B00009B291FBF2F6B1B206EBD13109B24F10EB
:10B6C00007E000BF1A9A19B2511A01EBD1714F105D
:10B6D0000026DDF830809AF80310C0B2C9070C903C
:10B6E00005D0012803D158461EF0CEFA074458462B
:10B6F00029461EF047FA002818BF454502D10FB071
:10B70000BDE8F08F04461B9806440CE0DBF8080007
:10B71000013541688D42F2DA006850F82540002C6E
:10B7200018BF4545EBD001212046C0F206011FF0AD
:10B7300087FB48B19AF803004007E7D5012DDEDB0F
:10B74000DBF80800013DE7E740F2F420C2F2000018
:10B750004289204600211FF04DF90006059623D0AE
:10B76000D9F81000E8B1D9F80C20411E02F13C00D4
:10B7700050F83C2CA2421DD099B150F8282CA2427E
:10B780001AD001290DD050F8142CA24216D002294B
:10B7900007D00268A24212D004394A1C00F15000BE
:10B7A000E6D100200CE000BF608C20F44060608493
:10B7B00038E000BF3C3802E0283800E01438008947
:10B7C0009AF803100B90608CC9074FF4006120F4C5
:10B7D000406008BF4FF4806108440899608404F118
:10B7E0001400064688470B9980B281421AD0204641
:10B7F0001FF05EFE6069A1690D900B98069A0E918C
:10B8000001B230469047204629210DAA15F046FD89
:10B8100020461EF00FFB2221224615F03FFD204658
:10B820001FF046FE9AF8010001280FD0022815D11A
:10B83000B9F900000799013020F0010604F1140065
:10B840008847301A00EBD070401008E00799B9F82B
:10B85000006004F114008847301A00E000200490D2
:10B860009AF80300C00707D00C98012804D1089962
:10B8700004F1140088473F1A204600216B220B97E1
:10B880001FF0B8F80646204600216C221FF0B2F8DF
:10B89000074620461FF05AFA039020461EF072FA1F
:10B8A00006F4C041B1F5005F15D131B221F4C041B9
:10B8B000B1F5FA6F0FDCB1F57A7FC8BFC1F57A71C7
:10B8C000039A514348F21F52C5F2EB1251FB02F1A9
:10B8D0004A1102EBD17607F4C041B1F5005F03963F
:10B8E00014D139B221F4C041B1F5FA6F0EDCB1F5D3
:10B8F0007A7FC8BFC1F57A71484348F21F51C5F23B
:10B90000EB1150FB01F0411101EBD077204630F8EC
:10B91000142F0B9B9AF803E00090408802971F4673
:10B9200001901EF00100049908BF0F46189EDDF833
:10B930000CC000286644A6EB02023A440B9308BFF1
:10B940001946199F029B1F44019BFB1A0B4442EAB4
:10B9500003073F041DD0204617B21EB21FF0A8FDFA
:10B96000A08A218B3844A082C819E18A20838819D3
:10B97000618BE0828819608320461FF099FD204684
:10B980003946324600231FF047FE9AF803E00EF0D6
:10B9900001000B9F30B10C98012803D1059EBF1BFD
:10B9A00008E000BF009808998847059E9AF803E0D0
:10B9B000F21917185FEA4E707FF5A8AEBEE600BF19
:10B9C000DDE90B580026002785E60000022A3ED953
:10B9D00010B5C1F3C42CC0F3C42363444FF01F0C53
:10B9E0001F2B28BF63464FEAC32EC1F34513C0F394
:10B9F0004514234401F01F0400F01F003F2B28BF13
:10BA00003F2320444EEA43131F2838BF8446FF2AB1
:10BA100043EA0C0018D08CB283B2240414FA81F1EA
:10BA20004FF61F041B04C0F2E07413FA80F00432D6
:10BA300021402040D208401A504301EB50102040D2
:10BA400040EA104101E000BF0146BDE81040084651
:10BA500070470000022A35D980B5C0F3C42CC1F369
:10BA6000C42303FB0CFC00F01F0E01F01F0303FBBB
:10BA70000EFEC0F34510C1F3451358436FF01F038A
:10BA800003EA50002CF01F039B0143EA5E131844A5
:10BA9000FF2ABDE8804008BF70478BB21B0413FA31
:10BAA00081F14FF61F03C0F2E07300EB0040043257
:10BAB00019401840D208401A504301EB501018406A
:10BAC00040EA104108467047022A3ED980B5C1F3CA
:10BAD000C42CC0F3C423ACEB030323EAE3734FEAA3
:10BAE000C32EC1F3451CC0F34513ACEB030323EA9B
:10BAF000E37363F34A1E01F01F0300F01F00181ADE
:10BB000020EAE070FF2A70441CD08BB21FFA80FC40
:10BB100004321B044FEAD20E13FA81F14FF61F03D1
:10BB20004FEA0C42C0F2E07312FA80F0194018405C
:10BB3000401A00FB0EF001EB5010184040EA104193
:10BB400001E000BF0146BDE88040084670470000A4
:10BB500070B582B0044615F09DFB0546204615F0F1
:10BB600081FB064628461EF065F90A2E044609D0D8
:10BB70002B2E4ED1618D2046002202B0BDE87040D0
:10BB800024F0D2BC18F014F910B10079012840D08B
:10BB900001A928461EF0D4F994F82C0010F00C0FDF
:10BBA00018D028461EF070F8054686B220460021BF
:10BBB00016221EF01FFF05EBD632C1B2BDF90400FC
:10BBC00012B201294FEA620114BF0844081A90FB1F
:10BBD000F5F00CE028461EF03BF881B2BDF90620D6
:10BBE00000EBD13109B202EB610191FBF0F00104ED
:10BBF0004FF00005668D58BF05B220462946012248
:10BC000024F092FCB54204D020461C21002215F0FD
:10BC100045FB02B070BD000090F8542002F0010313
:10BC2000994208BF704710B582B0002918BF0121A2
:10BC300002F0FE021144426A80F85410B0F848C085
:10BC4000918AB0F84CE001EB0C03ADF80030D28AD9
:10BC5000B0F84E30B0F84A407144ADF80410D11835
:10BC60001444ADF806106946ADF802401FF050FCD0
:10BC700002B0BDE81040704788B211460AF0EABB36
:10BC80004EF6FC50CEF20000016841F08071016078
:10BC900041F20000CEF2000000214160016841F055
:10BCA0000101016070470000F5F7B4BC41F20401E6
:10BCB00040F28C03CEF20001C2F200030A68D3F80E
:10BCC00000C04DF68363C4F21B33ACFB033C4FEA68
:10BCD0009C43584309E000BF0B689B1A834228BF6E
:10BCE00070470B689B1A834207D20B689B1A8342EA
:10BCF00003D20B689B1A8342EED3704740F2A40034
:10BD0000C2F20000002101707047000040F2A40060
:10BD1000C2F2000001210170704700002DE9F041DE
:10BD2000164640F2A402C2F2000212788046012AAE
:10BD30000CD10C4608884988A288E388F7F71EFFD3
:10BD4000B4F90270B4F90600874205DD4046BDE84B
:10BD5000F0410BF061BB00BFA18804E002B2974242
:10BD600007F10107F2DAB4F900200BB29A42F5DCD0
:10BD7000551E023E36F8020FF8F770FBB4F90400C6
:10BD800001358542F6DB81B2E0880236E6E7000045
:10BD90002DE9F04F9BB00E46C9780329C0F00A8206
:10BDA000B6F920700446138851889088D288022FF3
:10BDB000ADF86430ADF86610ADF86800ADF86A20F3
:10BDC0001BDB96F82270FD2F17D33788AFB196F89A
:10BDD0002370C7F3C0052B44ADF86430C7F380036C
:10BDE0001944ADF86610C7F30011401AADF86800A9
:10BDF000C7F34000101AADF86A00A26817A819A985
:10BE0000FBF766FF002800F0D581F07B0621049443
:10BE100010F0070008BF0421775A718919ACB7EBFD
:10BE2000010818BF804620460CF0ACFD8246B07871
:10BE30000025CDE915558DF859003088BAF1000F6D
:10BE4000CDE91355CDE911551095ADF8487008BFEF
:10BE50005FEA086100F07681F378BDF86410BDF800
:10BE60006820FC2B88BF4FF0FF330393511ABDF8B5
:10BE70006620BDF86A3001310CB2991A01310FB257
:10BE80003B46BC42B8BF2346BDF85C10BDF86020FD
:10BE90000FFA80F9B9EB630FA2EB010006F1060C73
:10BEA000A8BF4FEA63090130B9F1010F4FF0000359
:10BEB0006FEA0A06B8BF01231E420FFA80FB15D1B4
:10BEC000584666461AF046FD05460FFA89F20AA85A
:10BED00019A900230DF0E4FB0AA800210CF0BAFA1E
:10BEE000BDF85C10BDF86020B44601E04FF6FF706D
:10BEF000029008A810901590FF20ADF82010ADF822
:10BF000024208DF85800604621463A46139515F0D6
:10BF100011FF5FFA88F10229064605910AD14EB158
:10BF2000B068BDF95C10BDF9642000EB4100A0EBE6
:10BF300042001190BAF1000F3CD0BDF95E70BDF91E
:10BF40006200B246049E874200F31E8103980DF101
:10BF50004008C4B20BE000BF304641460EF098FDE9
:10BF6000BDF96200874207F1010780F20D81284682
:10BF700021465A46ADF82270ADF826701BF046FAFD
:10BF8000BDF95C103AB228465B460CF0A7FC0128CC
:10BF900008BF022005998DF850000129DCD1DAF89C
:10BFA0000800BDF96610A0EB410030F81700ADF8AD
:10BFB0004800D1E70FFA89F00128CDF804805DDB55
:10BFC00003984FF0000AC7B208E000BF049810A918
:10BFD0000EF05EFD0AF1010AD1454FD0BDF86600B2
:10BFE000BDF95E10504404B2BDF86A008C42A0EB6B
:10BFF0000A000FFA80F803DABDF962008045E9DC37
:10C00000284639465A461BF001FABDF92010284649
:10C0100022465B460CF062FCBDF95E10012808BFA9
:10C0200002208C428DF8500012DB0598ADF82240BA
:10C030000128ADF8264007D1BDF96600B168201A85
:10C0400031F81000ADF84800049810A90EF020FD5A
:10C05000BDF962008045BDDC0598ADF8228001285D
:10C06000ADF82680B2D1BDF96600B168A8EB00003A
:10C0700031F81000ADF84800A8E700BFBDF8640033
:10C08000BDF86610ADF81800BDF86800B246ADF80E
:10C090001C0001EB0900BDF86A10ADF81A00A1EB15
:10C0A0000900ADF81E0006A80CF06CFC0199090609
:10C0B00008BF002854D00399BDF966208DF85810A8
:10C0C000BDF96A1002EB0907A1EB0903DDF8108046
:10C0D0009F424FF001038DF8503055DC00286DD0A1
:10C0E0000598012840F08A80881AA0EB4900441C7A
:10C0F00003980DF14009C6B2284631465A461BF056
:10C1000085F9BDF95C103AB228465B460CF0E6FBB7
:10C110008DF85000DAF80800BDF96610ADF822700D
:10C12000ADF82670A0EB410030F817004946ADF895
:10C13000480040460EF0ACFC013C07F10107DBD1A2
:10C1400022E000BF00287FF487AEF07810A98DF8B8
:10C150005800049810940EF09BFC1BB0BDE8F08FC3
:10C16000BDF86600BDF86A104844ADF82200A1EBA6
:10C170000900ADF82600039810A98DF8580000209A
:10C18000139004980EF084FC15B128461AF038FD7F
:10C19000029A4FF6FF7190B2884205D010B20DF0AE
:10C1A000DDFD0AA80CF0CCFBBAF1000F02D050461E
:10C1B00015F0B8FD1BB0BDE8F08F00BF0598012851
:10C1C00040D1881AA0EB4900461C10ACDAF80800F0
:10C1D000BDF96610ADF82270ADF82670A0EB4100F5
:10C1E00030F817002146ADF8480040460EF050FCEC
:10C1F000013E07F10107E9D1C6E700BF881AA0EBAD
:10C200004900441C03980DF14009C6B22846314646
:10C210005A461BF0FBF8BDF95C103AB228465B4663
:10C220000CF05CFB8DF8500040464946ADF822709A
:10C23000ADF826700EF02CFC013C07F10107E5D1AA
:10C24000A2E700BF881AA0EB4900461C10AC00BF53
:10C2500040462146ADF82270ADF826700EF018FC6D
:10C26000013E07F10107F3D18EE700002DE9F04F01
:10C2700093B00D460969002900F0D6808046A87E5B
:10C280000328C0F0D1801646D8F8082011AC20460B
:10C290003146FBF71DFD002800F0C680D8F8089055
:10C2A000C8F80840286917F039FD02284ED1D5E9B1
:10C2B0000412002741F6FF70CDE9007010A800239A
:10C2C000029725F0EDFD3088B18806AC091A0131DE
:10C2D0008AB201EBD231BDF8402009B200EB610017
:10C2E00002EBD23109B2A0EB6100ADF83800104486
:10C2F0007188F2880138ADF83C00501A013082B2E2
:10C3000000EBD230BDF8422000B201EB600002EB3E
:10C31000D23109B2A0EB6100ADF83A001044013807
:10C32000ADF83E0020460CF003F8D5E90430A97EB4
:10C330000690288B8DF83210ADF824000EAA4046E6
:10C34000214600970BF094FC6CE000BF286910AC0C
:10C35000214616F071FF012864D106A80BF074FC89
:10C360009DF82400A9782F7F01F00F0100F0F00064
:10C37000AA7EEB7E0844298B8DF82400ADF82010AE
:10C380008DF822308DF82320C7B19DF84310BDF8F9
:10C390004120B6F902C0B6F9060042EA014E0CEBA4
:10C3A0005E314B1E8445CDF81090ADF83AC0059033
:10C3B000ADF83E303CDDDDF8109033E03088B188D8
:10C3C000BDF84130091A01318AB201EBD2319DF832
:10C3D000432009B200EB610043EA0241C3F3C90202
:10C3E000801A7288F788C3F38A03BF1A0137BEB276
:10C3F00007EBD637ADF838003FB2A2EB91321844C4
:10C4000002EB67020138ADF83C0002EB5130013815
:10C410002B69ADF83A20ADF83E0006A90EAA4046B9
:10C420000BF0A8FAC8F8089013B0BDE8F08F00BF71
:10C43000B288671C4FEA5E340DF1180A0DF1380B13
:10C440000DE000BF0CEB04000FFA80FCADF83A00E1
:10C450000598234400B28445ADF83E30ABDCB6F914
:10C460000010CEF38A000FFA82F908444945A0F182
:10C470000100ADF83810ADF83C00E3DC2B69404614
:10C4800051465A460BF076FA3988BDF83820C1F388
:10C490008A039C18BDF83C20B8781344B6F90420F0
:10C4A000ADF8384024B29442ADF83C30E6DD41EAC4
:10C4B000004EBDF83AC0BDF83E30F088CEF34A34A5
:10C4C0000590BFE72DE9F04FA9B0349CDDE9328B30
:10C4D000119008469A4615460F460CF053FA58EA52
:10C4E0000A01064608BF002E28D0119839468268F6
:10C4F00020A8FBF7EDFB002800F00A83BDF88000C0
:10C50000BDF88410081A013004B222A81C211BF0C7
:10C5100037F820461AF01EFABAF1010F25900B9455
:10C5200072DB0DF1680948463946524600230DF08A
:10C53000B7F8484600210BF08DFF67E022A81C21C8
:10C540001BF01EF81AA82290B5F900008DF8A04043
:10C55000B7F902400F90B5F90260B5F90400ADF8E3
:10C5600090B0B7F900B0B7F904A0B7F90680B5F9F3
:10C5700006901090701EB442ADF868B0ADF86CA093
:10C58000ADF86A40ADF86E0002DD4046494605E070
:10C59000119822A90EF07CFAE988F8880131C84583
:10C5A000ADF86A10ADF86E0004DB119822A90EF008
:10C5B0006FFAE88839882A88ADF86810511E2A4633
:10C5C000B442C8BF3A46ADF86C100F9952888B45FB
:10C5D000ADF86A20ADF86E0003DC119822A90EF0C8
:10C5E00057FAA88810990130ADF86800B8888A45D4
:10C5F000ADF86C00C0F28C82119822A90EF048FAB6
:10C6000029B0BDE8F08F00BF4FF6FF700DF1500963
:10C610000D9048462946424601230DF041F8484610
:10C6200000210BF017FF0C9012A82290279034984D
:10C63000B7F900108DF8A000B7F904000A9101EBDA
:10C640000A0EB5F90010B7F90220B5F904C0ADF82B
:10C6500090B0B7F90680B5F902408E45A0EB0A0B01
:10C66000B5F906900991D8BF8E46E34502EB0A0161
:10C670000E90A8BFE346A142A8EB0A03D8BF21460B
:10C680004B453598A8BF4B46002E8DF8A100CDE94B
:10C690000F4249D0BDF88000BDF88470ADF8480065
:10C6A000BDF98250BDF98600ADF84C70DDF844A0AC
:10C6B0000B9F85422ADC0EB20FFA83FB1EE000BFFF
:10C6C00025983946ADF84A50ADF84E501AF09AFF09
:10C6D0002598BDF980102AB23B460CF0FFF88DF882
:10C6E0009800504622A90EF0D3F9DDE90F42BDF8BB
:10C6F000860001B28D4205F1010507DAA24201DD93
:10C70000B542F6DBC845DBDA5D45D9DD14A80CF08F
:10C7100017F90C980DF022FB0D9C4FF6FF71A0B29B
:10C72000884240F0EC81F0E1CDE907130FFA89F07F
:10C730000FFA88F1CDE9011081424FF000004FF06F
:10C740000001CDF80C90CDF81080B8BF0120A242B6
:10C75000C8BF0121DDE9098300224345C8BF01228A
:10C76000CDF818C00FFA8CF3DDF838C00FFA8CF64C
:10C770009E424FF00003B8BF01231A431143ABEBB5
:10C780000E02013212B2312A4FF0000240EA0100DB
:10C79000C8BF012240EA020910984646A0424FF065
:10C7A0000100F04663468DF89800CDF814B013DC14
:10C7B0005FEAC97010D0109822A9ADF84A00601E37
:10C7C000ADF84E001198ADF84880ADF84CB00EF0C1
:10C7D0005FF9DDF814B00E9BDDE9032100209142E2
:10C7E000B8BF012060EA0900C00700F005810A9C7B
:10C7F000B442069E40F31581DDF82CB0B34210DB45
:10C80000A888B9880130ADF848000798ADF84C10F9
:10C81000ADF84A00089822A9ADF84E0011980EF024
:10C8200037F9BDF88010BDF884005FEAC972ADF831
:10C83000481000F00F8102B20FFA88F001389042E0
:10C84000B8BF0246501A81B247F6FE7B119DB14631
:10C850005945ADF84C205DD80130214604B2099805
:10C860004FF000098142D8BF4FF0010903DDDDE937
:10C870000F10884220DC0798BDF9827006B2BE42D4
:10C880001ADD0DF1880A00BF25982146ADF84A70DF
:10C89000ADF84E701AF0B6FE2598BDF948103AB2C0
:10C8A00023460CF01BF88DF89800284651460EF0F0
:10C8B000EFF80137BE42E7D1DDE9012100208A42CD
:10C8C000A8BF012040EA0900DDF81890012821D115
:10C8D0000899BDF986000EB286421BDA22AF00BF6E
:10C8E000259801362146ADF84A60ADF84E601AF041
:10C8F00089FE2598BDF9481032B223460BF0EEFFB1
:10C900008DF89800284639460EF0C2F8BDF9860029
:10C910008642E5DB0598BDF9801000B2BDF88420A1
:10C9200001308842C8BF0146501A83B25B45ADF85A
:10C930004810ADF84C2000F2DB80013004B20E98B4
:10C940004FF0000A4845A8BF4FF0010A03DADDE9BD
:10C950000F10884220DC0798BDF9827006B2BE42F3
:10C960001ADD0DF1880900BF25982146ADF84A70FF
:10C97000ADF84E701AF046FE2598BDF948103AB24F
:10C9800023460BF0ABFF8DF89800284649460EF081
:10C990007FF80137BE42E7D1DDE9012100208A425C
:10C9A000A8BF012040EA0A00012840F0A1800899B0
:10C9B000BDF986000EB2864280F29A8022AF00BF97
:10C9C000259801362146ADF84A60ADF84E601AF060
:10C9D00019FE2598BDF9481032B223460BF07EFFB0
:10C9E0008DF89800284639460EF052F8BDF98600B9
:10C9F0008642E5DB7CE000BFE888F9880130ADF8CD
:10CA00004A001198ADF84E1022A9ADF84880ADF853
:10CA10004CB00EF03DF80E9B0A9CB442069E3FF7C8
:10CA2000EBAE38882988ADF84800481EADF84C00B8
:10CA3000079822A9ADF84A000898ADF84E00119861
:10CA40000EF026F80E9BDDF82CB0B342BFF6D8AE40
:10CA5000E7E600BFB5F90210B7F90220891A51457F
:10CA6000B8BF51460FFA81F9DDF844A0B9F1010FC2
:10CA7000ADF84C003CDB00240DF1880803E000BF5A
:10CA80000134A14534D07888BDF98210204405B224
:10CA9000F8888D42A0EB040006B203DABDF98600E7
:10CAA0008642EDDC259859461AF0ACFD2598BDF973
:10CAB00048102A465B460BF011FFBDF982108DF835
:10CAC00098008D4207DB50464146ADF84A50ADF81C
:10CAD0004E500DF0DDFFBDF986008642D0DC504699
:10CAE0004146ADF84A60ADF84E600DF0D1FFC7E7A2
:10CAF00014A80BF025FF0C980DF030F90D9C1AA826
:10CB00000BF01EFF20B20DF029F925981AF078F8E5
:10CB100029B0BDE8F08F00002DE9F04F91B08846B4
:10CB20004FF6FF718A424CD0446A9146B4F820A077
:10CB30000646534504D0608C238440F0080060848E
:10CB400020464FF4802157221DF054FF0546204611
:10CB50004FF4802159221DF04DFF0746706A2D8940
:10CB600000211FFA87FB1DF00DF8E91907EBDB33F5
:10CB7000C08A01FB09F21BB2A2EB63021044ADF8BC
:10CB80003E000844716A0138ADF84200888A098B7A
:10CB900001ADADF83C002846ADF840100DF00CF9A1
:10CBA00020464FF480212A461EF010FB0FAA404673
:10CBB00029460DF0E7F8608CA4F820A020F00800CA
:10CBC000608411B0BDE8F08F2DE9F0438DB0884648
:10CBD0004FF6FF718A425FD0456A1646B5F820903D
:10CBE00007464B4504D0688C2B8440F008006884CD
:10CBF00005AC20460BF09CFB28464FF480212246D2
:10CC00001EF02AFA28464FF4802159221DF0F2FE28
:10CC1000796AADF8260000293ED0084600211CF0B4
:10CC2000B1FFC8B30599BDF8262009890446C08A1A
:10CC3000114402EBD23212B2A0EB620001FB0600FB
:10CC400001AEADF80E0008440138A98AADF8120013
:10CC5000288BADF80C10D8F80810ADF8100003AA16
:10CC60003046FBF735F888B12046D8F80870143400
:10CC7000C8F8086018F018FD0346002605A94046CC
:10CC8000224600960AF0F4FFC8F80870688CA5F8F0
:10CC9000209020F0080068840DB0BDE8F08300000B
:10CCA0002DE9F04F9DB09F7B109207F00F08B8F16F
:10CCB000030F08BF4FF00408A8F1010ABAF1070FEB
:10CCC000099000F27C825FFA8AF08B2727FA00F045
:10CCD000C00700F074820FF2B05791F81AE057F8CD
:10CCE0002A900FF2C45757F82A00BEF1FC0F0A90A1
:10CCF000119100F2828040F2EC24C2F200040FF2A3
:10CD00006857267857F82A70764502D166684645F6
:10CD10006AD07E1E032E01D2002639E00A9827F041
:10CD200003077A4200F1010B6FF003040BEB0407D9
:10CD3000FE7840F2E850C2F2000006FB0EFCFF2E27
:10CD4000764600EB040518BF4FEA1C262E713E798B
:10CD5000043406FB0EF0FF2E764618BF060A6E71ED
:10CD6000787900FB0EF6FF28704618BF300AA871CC
:10CD7000B87900FB0EF7FF28704618BF380A17195C
:10CD80000437E871D2D1261D40F2EC24C2F200042F
:10CD9000012000FA0AF515F08A0F25D10A9F40F20A
:10CDA000E85CB85DC2F2000C00FB0EF2FF28704692
:10CDB00018BF100A721CBF5C0CF8060007FB0EF0CF
:10CDC000FF2F774618BF070A15F0750F0CF8027091
:10CDD0000AD10A9AB01C125C02FB0EF6FF2A7246B8
:10CDE00018BF320A0CF8002040F2E850C2F20000EE
:10CDF00084F800E0C4F804800A900998109E8068C6
:10CE0000B6F90010B0F90070B3F806A07C1AB3F8B8
:10CE100008C0B0F902E0B0F90420B0F90600B6F994
:10CE200002300C974FF00005D8BF2C46049401EB5C
:10CE30000A049442D3460591A2EB0107C8BF07F14B
:10CE4000010BBEEB03054FF00001D8BF0D4603EB0D
:10CE50000C01C21A8142644616A84FF01C016746B5
:10CE6000C8BF541C1AF08CFB11988189ADF8601072
:10CE7000817E807F8DF87010C0F3C2008DF8710044
:10CE8000FCF7D8FD0AF0E8FACDF82CA007FB0AF170
:10CE9000DDF810A08142B8BF08460E9019F05AFD87
:10CEA0003288ABF101071190199002EB0A01B81812
:10CEB0007288ADF854002A44ADF84C001019ADF852
:10CEC0004E0012A8ADF85010ADF85220ADF8562023
:10CED000ADF84810ADF84A200BF054FD079014A8A7
:10CEE000A54216900F941B9080F25481A7EB0A0084
:10CEF0000130119F2946BBEB0A0500B208900D9541
:10CF000040F360810B9A0B4601FB02A0DDF898C04C
:10CF100000FB08F10AEB0200A0EB0B0000FB08F09D
:10CF2000069005980C9ACDF840B09042C8BF0246D2
:10CF300054460CEBD10A0BEB000CD2430CEB020075
:10CF4000059005F003000B90601C0390A01CDDF819
:10CF500028E0C8F108060290E01C4FF0000C019098
:10CF600011E000BFBDF85600421C06980C9B0BEB6D
:10CF700000010F9801330AEBD10A8342A446ADF8B1
:10CF8000562080F20A810B9801F0070B29FA0BF268
:10CF90000C9328B39AF80000A6EB0B011040C84090
:10CFA00014BF1EF80000002007F80C000BEB08036C
:10CFB0005E45484694BF002322FA08F05E4598BFBC
:10CFC0000AF1010A0B990CF10104012940F09E803D
:10CFD000039902469B460598032807D268E000BFE4
:10CFE000049964460598032862D300BF9AF80000AC
:10CFF000A6EB0B031040D84014BF1EF80000002021
:10D0000038550BEB08005E454D4694BF002022FAD0
:10D0100008F55E4598BF0AF1010A9AF80020331A14
:10D020002A40DA4014BF1EF8023000233A19537028
:10D0300000EB080386424F4694BF002325FA08F709
:10D04000864298BF0AF1010A9AF80000F51A3840A2
:10D05000E84014BF1EF800000020907003EB0800A9
:10D060009E424D4694BF002027FA08F59E4298BF85
:10D070000AF1010A9AF80030371A2B40FB4014BF1E
:10D080001EF803300023D37000EB080B86424A469B
:10D09000119F94BF4FF0000B25FA08F2864298BF0B
:10D0A0000AF1010A10980431814204F104049DDB65
:10D0B0000798A8B1BDF95010BDF9562007EB0C0533
:10D0C000089B28460BF00AFCDDF828E08DF8680084
:10D0D00030B9089928461AF053FADDF828E000BF65
:10D0E0000D980E9920448842FFF43CAF02208DF841
:10D0F0006800099816A90DF0CBFCBDF85600DDF8C4
:10D1000028E0421CADF8522000242EE79AF80010C7
:10D11000F21A0140D14014BF1EF801100021395508
:10D1200003EB08019E42CE4694BF002120FA08FE80
:10D130009E4298BF0AF1010A0B980CF102040228E2
:10D1400004D18B46029972461CE000BF9AF8000099
:10D15000721A00EA0E00D04002D00A9A105C00E079
:10D16000002001EB080B8E424A46385594BF4FF021
:10D17000000B2EFA08F28E4298BF0AF1010A0199BB
:10D180000CF10304DDF828E005980328BFF42EAF66
:10D190008EE700BFBDF85620119FBDF8520091B236
:10D1A000884209D0501EADF8560002208DF8680064
:10D1B000099816A90DF06CFC384619F021FD1DB038
:10D1C000BDE8F08F079888B3BDF85620022616AC4C
:10D1D0000D4608E0BDF85600421C0F980135854207
:10D1E000ADF85620D9DABDF95010089B12B2384676
:10D1F0000BF074FB8DF8680020B1DDE90D10814261
:10D20000E8D307E0089938461AF0BAF9DDE90D10BD
:10D210008142DFD3099821468DF868600DF038FC13
:10D22000BDF85600421CADF85220D6E7022616ACD7
:10D230000D4610E0099821468DF868600DF028FC35
:10D24000BDF85600421CADF852200F9801358542BA
:10D25000ADF85620A1DADDE90D108142EAD2BDF821
:10D260005600421CF1E700BF02000000040000006D
:10D270000200000010000000020000000200000098
:10D28000020000000001000080000000C00000005B
:10D2900080000000F000000080000000800000001E
:10D2A00080000000FF000000C0C00308C2C00308E7
:10D2B000C0C00308C6C00308C0C00308C0C003083C
:10D2C000C0C00308D6C003082DE9F04FCDB0054615
:10D2D00013F0E0FF0446008E002800F0E7812846A6
:10D2E00013F0C6FF618C834641F0080060844BA9AF
:10D2F00020461CF0E5FC608C25AE40F00800258C33
:10D300004FF0000860843046A4F820800CF054FDF3
:10D310001DAF38460BF00CF820464FF4A0213246E2
:10D320001DF054FF20464FF4A0213A461DF094FE14
:10D33000608C002120F008006084204610220895AF
:10D3400025841DF057FB82462046002111221DF046
:10D3500051FB81462046002112221DF04BFB064660
:10D360002046002113221DF045FB07460BA8594615
:10D37000CDF824B01BF0B8FF4FF4A020189040F275
:10D380004850C0F604000C903BA80F90208E33A9A3
:10D3900000281091CDF8348000F0848131B20791DB
:10D3A00039B206910FFA8AF105910FFA89F10DF160
:10D3B000CC0A4FF0000B4FF00008049115E000BFBD
:10D3C00009980DF1CC0A514649AA4B46002700970F
:10D3D0000AF04EFC20461B210BAA13F05FFF208EA3
:10D3E0000BF1010B834580F05D81616A1FFA88F7BC
:10D3F00051F827301A780A3A08BF5A78002A08F1FB
:10D40000010227D197B251F827301A780A3A08BF9B
:10D410005A78002A08F1020224D197B251F8273035
:10D420001A780A3A08BF5A78002A08F1030211D183
:10D4300097B251F8273008F104081A780A3A08BF61
:10D440005A78002AD2D0E16A31F81B10CA06C7D434
:10D450000EE000BF9046E16A31F81B10CA06BFD447
:10D4600006E000BF9046E16A31F81B10CA06B7D447
:10D47000480609D4A08E4FF000098345089808BFDC
:10D4800000F02E0902E000BF4FF08009C1F3002038
:10D49000A16ABDF82C5101EBCB0231F83B10538847
:10D4A0002944ADF82411BDF82E119688D2880B447A
:10D4B00050EA0900ADF8263105EB06031144ADF83A
:10D4C0002831ADF82A111FD0618C208441F008006A
:10D4D0003BAD608428460CF06FFC50460AF028FFF4
:10D4E00020464FF4A0212A461DF070FE20464FF43E
:10D4F000A02152461DF0B0FD608C089920F0080074
:10D50000218460840AE000BF3BA825A9382219F0D5
:10D510003DFC50461DA9202219F038FCE06A9DF818
:10D52000E91030F81B0001F0FE01C0F3C0200844F0
:10D530008DF8E90049A80E9020461A210BAACDF8D3
:10D5400064B013F0ABFE9DF80F0181060AD4BDF85C
:10D550002611BDF82A21501A5FEA896A00F10106F6
:10D560003ED445E000F0C10101F11E008DF80F012D
:10D57000B4F91420079EBDF9243132449A4204BF05
:10D5800041F016008DF80F01B4F91810069BBDF993
:10D590002821C91A914204BF00F0EF008DF80F0155
:10D5A000B4F91620059BBDF926111A448A4204BF1E
:10D5B00000F0FB008DF80F01B4F91A20049EBDF9AC
:10D5C0002A31921B89B29A429AB204BF00F0FD0040
:10D5D0008DF80F01501A5FEA896A00F1010607D53C
:10D5E000E06A30F81B00400544BF881BADF82601F7
:10D5F00009983BA949AA0CF0C5FB606ABDF8301137
:10D6000050F82790BDF82C01BDF9DE70081A0130E2
:10D61000339ABDF9E0309DF8E95000B2CDE90070D1
:10D620000AA84946029524F03BFCBDF82401BDF848
:10D630002811BDF92820091A013109B2891A01EB14
:10D64000D17100EB6101BDF82601BDF82A71BDF969
:10D650002A303F1A01373FB2FF1A07EBD777ADF8F0
:10D66000241100EB67001144ADF82811C118BAF17C
:10D67000000FADF82601ADF82A117FF5A1AEE26AE0
:10D6800032F81B2052057FF59BAEB2B206EBD232C8
:10D6900012B2A0EB6200ADF82601A1EB6200ADF87A
:10D6A0002A018DE6608C20F0080060844DB0BDE852
:10D6B000F08F00002DE9F04F99B0054613F0EAFD18
:10D6C0000446284613F0D4FD82462046002132222B
:10D6D0001DF090F981462046002112221DF08AF9A2
:10D6E00006462046002113221DF084F907462046F5
:10D6F000002110221DF07EF911AD834628460AF064
:10D7000017FE20464FF400312A461DF0A5FCD4F840
:10D710002880B8F1000F40F099808020CDF814A047
:10D7200019F018F9D4F830A08046BAF1000F00F0D3
:10D7300089805046F2F74AFEBE46049680B3228F97
:10D74000C0F1000C0021002696422FD01AF80130BB
:10D750000CEB01070A2B08BF01367B1C24D0964234
:10D760002AD00AEB01035D780A2D08BF0136BD1CE3
:10D770001AD0964222D09D780A2D08BF0136033771
:10D7800012D096421CD0DB7804310A2B08BF013638
:10D790001CEB01037746D7D1049E002051E000BF67
:10D7A0000021814205D210E0002048E0049E814221
:10D7B0000BD3002045E000BF013102E0023100E060
:10D7C0000331049E77468142F3D2A0EB010C0B1A81
:10D7D0000020276B0F443F5C0A2F31D01D186E1CB0
:10D7E00008F8007024D0276B0F4407447F780A2F75
:10D7F00020D008EB0006AA1C777019D0226B0A44CF
:10D80000024497780A2F17D0EA1CB77010D0C71CB3
:10D810007E2F13D8226B0A440244D5780A2D0DD0EE
:10D820000430F570049E1A18D3D1604608E000BF9A
:10D83000604604E0013002E0023000E03846049E19
:10D8400077464044DDF814A00021017006EB090082
:10D85000049007EB0900059094F83C00002100F0CB
:10D860000F000138B0FA80F0450920461622CB445B
:10D870001DF0C0F84FF0FF3151FA80F0B0FA80F19E
:10D88000E06A4909002841EA050600F0918016F097
:10D8900045FA0546022803961AD1BDF95600E16AF9
:10D8A000119ABDF958309DF8617041F6FF76CDE9C7
:10D8B0000006039E07A8029724F0F2FABDF81C9018
:10D8C000BDF81E70CEB90599208B4944401A17E067
:10D8D000E06A07A915F0B0FC9DF81F10BDF81D20E7
:10D8E0004FF0FF374FF0FF3942EA0141012804BFF2
:10D8F000C2F38A094F0B002EE5D0A08A0499084490
:10D9000009EB0001E68A0139022DADF83C00ADF8C3
:10D91000401011D106EB0B00ADF83E003844013841
:10D92000E36AADF84200002711A90FAA50460097FC
:10D930000AF09EF93BE000BF20461CF023FA39B202
:10D94000401A00EBD07006EB6000ADF83E003844A2
:10D95000013807AEADF8420030465D46D3461FFAA7
:10D9600087FA0AF071F920464FF4003132461DF073
:10D970001BFB1FFA89F009EBD03000B24008ADF86C
:10D98000200007EBDA3000B24008ADF82200204654
:10D990004FF400316E22DA46AB461DF02BF8E36AF5
:10D9A000ADF81C000FAA5046314609F0E3FF039E74
:10D9B00007AD28460AF0BCFC204600212A461DF08F
:10D9C0004BFBBDF92E00079ABDF930309DF8397038
:10D9D00041F6FF71CDE9000106A84146029724F007
:10D9E0005FFAE08ABDF81A10E26A5844ADF83E00CA
:10D9F0000844ADF842004AB1C6B1BDF81800059A16
:10DA0000218B0244891AADF83C1016E0A58A204605
:10DA10001DF09CF9BDF91810401A00EBD07005EB11
:10DA20006000ADF83C00084408E000BFA08A0499FB
:10DA30000844BDF81810ADF83C000844ADF84000AB
:10DA4000002707A90FAA5046434600970AF010F98D
:10DA5000A06A18B119B0BDE8F08F00BF404619F0B8
:10DA6000CFF819B0BDE8F08F2DE9F04FDDB00546D5
:10DA700013F010FC8246284613F0FAFB82685BAC78
:10DA800005460AF1140120460D91FAF721F9002804
:10DA900000F09582A8680021039050463222AC60C5
:10DAA00000271CF0A7FF06465046002110221CF05C
:10DAB000A1FF81465046002111221CF09BFF1390CC
:10DAC0005046002112221CF095FF12905046002172
:10DAD00013221CF08FFF1190BAF82200BAF82040F0
:10DAE000AAF8207040F008004AAFAAF82200384691
:10DAF0000CF062F950464FF4A0213A461DF066FB47
:10DB000034AF38460AF014FC50464FF4A0213A4690
:10DB10001DF0A2FABAF82200079420F00800AAF833
:10DB20002040BAF81640AAF8220050461CF046FBE6
:10DB300009EB0601C04321440844ADF86601504694
:10DB40001CF034FB80465046002116221CF052FF88
:10DB500083461AA829460E951BF0C6FB4FF4A02059
:10DB6000279040F6D020C0F604001B903CA81E90E1
:10DB7000BAF826002CA91F9100284FF000011C9133
:10DB800000F01A820FFA89F15FFA8BF50C91691E89
:10DB900018BF0121129F6FEA0802BB199C18119B44
:10DBA0003FB2DB430B971FB20A97139F08EB0602A5
:10DBB000FF433FB2099714270F95012D08BF18277F
:10DBC000059708BF9C1A069489000026002404913A
:10DBD00007E000BFBAF82600109E0136864280F0AA
:10DBE000EB81BDF86621DAF82C10531C31F81610C1
:10DBF0001FB2ADF86231BDF972310A449F42ADF8EF
:10DC0000662100F3D981059A069B3AF8022058AFA5
:10DC10001A44049BFA52BAF824C0BCF1000FDCD0BD
:10DC200001EBD13000B2DDF83880109640100026AC
:10DC300062464FF0000E089013E000BF50461B21D3
:10DC40001AAA13F02BFBBAF824C013980BF1010E9B
:10DC500048441FFA8EF61FFA8CF2964200F1010436
:10DC6000B8D2DAF82810A0B251F8203001EB8001C8
:10DC7000002B14BF1B780023CDE911300F98551EDF
:10DC8000012813942AD1BDF86031DAF830705A1E99
:10DC9000ADF8642137F81640AE42A3EB0403ADF8AB
:10DCA000603145D202370024B3464FF0000951F8E5
:10DCB0002440002C1CBF24785FEAC4743BD037F8A2
:10DCC0001B4009F1010916FA89FB1B1BAB451FFA22
:10DCD00089F4ADF86031EADB2DE000BFBDF86421C6
:10DCE000DAF83070531CADF8603137F81640AE42A8
:10DCF0002244ADF864211BD202370024B3464FF012
:10DD0000000951F82440002C1CBF24785FEAC47439
:10DD100011D037F81B4009F1010916FA89FB22449A
:10DD2000AB451FFA89F4ADF86421EADB03E000BFDC
:10DD30004FF00009B346BDF96611BDF96E71B942E5
:10DD4000FFF683AF9DF84B51BDF862712C07ADF81B
:10DD50006030ADF86270ADF86420ADF8661011D592
:10DD60000D980FFA83FCB0F900400B980444644509
:10DD700008DABDF8480100EBD03000B2A3EB500048
:10DD8000ADF8600068070FD5BAF916000C9C3BB2DD
:10DD90002044984208DABDF8480100EBD03000B2C8
:10DDA000A7EB5000ADF86200E80612D5BAF91800EA
:10DDB0000A9F13B2384498420BDDBDF8480100EBCE
:10DDC000D03300F001001BB2104400EB5300ADF85B
:10DDD0006400A80711D5BAF91A00099A10448842BC
:10DDE0000BDDBDF8480100EBD03200F0010012B2AB
:10DDF000084400EB5200ADF86600BAF836001099FE
:10DE00003CAC814212D1BAF834001FFA8EF188423C
:10DE10000CD1BAF8201001F0600201F00600202AAF
:10DE200008BF203009070DD468B900BF20464AA9B1
:10DE3000382218F0ABFF2CA834A9202218F0A6FF36
:10DE400025E000BF0830BAF82210AAF8200041F0FF
:10DE50000800AAF8220020460BF0AEFF2CAD2846A1
:10DE60000AF066FA50464FF4A02122461DF0AEF9A2
:10DE700050464FF4A0212A461DF0EEF8BAF82200D1
:10DE8000079920F00800AAF82010AAF82200BAF892
:10DE90002400109918AD01FB00601A21289050460B
:10DEA0001AAA1D9513F0FAF9404621462A460BF0AE
:10DEB00069FFDAF82800129D50F8250000283FF489
:10DEC000BDAE50464FF4A02112221CF093FD5446E3
:10DED000824620464FF4A02113221CF08BFD804681
:10DEE00020464FF4A02110221CF084FD0646204657
:10DEF0004FF4A02111221CF07DFDBDF860112B46CE
:10DF000001EB0A07BDF86411A26AA1EB0805BDF890
:10DF10006211ADF858703144ADF85A10BDF8661171
:10DF2000EF1B081A52F82310ADF85E00BDF9C200CD
:10DF30000137119E349ABDF9C4303FB2A246083170
:10DF400006F00204CDE900075AA8ADF85C5002942F
:10DF500023F0A6FF84B9BDF86A11BDF86201089AE2
:10DF600001EBD131104409B2A0EB610200EB61007A
:10DF7000ADF85A20ADF85E005BAC14A8214658AA53
:10DF8000F9F7A6FEDDF8388000283FF457AE14A953
:10DF9000DAF82800C8F80810129916AA50F82100DB
:10DFA0002CA900F1080340460027009709F060FE05
:10DFB000C8F8084042E600BF0E98039981605DB042
:10DFC000BDE8F08F70B5054613F064F904462846A5
:10DFD00013F05EF90546406BB0F5A02F48D1A86B51
:10DFE000062805D828690021C17080F822100FE0AA
:10DFF00081B22046402206F071FE48B1D5E9040600
:10E000000021C17080F8221012201FF0FBFBB081AC
:10E01000298F20464FF4004206F060FE90B12E6931
:10E020006620F070204623F0CDFAB080204606F03E
:10E0300053FEA96B814206D12969B222CA700146FA
:10E0400001E000BFA96B89B220464FF4804206F080
:10E0500045FE002808BF70BD2E69FF2086F822000B
:10E06000204623F0AFFAF0832869018C0131018446
:10E0700070BD00002DE9F04FB3B08A6831AC0D4699
:10E08000804600F1140120460891F9F721FE00288E
:10E0900000F03981A8680021059040461222AC604A
:10E0A0001CF0A8FC0E904046002110221CF0A2FC9F
:10E0B0000A9040461BF0E8FDB8F8841007904046EF
:10E0C0000B911BF0C5FD0D90B8F8860008F1240BEC
:10E0D0000C905846FBF77EF98146404600211522F8
:10E0E0001CF088FCB8F88410B8F8826006910390A0
:10E0F00040464FF4A02115224FF4A02A1CF07AFCD0
:10E10000B8F884103222CDE90101404600211CF00C
:10E1100071FC044640461BF03DFF009040461CF059
:10E120003DF821AF049038460BF046FE40464FF4D0
:10E13000A0213A461DF04AF89DF89300B8F81A104D
:10E1400000F0F800BDF884208DF89300FF208DF8D2
:10E1500087005018ADF8C2000FA8294609951BF09A
:10E16000C3F8CDF870A040F2B850B8F882A0C0F65D
:10E17000040010900420BAF1000F119000F0C0804C
:10E180000B980799069A48430399000209B2514334
:10E19000721E09125143C1EB2041019A91FBF6F125
:10E1A000029B12B209B25A431312A9F10106C1EB44
:10E1B000204003FB161307900E980099B3FBF9F368
:10E1C000401A20440690DDE90C100026484319B29D
:10E1D00040F30F200129B8BF01210C9008F1700015
:10E1E0004B1E01EB222908F16C010B900A980D914E
:10E1F00004992044401A0E930A9004E0B8F882A0D3
:10E20000013656457CD208981D9605885846FBF77E
:10E210000BF90028F2D004460798AAF101017043D7
:10E2200090FBF1F006990844411908E08A465846E7
:10E230002146FBF7F5F8044600285146DED0207B46
:10E24000C207F3D198F8882001EB090A120754BFDE
:10E25000628900220E9BBDF9C4500B441FB2AF422D
:10E26000ADF8BC10ADF8C030E1DBBDF9C83009B283
:10E270009942C3DCB8F8823006FA82F2218992FB17
:10E28000F3F7ADF8881007FB1321626809040D9FAE
:10E29000C913C0F300100B9D535E37F9107035F9A8
:10E2A00010000C9DDB1B6B43C01B93FBF0F0B8F818
:10E2B00016300A9F281A3B441844ADF8BE00505E41
:10E2C00047F6FF718842B2D02FAF12975F46CB4618
:10E2D0000DF13C0921ADCDE91F0440461A214A4603
:10E2E000139512F0DBFF099829462FAA0BF04AFD7F
:10E2F00040461B214A46D946BB4612F0CFFF96E75F
:10E3000009980599816033B0BDE8F08F2DE9F04F91
:10E31000C1B08A6800F114073FAE0D46044630468E
:10E320003946F9F7D5FC002800F03483A868AE60C0
:10E330001390B4F882000228C0F02C8320460021FC
:10E3400032221CF057FB80462046002112221CF08E
:10E3500051FB15902046002110221CF04BFB14901D
:10E3600020461BF091FCB4F88490064620461BF032
:10E370006FFCB4F88610B4F814B00F9020461091DA
:10E380001BF008FEB4F816A0129020461BF006FF02
:10E39000AA6811903BA83946F9F79AFC002800F0CA
:10E3A000F98207950DF1E20528460AF047F8204664
:10E3B0004FF4A0212A461CF0A9FE2AAD28460BF0F6
:10E3C000FBFC20464FF400312A461CF0FFFE20469D
:10E3D0004FF4003101221CF00DFB81B20D9000EBD7
:10E3E000D13005B220464FF4003104226F100B9457
:10E3F0001CF000FB81B2089000EBD13000B241105C
:10E40000B7EB600FBDF8E400049700EBD03212B216
:10E410000391B8BF6910B1EB620F05DD9DF8EB10F9
:10E4200041F010018DF8EB10139C4546012805D1F1
:10E430009DF8EB0040F010008DF8EB000B9A06FB06
:10E4400009F1B2F8820041F30F2180B281424FF00E
:10E4500000000A91C8BF012002F124060690304650
:10E46000FAF7E2FFDDF81C800028A14600F0908258
:10E470000346159814992844129A58442944801A3E
:10E48000129001EB0A001199401A1190DDE90F106A
:10E4900048430B9940F30F200F9001F170000E904C
:10E4A000049801F16C02411CC04309900D980C9135
:10E4B000023880B24FF6FD7188424FF00000109292
:10E4C00038BF0120089A023A92B28A424FF0000106
:10E4D00038BF012108400290059607E030461946F2
:10E4E000FAF79EFF0346002800F05282187BC1070E
:10E4F000F4D10B9D198995F88820ADF8E210ADF89C
:10E50000AC10120754BF5F89002712993AB2ADF8D8
:10E51000F810ADF8F41059680D9231F91210109AF4
:10E52000C0F300100E9C32F9102034F910000F9C3B
:10E53000891A6143801A91FBF0F01199201A08445E
:10E54000ADF8F60018A8414615931AF0CDFE40F23A
:10E55000B850C0F60400199003201A904FF4A02080
:10E56000B5F882C0159B25900DF1E2001E902AA8F7
:10E57000BCF1000F1C90299316D00698B9F904201D
:10E5800000280C98BDF9F410BDF8F6400244ADF82F
:10E59000F810ADF8FA4059D08A4280F287804FF0E7
:10E5A000000B4FF0000A05E04FF0000B4FF0000A9F
:10E5B0004FF0000CBBEB0C0018BF01200699DDF8F2
:10E5C0001C8081F00101059E159B084386D1586887
:10E5D00039B230F8112047F6FF75AA423FF47EAFFA
:10E5E000BDF8F420049E4F46931BADF858303244DA
:10E5F000BDF8F630039EADF85C209A1BADF85A20AA
:10E600009A19ADF85E20AAF10102269200220DF1BE
:10E610005809CDE92122CDF86C9030F911000B9DFD
:10E6200018AC059E289028461A21224612F036FE84
:10E6300040462AA94A46B9460BF0A4FB28461B21AE
:10E64000224612F02BFE159B48E700BF8A42FFF6D8
:10E6500045AF0D9A129892FBFCF1ADF8F40001FB66
:10E660001C2E1A7B10985968C2F3001230F9123030
:10E670000E9831F91E1030F912200F98C91A414333
:10E68000D21A91FBF2F1159B411A1198BCF1010FBE
:10E690000144ADF8F6103FF421AF0A9E129B4FF0F3
:10E6A000010A4FF0010B0894019409E10D9A1298A8
:10E6B00092FBFCF1ADF8F40001FB1C271A7B1098CB
:10E6C0005968C2F3001230F912300E9831F9171060
:10E6D00030F912200F98C91A4143D21A91FBF2F176
:10E6E000BCF1010FA0EB010111980144ADF8F61047
:10E6F00006D14FF0010B4FF0010A4FF0010C59E722
:10E70000DDF828804FF0010ABE464FF0010B14E0FF
:10E710000B9C1B21204618AA12F0C0FDB4F882C041
:10E720000A98149F0AF1010ADDF84C900BF1010BD5
:10E730008044E245BE46BFF43DAFB9F904500C98A1
:10E74000BDF9F430BDF8F62005449D42ADF8F8302F
:10E75000ADF8FA20C0F21881ACF1010598FBF5F58F
:10E7600012980E9E47190D98ADF8F47000EB0A054B
:10E7700095FBFCF4159804FB1C514568149109B2F3
:10E78000047B089135F911001099C4F3001431F994
:10E79000141036F91440401A611A0F9C604390FB24
:10E7A000F1F01199201A0844ADF8F600B9F900000B
:10E7B000099C39B220448842B2DC98B2049B0FFA1B
:10E7C0008EF4C11AADF8581003991844ADF85C00E6
:10E7D000501AADF85A005018ADF85E00AAF10100C9
:10E7E000269035F9140047F6FF76811B3EAA18BF24
:10E7F0001146089F219135F817103DAA891B18BFB3
:10E800001146229116A928900B981B911A2118AA3B
:10E8100012F044FD159A079D506830F81410B1426B
:10E820000BD030F81700B04207D028460DF1E201B6
:10E830003EAA3DAB09F0F2FD159A029800283FF47C
:10E8400067AF506830F81400B0423FF461AF28461B
:10E850002AA916AA0BF096FA5AE700BFA9F10100FF
:10E86000ADF8F400ADF8F800B8B291B2ADF8FA70B6
:10E87000884208BF01320798ADF8F6200DF1E20199
:10E880003EAA3DAB09F0CAFDBDF8F400CDF8048006
:10E8900000F101090B98ADF8F490B0F882C0CDF802
:10E8A000208000BF0A98149F0AF1010A4B46DDF848
:10E8B0004C900BF1010B0644E245BE46BFF47AAE24
:10E8C000B9F904200C98BDF8F6101DB20244AA4212
:10E8D000ADF8F830ADF8FA1056DBACF1010196FB5B
:10E8E000F1F11298109C00EB01090D98ADF8F4902D
:10E8F00000EB0A0191FBFCF5159805FB1C12077B48
:10E90000416815041492ED13C7F300170E9A485F7F
:10E9100034F9174032F917700F9A001B50433C1B13
:10E9200090FBF4F0119C101A04EB00081398ADF85A
:10E93000F680B0F90000099A0FFA89F41044A04259
:10E94000B0DC0FFA8EF031F8100047F6FF729042FB
:10E95000A8D0485B9042A5D0089A019812B20FFA4D
:10E9600088F100B28A420F46D8BF0A468842B8BF33
:10E9700007461FFA89F099B281427FF46FAF019781
:10E98000089299468EE700BF1FFA8AFB774611E688
:10E99000C8F8089041B0BDE8F08F00002DE9F04FB5
:10E9A000B9B08A6837AE0C46814600F11401304692
:10E9B000F9F78EF9002800F04382A0680021019049
:10E9C000484632222546A6601CF014F80446484604
:10E9D000002112221CF00EF8079048460021102258
:10E9E0001CF008F80F9048461BF04EF9B9F8841057
:10E9F000CDE90D0148461BF02BF9B9F886100C91B2
:10EA0000B9F81410CDE90A1048461BF0C3FAB9F85A
:10EA100016108246484609911BF0C0FB0DF1CA064C
:10EA20000890304609F00AFD48464FF4A0213246CE
:10EA30001CF06CFB24AE30460BF0BEF948464FF498
:10EA4000003132461CF0C2FB48464FF4003101222F
:10EA50001BF0D0FF81B2804600EBD13006B24846B1
:10EA60004FF40031042277101BF0C4FF834680B2BC
:10EA70000BEBD03000B24110B7EB600FBDF8CC000B
:10EA8000069700EBD03212B20591B8BF7110B1EB0E
:10EA9000620F05DD9DF8D31041F010018DF8D31001
:10EAA000012805D19DF8D30040F010008DF8D30067
:10EAB00009F124073846FAF7B7FC002800F0BE81B8
:10EAC000064607980A99204408440F99DDE90B325D
:10EAD000A0EB0A0A099821445A430844DDE90D31A4
:10EAE000120A5943089B0F92C01A0E9009F1740044
:10EAF0000D9009F178000C9041F30F200B9009F173
:10EB00006C000A9009F17000099010B20890A8F109
:10EB1000020080B24FF6FD71ABF1020288424FF065
:10EB2000000092B238BF01208A424FF0000138BF86
:10EB300001210840CDE902700495CDF81CA008E041
:10EB4000029F38463146FAF76BFC0646002800F073
:10EB50007581317BC807F4D1308999F88820ADF8E8
:10EB6000CA00ADF89400120754BFB6F80AB04FF0CF
:10EB7000000B7068ADF8D8A0ADF8D4A00FFA8BF7F1
:10EB800030F817000A2805D14EF20100ADF8D40084
:10EB900027E000BF0222306802EA91020D990C9B27
:10EBA00030F91700895E9A5E0B9C0023009417F0E1
:10EBB00061FE317B5044ADF8D4007068C1F300129F
:10EBC0000A99099B30F9170031F9121033F9122014
:10EBD000089C0023009417F04DFE0F99081A0E9917
:10EBE0000844ADF8D60012A829461AF07DFB4FF470
:10EBF000A0201F9040F2B850C0F6040013900320EC
:10EC0000B9F8821014900DF1CA00189024A80029B8
:10EC10001690239600F0D88097FBF1F0359A00FB10
:10EC2000117B7068369230F91B0047F6FF729042F4
:10EC300028D0317B099BC1F300120A99089C31F955
:10EC4000121033F912200023009417F013FE0F99CD
:10EC50000222081A0E990C9B0844317BADF8D600AD
:10EC6000306802EA91020D9930F91B00895E9A5EC4
:10EC70000B9C0023009417F0FDFDB9F8821050445E
:10EC8000ADF8D4004FF001080229C0F093805C4633
:10EC900047F6FF750DE000BF48461B2112AA12F08F
:10ECA000FDFAB9F8821008F1010888455C4680F049
:10ECB000818007EB080292FBF1F3359803FB112BDF
:10ECC000369070680FFA8BFA30F91A00A842E8D033
:10ECD000317B099BC1F300120A99089D31F912108A
:10ECE00033F912200023009517F0C4FD0F9902227A
:10ECF000081A0E990C9B0844317BADF8D600306899
:10ED000002EA91020D9930F91A00895E9A5E0B9D14
:10ED10000023009547F6FF7517F0ACFD0799069A9A
:10ED20000844BDF8D810ADF8D400881AADF84000FA
:10ED30008818BDF8DA10059AADF84400881AADF8C5
:10ED400042008818ADF84600A8F1010020907068D4
:10ED500024B230F9141036AB4A1B18BF1A461B9266
:10ED600030F81A0035AA401B18BF10461C9010A896
:10ED70001590229148461A2112AA12F08FFA706853
:10ED800030F81410A94287D030F81A00A84283D076
:10ED900004980DF1CA0136AA35AB09F03FFB039880
:10EDA00000283FF479AF049824A910AA0AF0EAFFDA
:10EDB00072E700BF1FFA88F0049DDDF81CA08142B5
:10EDC0007FF4BEAE02E000BF4FF0000870680FFA9B
:10EDD0008BF130F8112047F6FF739A423FF4B0AE42
:10EDE000BDF8D420069F12ACD31BADF840303A4496
:10EDF000BDF8D630059FADF84420DA1BADF84220AF
:10EE0000DA19ADF84620A8F101022092002210AFD5
:10EE1000CDE91B22159730F911001A21229048469E
:10EE2000224612F03BFA284624A93A460AF0AAFFE5
:10EE300048461B21224612F031FA81E60198A8606B
:10EE400039B0BDE8F08F00002DE9F04FB1B00646B3
:10EE5000042A4FF0000A05911AD8DFE802F00317E0
:10EE60000D19670006F13C0ABAF8080047F6FE7172
:10EE7000084214D1D3E100BF06F1480ABAF80800ED
:10EE800047F6FE7108420AD1C9E100BF06F1540AF3
:10EE9000BAF8080047F6FE71084200F0C08101B2DE
:10EEA000002907D4BAF8001021B9BAF802100029D5
:10EEB00000F0B581BAF806106FF3DF3001386FF358
:10EEC000DF3100FB01F7002F00F0A981304600215F
:10EED000154612221BF08EFD81463046002132225B
:10EEE0001BF088FD0A9030461AF0CEFEB6F884106A
:10EEF0002C4627AD83462846089109F019FA30467A
:10EF00004FF4C0212A461CF0A7F8B6F8148030460A
:10EF10001BF040F8BAF90810022C099410D0B1F196
:10EF2000FF3F15DD002103911DE000BF06F1600ADF
:10EF3000BAF8080047F6FE710842B0D16FE100BF91
:10EF4000B1F1FF3F40F34881002103914FE100BF41
:10EF50004C46814630464FF4C02110221BF04AFD3A
:10EF600003904846A146F18A4D1E0A99089A4944E1
:10EF700041440DF1920802FB0BF2A1EB000940465F
:10EF80000795140A09F05AFA30464FF4C021424658
:10EF90004FF4C0251CF0BAF800200599CDF8960072
:10EFA00012A81AF0A1F940F2B850C0F6040013906C
:10EFB000062014900220CDE91F5096F8880027A95A
:10EFC00000F0070002281791CDF860801AD1304672
:10EFD000002115221BF00EFDB6F8841000B2484344
:10EFE00021B2B6F8822001EB202191FBF2F1099DBC
:10EFF00009B2A1EB202000EBD07109EB6102241AC9
:10F0000002E000BF099D4A46A81E18BF01200890D3
:10F0100007980DF1480BADF8C20020B20A9006F136
:10F020007400079006F178004FF0000806900497EE
:10F030000BE000BF30461B215A4612F02FF908F1B1
:10F040000108B8454A4600F2EA80BAF80600BDF960
:10F0500094100A9C6FF3DF30611AB8FBF0F301FBE8
:10F0600008F1B1FBF7F103FB108450185146ADF8DD
:10F07000C000ADF8BC00BDF8C200002C18BF0231C2
:10F080000988022D18BF49420844ADF8BE0096F821
:10F090008800914600F0070030A903282FA81B9193
:10F0A0001C900ED1DDE907103A4631F9103006996F
:10F0B00031F91050404600210095099D17F0DAFB08
:10F0C0000346229324B9BAF90800B0F1FF3F25DDC9
:10F0D00000201790CDE91D0030461A215A4612F043
:10F0E000DDF8BDF89400BDF9C01000EBD03000B2DF
:10F0F000B6F9142001EB600191429BDBBDF9BC1015
:10F100004010B6F91820081A904293DC05980DF1CA
:10F11000920130AA2FAB09F081F98BE70EAC40F6D3
:10F120006D7220461021C0F604021FF0DBFD27A8F7
:10F13000179010201E9030461A215A461D9412F046
:10F14000ADF8BDF9AE001D99279ABDF9B030009019
:10F1500041F6FF7001900DA80027029722F0A0FE53
:10F16000BDF83400BDF8BC1000EBD03002B2A1EB0A
:10F17000620001EB6201BDF8BE20022DADF82C004B
:10F18000ADF830100AD0039BD21ABDF83630ADF876
:10F190003220D21AADF82E2009E000BF039B1A449A
:10F1A000BDF83630ADF82E201A44ADF83220B6F94D
:10F1B000142009B2049F914293DBB6F9181000B2F3
:10F1C00088428EDC1D9B0598002727A90BAA009773
:10F1D000049F08F04DFD84E74C46814630464FF4CD
:10F1E000C02111221BF006FC03904846A146059958
:10F1F000728B89680132B1F9063015B29D420EDC7E
:10F20000279A039BB2F9082005FA83F31A44BAF946
:10F210000030B1F902101A448A42BFF6A6AE31B0EE
:10F22000BDE8F08F2DE9F04FB7B014460646042A2A
:10F230004FF000000891109013D8DFE804F0030BA2
:10F2400007120F0006F13C000AE000BF06F148007B
:10F2500006E000BF06F1540002E000BF06F16000C6
:10F2600010901098B0F90800002807D41099098868
:10F2700021B910994988002900F0608180B26FF3AC
:10F28000DF300228C0F05A8110990138C9886FF325
:10F29000DF31484300280F9000F0508130460021B4
:10F2A00032221BF0A7FB0B903046002110221BF0EE
:10F2B000A1FB0A9030461AF0CBFCB6F886100590F8
:10F2C0000C91F18A304609911AF068FF04905CB104
:10F2D00030464FF4C02113221BF08CFB06F11807B7
:10F2E000012506900BE000BF30464FF4C0211222EA
:10F2F00006F114071BF07EFB06904FF6FF75A04643
:10F30000002C18BF4FF001081098B7F80090018842
:10F310004088012C18BF49420E9118BF40420DF1A0
:10F32000CA070D90384609F089F830464FF4C021DD
:10F330003A464FF4C02B1BF0E9FE0DF1A80A5046E7
:10F3400008F0F6FF30464FF4C02152461BF084FE11
:10F35000089918A819F0C8FF40F2B850C0F6040088
:10F36000199006201A900C980599CDE91DA74843DD
:10F3700040F30F200C90DDE90A100F9F0844099913
:10F380004D44084404994FF0000A401A0B9006F1CE
:10F390006C000A9006F170004FF000090794CDE967
:10F3A00025B409900BE000BF30461B2118AA11F0CC
:10F3B00075FF013F781C09F1010900F0BF80BDF91C
:10F3C000CC000C990F9A081A00FB09F0B0FBF2F080
:10F3D0000B99ADF8D85008441099ADF8DA00C988F7
:10F3E000ADF8D6006FF3DF31B9FBF1F303FB119BEE
:10F3F000DDE90D01BBF1000F08BF08462844ADF858
:10F40000D40036A821900A98002130F918300998C4
:10F4100030F9184035A822903846009417F02AFA9F
:10F42000BBF1000F289006D103461098B0F90800F0
:10F43000B0F1FF3F26DD30461A2118AACDF874A09E
:10F44000CDE923AA11F02AFFBDF8CC00BDF9DA10EE
:10F4500000EBD03000B2B6F9162001EB600191420A
:10F46000A2DBBDF9D6104010B6F91A20081A904256
:10F470009ADC08980DF1CA0136AA35AB08F0CEFF28
:10F4800092E700BF14AC40F66D7220461021C0F622
:10F4900004021FF027FC2AA81D901020249030465B
:10F4A0001A2118AA239411F0F9FEBDF9BA00239984
:10F4B0002A9ABDF9BC30009041F6FF70019013A864
:10F4C000CDF808A022F0ECFCBDF84E00BDF8D61037
:10F4D00000EBD03002B2079BA1EB620001EB6201AE
:10F4E000BDF8D420ADF84600ADF84A1043B1069BF4
:10F4F0001A44BDF84C30ADF844201A4408E000BF6F
:10F50000BDF84C30069C2344D31AADF84430121B8E
:10F51000B6F9163009B29942ADF8482094DBB6F935
:10F520001A1000B288428FDC239B08982AA911AADE
:10F53000CDF800A008F09CFB86E700BF37B0BDE81F
:10F54000F08F00002DE9F04F81B00C4620211E46BF
:10F55000904605461BF06CFC50B30A98032833D143
:10F5600028461AF00BFE074614F036FC8146284662
:10F57000002112224FF0000B1BF03CFA8246284675
:10F58000002113221BF036FA012F6DD0022F5FD01D
:10F59000032F4FD1A98A2A8B00B2521A013212B21C
:10F5A00000FA8AF0101AB9F81420B9F8183032E0CD
:10F5B000301948BF744224B2A045B8BF444620B2B7
:10F5C00001B0BDE8F08F00BF28461AF0DFFD074606
:10F5D00014F002FC81462846002110224FF0000B57
:10F5E0001BF008FA82462846002111221BF002FA7D
:10F5F000012F3DD0022F31D0032F1BD1E98A6A8B16
:10F6000000B2521A013212B200FA8AF0101AB9F896
:10F610001620B9F81A3000EBD070514401EB6000AD
:10F62000991A01318BB201EBD33109B202EB610BB4
:10F6300022E000BF0020B6F1FF3F21DC4FB300B253
:10F640000FFA8BF1814224DD20B201B0BDE8F08FCA
:10F65000298BB9F818B0081A0EE000BF698BB9F809
:10F660001AB0081A08E000BFA88AB9F814B002E07E
:10F67000E88AB9F816B050440227B6F1FF3FDDDD45
:10F68000B8F1FF3FE0DC27B100B20FFA8BF1814205
:10F69000DADB002C48BF023C20B20028C8BF02348D
:10F6A00020B2C0F34170204400B2841020B201B0F7
:10F6B000BDE8F08F2DE9F04F85B0CDE903230C466E
:10F6C00007461AF05BFD002800F0888005463846A2
:10F6D00000211222A0461BF08DF9814638460021F8
:10F6E00013221BF087F9064638461AF05BFA002809
:10F6F00074D0044630B240F2010A0196CDF8089069
:10F7000000FA89F04FF0000B41F6FF79C0F2040ACD
:10F710004646009004E000BF0BF1010B5C4557D05A
:10F72000B8685146006850F82B8040461BF088FBB3
:10F730000028F1D140464FF480511BF079FB00289E
:10F74000EAD0032D10D0022D08D0012DE4D1B98AC2
:10F75000029AB8F8140011441FE000BF398B019AD7
:10F76000B8F81800891A18E0B8F81400B8F818109A
:10F77000029B091A01318AB201EBD23109B200EBC6
:10F780006100B98A3A8B0B44511A0131009A09B2CF
:10F79000891A01EBD17103EB6101049A104400B2A4
:10F7A000B042B9DB039A9042B6DC401A01B280EA5B
:10F7B000E132A2EBE1310FFA89F289EAE233A3EBFD
:10F7C000E23289B292B2914238BF8146A4E700BFCB
:10F7D0001FFA89F041F6FF71884205D1002000B27E
:10F7E00005B0BDE8F08F00BFC9F1000000B205B060
:10F7F000BDE8F08F2DE9F04F85B0CDE903230C462D
:10F8000007461AF0C3FC002800F0888005463846F9
:10F8100000211022A0461BF0EDF881463846002159
:10F8200011221BF0E7F8064638461AF0BBF900280B
:10F8300074D0044630B240F2010A0196CDF8089027
:10F8400000FA89F04FF0000B41F6FF79C0F2040A8C
:10F850004646009004E000BF0BF1010B5C4557D019
:10F86000B8685146006850F82B8040461BF0E8FA13
:10F870000028F1D140464FF480511BF0D9FA0028FE
:10F88000EAD0032D10D0022D08D0012DE4D1F98A41
:10F89000029AB8F8160011441FE000BF798B019A54
:10F8A000B8F81A00891A18E0B8F81600B8F81A1053
:10F8B000029B091A01318AB201EBD23109B200EB85
:10F8C0006100F98A7A8B0B44511A0131009A09B20E
:10F8D000891A01EBD17103EB6101049A104400B263
:10F8E000B042B9DB039A9042B6DC401A01B280EA1A
:10F8F000E132A2EBE1310FFA89F289EAE233A3EBBC
:10F90000E23289B292B2914238BF8146A4E700BF89
:10F910001FFA89F041F6FF71884205D1002000B23C
:10F9200005B0BDE8F08F00BFC9F1000000B205B01E
:10F93000BDE8F08F2DE9F04F85B091460E46DDF819
:10F940003C80002101220093834600251BF052F8E1
:10F9500004465846002104221BF04CF8F178049626
:10F960008A0710D5CA0704D0A3B242F2D176B342B7
:10F9700005D042B980B242F2D172904203D10498CC
:10F9800001F0FD01C17011F001004AF64D50C0F6C2
:10F99000020049F685520146C0F6020208BF114630
:10F9A000019108BF0246584649460292A8F8045001
:10F9B000C8F80050C8E90255C8F810501AF0E2F82B
:10F9C000002800F0CD800125DDF808A00646C0F231
:10F9D00006054C46CDF80C904C4507D030464FF408
:10F9E00000011BF025FA002840F0F480304629463B
:10F9F0001BF026FA002840F09A8040F2F420C2F270
:10FA000000004289304600211AF0F4FF5FFA80F9C5
:10FA1000B9F1000F66D098F81410D8F81000C90793
:10FA2000B8F804100E9A00F101001144C8F8100053
:10FA3000A8F8041069D000EB8000800016F08AFF5F
:10FA4000002800F08B80D8F80C10074671B1D8F868
:10FA500010006FF0130200EB800002EB80023846CA
:10FA600017F094F9D8F80C0017F0CAF8D8F810007D
:10FA7000DDF810A000EB800007EB800040F8146C6C
:10FA80009AF803000222C00730464FF0000108BF79
:10FA900005221AF0AFFFD8F81010032201EB810104
:10FAA00007EB810121F8100C9AF803000021C00730
:10FAB000304608BF06221AF09DFFD8F81010DDF876
:10FAC00008A001EB810107EB810121F80E0C11F870
:10FAD000040C41F8089C00F0FE0001F8040CC8F882
:10FAE0000C7012E00199304688470499CA78B8F83A
:10FAF0000410920704D50AB2009B02449A426FDCBC
:10FB00000E9A10440844A8F804003046D047B8F9CB
:10FB10000010884202DD3046D0470146D8F8080080
:10FB2000DDF80C900130A8F80010C8F8080004981F
:10FB3000C07840074FF0FF3058BF0120241849D447
:10FB4000584621461AF01EF8064600287FF444AFB6
:10FB50000025B8F90400012807DA0AE0FEE700BF33
:10FB60004C46B8F90400012803DB0E99401AA8F8A6
:10FB70000400D8F81010009A002908BF0246B4EB20
:10FB8000090018BF012085F001010843A8F80220F0
:10FB90001BD1DBF8080004990068C97850F8295097
:10FBA00048074FF0FF3058BF012009EB000465B152
:10FBB0000299284688470199A8F8000028468847F6
:10FBC000A8F802000120C8F80800204605B0BDE8EA
:10FBD000F08F00BF0125B8F904000128C5DAC8E795
:10FBE000DDF80C900125B8F904000128BDDAC0E762
:10FBF0002DE9F04F97B040F2F424C2F2000462887D
:10FC0000002105461AF0F6FE074600F0010B06201B
:10FC100000EA5700584480F00100A2880A908DF84D
:10FC20005B00284600211AF0E5FEE2888DF85800B6
:10FC3000284600211AF0DEFE22898DF85900284658
:10FC400000211AF0D7FE0D908DF85A0028460021A9
:10FC500016220F951AF0CEFEBBF1000F054606974F
:10FC600010D00F9C0021204615221AF0C3FE8046BA
:10FC70002046002114221AF0BDFE0890204619F0FB
:10FC8000E7FF0FE00F9C0021204614221AF0B2FE7D
:10FC900080462046002115221AF0ACFE089020462E
:10FCA00019F0F2FF0E90E8B20B900F9E0021304643
:10FCB00032221AF09FFEF48A0546304600211022B7
:10FCC0001AF098FE074630461AF078FA611939445E
:10FCD000B48AA1EB00093046002112221AF08AFEF4
:10FCE000074630461AF062FA61193944A1EB000A5E
:10FCF0003046002101221AF07DFE84B230460021F8
:10FD000004221AF077FEBBF1000F81B2CDF830B0BB
:10FD10000994079108D142F2D170814204D10F9821
:10FD2000408C40050BD519E0BBF1000F09D042F221
:10FD3000D170844205D10F98408C000501D4002079
:10FD40000D90BBF1000F09D00B98012806D10D983A
:10FD5000C0B258B1012804D00AE000BF0D980006D7
:10FD600006D1D44600200024B6E000BF01200D904B
:10FD70000F9806998068C9B240680907421E12EAC6
:10FD8000E1724FF000053DD482424FF0000431DAB9
:10FD9000CDF818A0DDF820A0002710AE0FFA8AFADF
:10FDA00016AD00BF9DF854000E9B00F0FE008DF8CC
:10FDB00054000F982946CDE900A6FFF7BBFD024687
:10FDC000BDF8400004EB08010C18002AA7F1010758
:10FDD00004D40F98806840688242E3DB9DF85B00A2
:10FDE000002F0A9018BFA4EB0804DDF830B0DDF84E
:10FDF00018A07D420A98C00708D10F9819F044FF57
:10FE000007E000BF00240A98C007F6D00F9819F049
:10FE10001FFF0D9F29B2FA1ED2B202293B46B8BF7E
:10FE20000223032A4FF0FF3228BF3B4652FA83F2E7
:10FE3000042A4FD8DFE802F00440182C0C0000BF61
:10FE4000001B4946BBF1000F18BF514608443EE075
:10FE50000021CFF6FF71001B01EB054100B2091430
:10FE6000D44690FBF1F037E04FF48031001B01EBFA
:10FE7000054100B2091490FBF1F04946BBF1000FB7
:10FE800018BF514601440CBF89468A46D44623E038
:10FE9000001B00B290FBF1F04A4681B200EBD13179
:10FEA00009B2BBF1000F18BF524602EB61010CBF53
:10FEB00089468A46D4460FE021B2401A00EBD07042
:10FEC0004946BBF1000F18BF514601EB60000CBF63
:10FED00081468246D44600200F99DDF828A0896823
:10FEE0000B9A49684FEA4A734F1E82F0010207EAF3
:10FEF000E3770AF001030C9E42EA03054A46002E0E
:10FF000018BF62462244134618BF4B46002D1CBF43
:10FF10004B466246002E08BF6246002F00F1D0809B
:10FF20008F4280F2CD8014B20B9A08990FFA83FAAF
:10FF3000012A40440D9055D10FFA81F99DF85400E3
:10FF40000E9B40F001008DF854000F9816A93A4618
:10FF500010AECDE90096FFF7EDFC9DF85B1005466D
:10FF6000CE070BD10C99BDF840000029514618BFAF
:10FF70002146A1EB00000CBF824604460FFA8AF02E
:10FF800021B2CDE900100E9816A9CDE902090F980B
:10FF90003A462B4610AF0497FBF758FA139816F021
:10FFA0002FFE3EB90C9A5046002A18BF20460D99E4
:10FFB000401A09E00C9A5146BDF84000002A18BFCB
:10FFC00021460D9B18440844002A0CBF8246044673
:10FFD000002D75D40F982F46806840688542ADDBB0
:10FFE0006EE000BF08B2AEB30C90DDE90E59DDF84B
:10FFF00030B000BF9DF8540016A940F001008DF804
:020000040801F1
:10000000540048463A462B460DF14008CDE900B869
:10001000FFF790FC064620B2CDE9000A484616A933
:100020003A463346CDE9025BCDF81080FBF70EFA75
:10003000139816F0E5FD002E42D40F99BDF840004C
:1000400089680D9A4968104404448E423746D1DBD2
:1000500036E000BF0C90DDE90E5ADDF830B000BF8D
:100060009DF854000DF1580840F001008DF854003F
:10007000504641463A462B4610AECDE900B6FFF752
:1000800059FC06460FFA89F0CDE90040504641463A
:100090003A46334610AFCDE9025B0497FBF7D6F939
:1000A000139816F0ADFD002E0AD40F99BDF840004C
:1000B00089680D9A4968104481448E423746CFDBE7
:1000C000099942F2D170814202D00799814202D14E
:1000D0000F981BF001FF0F982B21002217B0BDE8ED
:1000E000F04F11F0DBB800002DE9F0470446007F27
:1000F000C00740F0B980E568914688464FF0010A94
:10010000002600BF15B12946BEB912E0207FB6FA1D
:1001100086F100F00800490941EAD00000EA0A002F
:10012000012840F0A1802046C04701464FF0000A58
:100130001EB900290E4600F097803DB12046C84701
:100140000546B04200F090801DB9DBE70D46002D5A
:10015000D8D028681AF010FC0006D3D42F688FB1CD
:10016000384601211AF064FE30B9384619F062FEB3
:1001700007460028F4D105E0384601211AF058FE60
:100180000028BFD1E06885426ED098B3D0F80080D7
:10019000002013F013FEF0B1074600264FF00009CF
:1001A00007E000BFB9463E46384613F007FE074653
:1001B00060B1384613F048FE796DA142F4D10428AD
:1001C000F0D002283E46EFD1B94608E0B9F1000F61
:1001D00005D1B1461EB9002013F0F0FD814640461E
:1001E0000F214A4611F05AF801283DD1E068006815
:1001F0001BF05EF9E560D5F80080002013F0DEFD0D
:10020000D8B107460026002507E000BF3D463E4620
:10021000384613F0D3FD074660B1384613F014FE9C
:10022000796DA142F4D10428F0D002283E46EFD1E6
:100230003D4606E02DB935461EB9002013F0BEFD3F
:10024000054640460E212A4611F028F801280BD118
:10025000E06800681BF02CF9216909B12046884745
:100260000120BDE8F08700BF0020BDE8F087000056
:100270002DE9F04F8DB008910BA9054619F020FD2E
:1002800028461AF063FD0490284619F07BFD82464B
:100290002846002112224FF0000B1AF0ABFB8046DB
:1002A0002846002113221AF0A5FB04B2284600219B
:1002B00010221AF09FFB07B22846002111221AF0E3
:1002C00099FB06B22846002114221AF093FB8146BE
:1002D0002846002115221AF08DFB0D2C4FF00D033E
:1002E000A8BF1C460D2FA8BF1F46298E0D2E0797AD
:1002F0000695A8BF1E46002978D082B200F0010101
:1003000000EBD23000B201EB600001301FFA89F13E
:100310000D28A8BF184609EBD131029009F0010061
:1003200009B200EB6100514600F1010A0FFA88F7AB
:10033000BAF10D0FA8BF9A460D2F0397B8BF3B46E1
:10034000049A20B2101A0238019030B2081A029FA3
:100350000496023800264FF000080594009000BF74
:10036000DDF818B0039DDBF82800BDF82C2000EB69
:10037000C60130F936009946A842C8BF3B46D31A99
:100380001844ADF824000798B1F9023005B2BDF861
:100390002E40AB42C8BF5046181A2044B1F9043071
:1003A000ADF82600019898420598C8BF3846184411
:1003B0001044B1F90610ADF82800009800228842D8
:1003C0000498C8BF5046084420440899ADF82A0054
:1003D00009A8F7F76DFDBBF830B058B901365E4596
:1003E00008F101084B46BBD306E000BF4FF0000800
:1003F00002E000BF1FFA86F8D84508BF4FF6FF7825
:100400001FFA88F00DB0BDE8F08F00002DE9F04331
:1004100081B01C4691468846064600201880AAB343
:10042000D6F830C0B9F1040F09F0030E02D2002350
:10043000002215E029F00305ACF108010023002299
:1004400031F8080F0432184420804B889542184434
:1004500020808B8818442080CB8803442380EFD1F0
:10046000BEF1000F12D03CF81200BEF1010F03EBF9
:10047000000121800AD00CEB42025088BEF1020F2D
:100480000144218002D09088084420803046002119
:1004900016221AF0AFFAC5B2304619F087FE21884D
:1004A000012D19D10844208030461AF04FFC2788CE
:1004B00005463046002113221AF09CFA3844281AC7
:1004C000316BA08031F81910401A20800020B8F15B
:1004D000000F608015D146E0081A208030460021C8
:1004E00012221AF087FA21880844316B208031F8F3
:1004F000191008440138A0800020B8F1000F608076
:1005000031D0D6F82CC0B8F1040F08F0030003D2A4
:100510000023002216E000BF28F00307ACF1080515
:100520000023002235F8081F0432194461806B88CB
:10053000974219446180AB8819446180EB880B4471
:100540006380EFD178B13CF8121001280B4463802E
:1005500009D00CEB42014A8802281A44628002D07A
:100560008888104460803046002110221AF042FA38
:10057000618808446080304619F020FE6188081ABE
:10058000F16A608031F8181008440138E08001B049
:10059000BDE8F0832DE9F04F81B0904689460021F7
:1005A000122206461AF026FA82463046002113220D
:1005B0001AF020FA05463046002110221AF01AFAE5
:1005C00083463046002111221AF014FA07463046BD
:1005D0001AF0BCFB29B201FA8AF5441B304619F027
:1005E000D1FB39B201FA8BF7C01B844204DA3046E2
:1005F0001AF0ACFB04E000BF304619F0C3FB3D46E7
:10060000B18A401B00EBD070514401EB6001A9F8A6
:100610000010F18A0BEB60021144B8F1000FA9F849
:1006200002101CBF4010A8F8000001B0BDE8F08F18
:10063000002904BF002070472DE9F04F85B0026902
:10064000D2F814B0BBF1000F08D0DBF800008142F3
:1006500004D1DBF8040005B0BDE8F08F538A0292A4
:100660006FF35F23DBB3029803EB83036FF0130494
:10067000D0F808C098006FF03B0704EB830A6FF0D6
:100680002704039007EB830E04EB83090026032560
:1006900000240CEB06075CF80600BA880B1A93429C
:1006A00026D9B2451BD07B693A8BCB1A934231D9FC
:1006B000B14514D0BA6AB7F82C808B1A434537D9A4
:1006C000B6450CD0FA6BB7F840008B1A83423BD981
:1006D000039850360434B04205F10405D9D1002006
:1006E000BBF1000F18BFCBE9001005B0BDE8F08FDB
:1006F00004EB84000CEB8000033D827C032A13D8BA
:10070000DFE802F00248282CC268C088D25C029F51
:1007100010445EE044F0010000EB80000CEB800030
:10072000023D827C032AEBD9029F002051E000BFEA
:1007300044F0020000EB80000CEB8000013D827C65
:10074000032ADDD9F0E700BF07F13C00827C032AD1
:10075000D6D9E9E7C088029F18443AE00C46816880
:10076000028A4AF2B937ADF81230C0F603070DF12C
:10077000120002230097F9F745FD38B3029F05EBFD
:100780008502B96801EB82018A68C988801A01EB89
:1007900060001DE00C468168028A4AF2B937ADF864
:1007A0001030C0F6030704A802230097F9F72AFDCA
:1007B00060B1029F05EB8502B96801EB8201D1E9C6
:1007C0000223C988801A185A084401E0029F0020B9
:1007D00021467A69002A18BFC2E9001005B0BDE8B9
:1007E000F08F00002DE9F04F83B0174602914FF4CF
:1007F000003150229B4606461AF0FCF896F8341059
:10080000B48CC1F34101DFE801F00305212300BFEF
:10081000318D1CE0B18DB6F82AC0338D6145F58C61
:1008200038BF01F5B4711A460CFA81F1AB4238BFFA
:1008300002F5B47201EBD171491012B29142A8BF16
:100840000B46A942C8BF2B461C4401E0F18C0C4466
:1008500081B200EBD1300FFA80F9A7EB690000B24A
:10086000019004F15A0000B24FEA690821F0E8FA59
:10087000824620B221F0E4FA009030464FF4403135
:1008800012221AF0B7F8074630464FF440311322CF
:100890001AF0B0F8054630464FF4403110221AF0F5
:1008A000A9F8044630464FF4403111221AF0A2F85C
:1008B000019A029E520002FB0AF307EB6907318896
:1008C000C7EB234708EB23432B440F441944009BF9
:1008D000ABF804105A4313147188A3EB690308EBB7
:1008E00022421B1B10440B440844ABF80070ABF8C9
:1008F0000230ABF8060003B0BDE8F08FF0B581B070
:10090000428C0446C2F30513C0680F4693B10146FA
:1009100004E000BF013B01F108010BD0CE79F607DE
:10092000F8D08E798D8845EA0646B742F2D108683C
:1009300001B0F0BD02F1100101F47C7322F47C726D
:100940001A4462844FF4FC7202EA510116F0DCF999
:10095000E060C8B3618CC1F305114E1E13D06FF077
:10096000070000EBC10100BFE068421812F8013C2B
:100970009B0709D152E90235013E4350A1F108011C
:100980005560F1D1E068002600EBC600082116F0A2
:10099000F7FD082015F090FFE16841F836001EF0E1
:1009A000BFFDE06800EBC600C17941F00101C171F3
:1009B000E068390C00EBC60081718780E06800EBCD
:1009C000C601086801B0F0BDFEE700002DE9F04F58
:1009D0008BB00593DDE917370546B0F824C01089C0
:1009E0003B44BCF1000F06930344079274D0DDE949
:1009F00015200CFB01FB10441FFA8BF40490604699
:100A00000021089428E000BF0498149A181A00B234
:100A1000CDE90020079A059B0EF108010AA80027DE
:100A2000029721F03DFABDF92A000699099B084476
:100A30001BB29842C8BF0346B5F824C0CB44414618
:100A400008980BF1010B1FFA8BF410FA8CF00131AE
:100A5000A0421FFA8CF03FD9AA6A52F824E0BEF1F6
:100A6000000FEDD0AA462D6B8FB2099335F81730E1
:100A7000461EBE421CDD02EB8404A81C0022B846C0
:100A80004FF00009554654F82220002A1CBF127866
:100A90005FEAC27210D030F8182009F1010917FA84
:100AA00089F81344B0451FFA89F2ECDB04E000BF7B
:100AB0004FF00009B84655469EF800008007A3D5C0
:100AC0000798069AB0F90800099B10441AB29042A0
:100AD000C8BF0346B4E700BF18B20BB0BDE8F08F43
:100AE000F0B581B00446408C0F46C0F30512002AD1
:100AF00042D0E168CB1D002105E000BF01318A42F0
:100B000003F108030CD01D78AD07F7D513F8015C8D
:100B100033F8036C46EA0546B742EFD191422ED135
:100B200000F1100101F47C7220F47C7010446084A8
:100B3000E0684FF4FC7202EA510116F0E5F8618CAE
:100B4000E060C1F30512511E68D011F0030CA2F150
:100B5000020019D0E668BCF1010F06EBC20555E9A9
:100B6000045E06EBC10346F83150C3F804E011D12E
:100B70000346032830D250E000219142D0D0E068F3
:100B800000EBC10001B0F0BD0B461146032823D293
:100B900043E000BFE368BCF1020F03EBC10151E980
:100BA000041603EBC00543F83010A2F103016E6098
:100BB00004D10B46014603280ED22EE0E36803EB76
:100BC000C00656E9046C03EBC10543F83160131FFE
:100BD000C5F804C0032820D3DA1ED800E36803EB6D
:100BE000C10151E904161D1819506E60E1680144F5
:100BF00051E9043641E90236E168014451E906361B
:100C000041E90436E168014451E90836203841E9F8
:100C100006361146043AD31CE0D1E068082116F0EC
:100C2000AFFC082015F048FEE16808601EF078FC73
:100C3000E068C17941F00201C171E068390C81714D
:100C40008780E06801B0F0BDB0B540F21830C2F264
:100C5000000090F868001446C0070D464FF01200DF
:100C60004FF0020102D11CF0B5FD01E01CF09EFD29
:100C7000A9B2090411FA85F185B24FF61F022D04BD
:100C8000C0F2E07215FA80F01140231D1040DB081D
:100C9000401A584301EB5010104040EA1040B0BDDC
:100CA0002DE9F04F83B0DDF838C0DDE90C9E89B145
:100CB00018E100BFACF800A00F99B9F1010B6DD09D
:100CC000A9F10202032A0BF0030102911CD20026B3
:100CD00043E000BF111FCCB2032C38BF0023B9F191
:100CE000010F494618BF1146032C28BF1146B9F120
:100CF000000F6DD0B9F1040F09F0030880F0BC803B
:100D000000250026CEE000BF2BF0030200266FF086
:100D1000030400BF3EF816500AEB030129440CEB14
:100D200046050EEB460769807F88194439440CEB71
:100D3000040739810EEB0408B8F8089019444944B7
:100D40007981B8F80A701944043601EB070AB242F7
:100D500004F10804A5F808A0DCD1029CCCB13EF84F
:100D600016200AEB03011144721C012C2CF81210FE
:100D70000FD03EF8122019441144B21C022C2CF85A
:100D8000121006D03EF81220194411440CEB460212
:100D9000D180BCF800A0DDF830900F993CF81B50D2
:100DA0003EF81B60002918BFB9F1000F06D1701979
:100DB000A0EB0A0000B203B0BDE8F08FB9F1040F58
:100DC00009F00301CDE90165009103D200242CE074
:100DD00000267EE029F0030B00246FF0010700BF1E
:100DE0000CEB07020EEB070553886E880EEB4408E8
:100DF0003344C31A53800CEB44035E88B8F8029066
:100E000004344E44861B5E809E88B8F80410A345C7
:100E10003144A0EB0101998011892B8907F1080762
:100E20001944A0EB01011181DAD1009FDDE90165D0
:100E3000002FBCD03CF814103EF81420012F1144B0
:100E4000A0EB01012CF81410B1D0611C3CF811206A
:100E50003EF81130022F1A44A0EB02022CF81120A8
:100E6000A5D0A11C3CF811203EF811301A44801A7C
:100E70002CF811009BE700BF29F00304AEF108072E
:100E80000025002637F8082F1E4432447E881A4475
:100E90003244BE881A443244FE881A440435AC42B7
:100EA0001644EFD1B8F1000F13D03EF81520F41816
:100EB000B8F1010F04EB02060BD00EEB450462887B
:100EC000F518B8F1020F05EB020602D0A288F4185B
:100ED000A618062922D8F21ADFE801F004080E202D
:100EE000283412004FF0000AE4E600BF11B2411AA4
:100EF00001EBD17130E000BFA0EB020ADAE600BFDF
:100F00000023CFF6FF73821A03EB09434FF0000A68
:100F100012B21B1492FBF3F3CCE600BFBCF800A0A6
:100F20000F99B9F1010B7FF4CBAE37E7811A4FF47B
:100F3000803202EB094209B2121491FBF2FA5346D5
:100F4000B8E600BF811A09B20FFA89F291FBF2F3F9
:100F500099B203EBD13109B24FEA610AAAE6000067
:100F60002DE9F04F97B040F2003BC2F2000BBBF806
:100F700002200021824619F03DFDBBF80420054601
:100F80005046002119F036FD002D18BF002803D16E
:100F900017B0BDE8F08F00BF5046002118F0F2FDF9
:100FA00010B3BBF80420504600214FF0000B19F09D
:100FB00021FD8046063041F6FF7100BF30F8062C57
:100FC0008A421DD008EB4B0253888B4212D0928884
:100FD0008A4213D030F8082B0BF1040B8A42EDD172
:100FE000ABF1010B0CE000BF0EA81C2116F0C8FAF3
:100FF00000F01BBC0BF1010B02E000BF0BF1020B78
:101000004FEA4B052846CDF84CB015F0A3FC0990EB
:101010000F90284615F09EFCBBF1000F11905FD099
:1010200040F200390546002441F69A77C2F20009E1
:101030000A900CE030B20A9DB0F1FF3F41F69A777A
:10104000D8BF002625F8146001345C453ED238F83C
:101050001400B842F8D1504618F0A4FDA0B3002502
:101060004EF2010606E000BF5046013518F09AFD29
:101070008542DFD25046294618F084FD0121C0F296
:101080000601074619F0DCFE0028EDD1B9F80A2068
:101090003846002119F0AEFCC0B20128E4D1B9F8FD
:1010A0000C203846002119F0A5FCC0B28442DBD1E7
:1010B000384618F067FE31B28142D5DC384618F068
:1010C00061FE0646D0E700BF0026BBE7BBF1040F78
:1010D0000BF0030C0CD20021002600276FE000BFAC
:1010E00040F2003400270026C2F20004B3E000BF43
:1010F0002BF0030E0021062341F69B7B41F69A70EC
:101100000026002708E000BF3244A2EB0B060431A2
:101110008E4503F1080352D008EB030232F9064C66
:101120005C4517DB3219A2EB0B0608EB4104B4F95E
:101130000220824225DD3244A2EB0B06B4F90420E2
:10114000824229DD3244A2EB0B0638F903208242A9
:10115000DADC2BE0844205EB030209D132F8062CDD
:10116000174408EB4104B4F902208242E3DC08E0B2
:10117000274422F8064C08EB4104B4F902208242CD
:10118000D9DC05EB410514BF6A806A880A9D1744C3
:10119000B4F904208242D5DC05EB41040CBFA288DF
:1011A000A280174438F903208242ADDC0CBFEA5A12
:1011B000EA52174404318E4503F10803ACD140F2E2
:1011C0000034BCF1000FC2F2000444D038F9110021
:1011D00041F69A72904207DD304441F69B72861ABE
:1011E000BCF1010F09D136E00CBF35F8110025F82C
:1011F00011000744BCF1010F2DD0481C38F9102014
:1012000041F69A739A4205DDB01841F69B72861A30
:1012100009E000BF04D135F81000074403E000BF27
:1012200025F810201744BCF1020F14D0881C38F99F
:10123000101041F69A72914204DD701841F69B71CC
:10124000461A08E004D135F81000074403E000BF57
:1012500025F810100F4450460021142219F0CAFB43
:101260000546504618F0F4FC139A002A55D0C2F1F6
:101270000101C01B01FB0500DDF844B000B220EA0B
:10128000E079042A02F003000A906BD24FF0FF3796
:10129000002300250A9C84B338F9130041F69B71A2
:1012A000884208DB401A85B205FB09F0B0FBF6F076
:1012B0001F462BF81300012C1FD0581C38F91010B2
:1012C00041F69B72914208DB891A8DB205FB09F148
:1012D000B1FBF6F107462BF81010022C0DD0981C2C
:1012E00038F91010914208DB891A8DB205FB09F11B
:1012F000B1FBF6F107462BF8101040F20034002F36
:10130000C2F2000409D4701B00FB09F0B0FBF6F038
:101310001199A9EB000021F81700628850460021BE
:101320004FF0000919F066FB0646504618F0ACFC79
:101330000790B01D41F6FF7130F8062C8A4275D037
:1013400006EB490253888B426AD092888A426BD05E
:1013500030F8082B09F104098A42EDD1A9F10109FD
:1013600064E000BF22F0030E4FF0FF370023062297
:1013700041F69B74002505E004339E4502F1080206
:101380003FF488AF08EB020030F9060CA04223DBE3
:10139000001B85B205FB09F0B0FBF6F00BEB020178
:1013A0001F4621F8060C08EB4300B0F90210A142D9
:1013B00018DAB0F90400A04223DB001B85B205FB5C
:1013C00009F0B0FBF6F09F1C0BEB4301888038F965
:1013D0000200A042D0DB18E008EB4300B0F9021095
:1013E000A142E6DB091B8DB205FB09F1B1FBF6F169
:1013F0005F1C0BEB430CACF80210B0F90400A042E8
:10140000DBDA38F90200A042B6DB001B85B205FB2F
:1014100009F0B0FBF6F0DF1C2BF80200ACE700BFD0
:1014200009F1010902E000BF09F102094FEA49058B
:101430002846CDF8489015F08DFA08900E90284671
:1014400015F088FAB9F1000F0A9010906CD040F2B4
:10145000003B002441F69A75C2F2000B0DE000BF7C
:1014600038B2B0F1FF3F41F69A75D8BF00270A980D
:1014700020F8147001344C453ED236F81400A842CE
:10148000F8D1504618F08EFBA0B34FF000084EF292
:10149000010706E0504608F1010818F083FB80457B
:1014A000DED25046414618F06DFB0121C0F2060124
:1014B000054619F0C5FC0028ECD1BBF80E202846E3
:1014C000002119F097FAC0B20128E3D1BBF810202F
:1014D0002846002119F08EFAC0B28442DAD128469B
:1014E00019F034FC39B28142D4DC284619F02EFCC4
:1014F0000746CFE70027BAE7B9F1040F09F0030C5C
:1015000016D2002100270025BCF1000F00F0B480A6
:1015100036F9110041F69A7290426FDD284441F687
:101520009B72851A74E000BF00250027A4E000BF6D
:1015300029F0030E0021062341F69B7841F69A79A3
:101540000027002508E000BF2844A0EB080504316F
:101550008E4503F10803D7D0F01830F9064C444506
:1015600016DB2819A0EB080506EB4104B4F90200CC
:10157000484524DD2844A0EB0805B4F9040048459B
:1015800028DD2844A0EB0805F05E4845DCDC2BE0B4
:101590000A984C45184409D130F8060C074406EB6C
:1015A0004104B4F902004845E4DC08E0274420F88F
:1015B000064C06EB4104B4F902004845DADC0A9A0D
:1015C00002EB41020CBF508850800744B4F904007C
:1015D0004845D6DC0A9A02EB41020CBF9088908005
:1015E0000744F05E4845AFDC04D10A98C05A07446E
:1015F000ADE700BF0A9A0744D052A8E704D10A9881
:1016000030F81100074403E00A9A074422F8110059
:10161000BCF1010F30D0481C36F9102041F69A7306
:101620009A4205DDA81841F69B72851A0AE000BFB0
:1016300004D10A9A32F81000074403E00A9B1744C9
:1016400023F81020BCF1020F16D0881C36F91010B8
:1016500041F69A72914205DD681841F69B71451A70
:101660000AE000BF04D10A9931F81000074403E0F2
:101670000A9A0F4422F8101050460021152219F042
:10168000B9F91299002956D0079BC1F10102DB1B61
:1016900002FB0030DDF8409000B220EAE078042937
:1016A00001F003000A9080F0D3824FF0FF3B00234B
:1016B00000220A9C94B336F9130041F69B718842CC
:1016C00008DB401A82B202FB08F0B0FBF5F09B4643
:1016D00029F81300012C21D0581C36F9101041F6BE
:1016E0009B77B94208DBC91B8AB202FB08F1B1FB48
:1016F000F5F1834629F81010022C0FD0981C36F90A
:10170000101041F69B73994208DBC91A8AB202FB9A
:1017100008F1B1FBF5F1834629F81010BBF1000F79
:1017200009D4A81A00FB08F0B0FBF5F01099A8EB5B
:10173000000021F81B00504600211522002719F057
:1017400059F9834650460021142219F053F9804676
:1017500050460021162219F04DF9C5B2504600211D
:1017600001224FF0010919F045F9064650460021C3
:10177000042219F03FF9B1B242F2D174A1420646F7
:1017800005D1BAF8220000F4006089EAD027681E6B
:10179000B0FA80F04FEA5019504618F075FA40F24E
:1017A0000031C2F20001CA8805465046002119F0F6
:1017B00021F91099129A0FFA8BF3CDE900213946DD
:1017C000089FC2B22846CDF80C900297FFF768FA3E
:1017D000ADF85000B0B2A0424FF0000506D1BAF803
:1017E0002200012100F4806081EA9025504618F023
:1017F0002FFA40F2003BC2F2000BBBF8082006466D
:101800005046002119F0F6F81199139A099FCDE975
:10181000002100210391C2B20FFA88F33046294615
:101820000297FFF73DFAADF852000BA80C2115F016
:10183000A7FE50460021322219F0DCF8054650463A
:101840000021122219F0D6F8441950460021102226
:1018500019F0D0F8BAF81410054450460C4418F0AA
:10186000A5FC201ABAF81610ADF8340050466C18D2
:1018700018F0A4FCDAF80810201A4A68ADF836000F
:10188000002A00F0BB814FF00008CDF810A021E045
:10189000451A38469C1A19F00BFEB88A398B284431
:1018A000B8824819F98A38830819798BF88208199F
:1018B0007883384619F0FCFD29B222B2384600235D
:1018C00019F0AAFEDAF8081008F101084868804506
:1018D00080F094810868012150F82870C0F2060158
:1018E000384619F0ADFA0028ECD1BBF80E20384686
:1018F000002119F07FF8BBF80A2005463846002180
:1019000019F078F85FFA80F9B9F1000FDAD0ECB28B
:10191000002CD7D0BBF810203846002119F06AF807
:101920005D46AA8983465FFA80FA3846002119F09D
:1019300061F806466A8AC0B20A903846002119F05A
:1019400059F8AA8A05903846002119F053F80EABD1
:1019500009900FCB54FA8BF46FF0010C0CEB44049C
:1019600030F81A50005B125B401B0A9C151859FA9C
:1019700086F20CEB420231F81400895A9A5A0E1A78
:101980000892384600211622CDF818A019F032F836
:10199000C0B2012805980796C0B20FD1022841D0E5
:1019A00060B93E4636F8140FB188F288081A71887B
:1019B00000F1010B501A00F101091FE03E4636F814
:1019C000141F0128B288F388A2EB0101728801F18B
:1019D000010BA3EB020101F1010933D002280DD064
:1019E000DDF810A0032841D10E98798C069AAB46F9
:1019F00030F8123041F400600FE000BF0E980699F5
:101A0000DDF810A030F811004419384619F09EF99D
:101A1000798C231A0A9C21F400607884DDE908524D
:101A20002EE000BF3E4636F8140FDDF810A0B18856
:101A3000F288081A718800F1010B501A099A00F116
:101A4000010914E00E9806990FFA8BF230F8110094
:101A500029B2891A7A8C01EBD17100EB610322F46F
:101A60000060DDE90852DDF810A008E0099A0E9840
:101A7000798C069B089D30F8133021F4006078843F
:101A80000F99D2B231F814400799012A29440A93D8
:101A900012D0022A06D0032A16D140F4806078843E
:101AA000894615E038460C4418F06CF9798C241AF4
:101AB00021F480600BE000BF09B20FFA89F2891AA5
:101AC00001EBD17104EB61044FF6FF3108407884DB
:101AD000384619F03BF980B21FFA8BF1884207D1E2
:101AE000384618F04FF980B21FFA89F188421FD0AA
:101AF0007869B96915903846169119F0D9FC0FFA32
:101B00008BF1304601F020FF0FFA89F1304601F0E9
:101B100015FF384619F0CCFC3846292115AA0FF0DC
:101B2000BDFB384618F086F922213A460FF0B6FB85
:101B3000384600216B2218F05DFF0546384600212B
:101B40006C2218F057FF0646384619F0FFF8814618
:101B5000384618F017F905F4C041B1F5005F1BD104
:101B600029B221F4C04140F2003B0A9BB1F5FA6F63
:101B7000C2F2000B15DCB1F57A7FC8BFC1F57A71EE
:101B800048F21F5201FB09F1C5F2EB1251FB02F1C1
:101B90004A1102EBD17504E040F2003B0A9BC2F20D
:101BA000000B06F4C041B1F5005F14D131B221F44D
:101BB000C041B1F5FA6F0EDCB1F57A7FC8BFC1F54F
:101BC0007A71484348F21F51C5F2EB1150FB01F006
:101BD000411101EBD076BDF8341058190844B98A88
:101BE000A31982B2BDF836608A42FA8A33447FF480
:101BF0004FAE9EB296423FF465AE49E60E9814F0A1
:101C0000FFFF0F9814F0FCFF109814F0F9FF1198E3
:101C100014F0F6FF50460021012218F0EBFE0546B5
:101C200050460021042218F0E5FEAAB242F2D1711A
:101C30008A4202D080B2884202D150461AF04CF952
:101C400050462B2100220FF029FB17B0BDE8F08F82
:101C500021F0030E4FF0FF3B0023062441F69B705A
:101C6000002205E004339E4504F108043FF421AD51
:101C7000311931F9061C814224DB091A8AB202FBB0
:101C800008F1B1FBF5F109EB04079B4627F8061CA8
:101C900006EB4301B1F90270874219DAB1F9041079
:101CA000814225DB091A8AB202FB08F1B1FBF5F18A
:101CB00003F1020B09EB4307B980315F8142D1DBAD
:101CC00019E000BF06EB4301B1F902708742E5DB82
:101CD0003A1A92B202FB08F7B7FBF5F703F1010BD2
:101CE00009EB430CACF80270B1F904108142D9DA67
:101CF000315F8142B6DB091A8AB202FB08F1B1FBFF
:101D0000F5F103F1030B29F80410ABE72DE9F04FCF
:101D10008BB082461498894603211C46154600283C
:101D2000A1EB430B00F09880002C00F1BA80002654
:101D30000020CDF828A011E0049C019B181B02EBA9
:101D4000800000F10A0B013C029ED1468A46A34264
:101D500003F10100A6F1010680F2A380AAEB0001C5
:101D60000746CDF80CB000EB090284420494C8BFCA
:101D7000274689B200EB0A0CA9EB00030137079153
:101D800091B209971FFA8CF7069199B2B346CA46E9
:101D90008146089705910296019000BF0AEB090061
:101DA000089F1FFA80F838464146F1F7E3FE2846BF
:101DB000F2F754FB079C41462046F1F7DBFE28462C
:101DC000F2F74CFB0AEB0B0086B238463146F1F7CE
:101DD000D1FE2846F2F742FB20463146F1F7CAFE13
:101DE0002846F2F73BFB0A9F069C07EB090086B2E8
:101DF00030462146F1F7BEFE2846F2F72FFB07EBEF
:101E00000B0087B238462146F1F7B4FE2846F2F7B8
:101E100025FB059C30462146F1F7ACFE2846F2F73B
:101E20001DFB38462146F1F7A5FE2846F2F716FBC2
:101E3000099809F101094845ABF1010BAED1039AAC
:101E40000A99B2F1FF3F3FF777AF019B049C02EB89
:101E5000830000F1060B77E7002C22D400264FF018
:101E6000FF3806270BE000BF301B0BEB800000F1B2
:101E70000A0B013C0136A04507F1040711DA08F10D
:101E8000010850464946424623460095F5F70AFEAA
:101E9000BBF1FF3FE8DCBB440136A04507F1040776
:101EA000EDDB0BB0BDE8F08FF0B581B00446406AC1
:101EB0004FF4404102F022FA94F82E10A08D4AB25D
:101EC000032938BF0C32C2EB42114AF6AB22A1F112
:101ED0003E01CAF6AA22A1FB0212014648F21F5394
:101EE00038BF0139C5F2EB13A1FB033701EB9101B8
:101EF000A1EB571101EBD71101EBD20144F62512EA
:101F00000131C2F29242A1FB0223CA1A03EB520230
:101F10009208236BA2EBC20201EB02050BB3A18E68
:101F2000F9B1AE1D002702E001378F4218D2206BB5
:101F3000A38D30F827209A42F6D100EB87008278F3
:101F400094F82E309A42EFD190F90310606A314430
:101F500089B24FF4004202F0CFFEA18EE4E700BF49
:101F6000A08D218D884213D194F82A0094F82E1068
:101F700081420DD194F92B10606A2944063189B24F
:101F80004FF4804201B0BDE8F04002F0B5BE00BFA2
:101F900001B0F0BD2DE9F0410446C06A10B1BDE8C2
:101FA000F08100BF94F84100C007F8D1656A002DA8
:101FB000F5D000BF28464FF4004118F039FF38B182
:101FC000284617F037FF05460028F3D1E7E700BFA2
:101FD000A08A40F2D028C2F2000801B2D8F800204E
:101FE00080EAE133A3EBE13113688FB29B7EE18A93
:101FF0009F4209D20FB281EAE736A6EBE737BFB2BC
:102000009F423CBF0023E363A38FE78F03447E1806
:10201000A387E6870FFA83FC176883EAEC3331B2B3
:10202000A3EBEC33FF7E9BB286EAE136BB42A6EB24
:10203000E13604D8B0B2B84298BFBDE8F08194F858
:102040004100B7B240F00100BB4284F8410009D919
:1020500094F84000BCF1010F00F00F00B4BF103045
:10206000203007E094F84000012900F00F00B4BFD1
:102070004030803084F8400028460C210FF00EF9E3
:102080006078800744BF0020C8F80400BDE8F081F4
:10209000F0B581B00446406A40F2D027C2F2000792
:1020A00078606178090700F1BE803968096804F139
:1020B00004050E6930B1E16A29BB4FF4005118F0F4
:1020C000B7FE00BB304605F0DFF9294612F072FB7F
:1020D000786070B9304605F0E1F9294612F06AFBE4
:1020E000786030B9304605F0F1F9294612F062FB0C
:1020F0007860A06A38B100252046E561F6F736FF22
:102100006078800756D47868616A884257D06268E0
:10211000E26049B13A68084603210FF0BFF86078E1
:10212000800700F1E780786800284FF00005C4E9D7
:10213000090043D01FF074FA6064607894F841108D
:1021400000F0FE00607001F0FE0084F84100D7E965
:102150000020012184F84050E5636561A5610FF01E
:102160009DF86078800700F1C5803E6870790007AF
:1021700059D47868042118F05BFE002800F0B48080
:10218000716B7868814200F0AF8017F0F5FD716BDC
:10219000054600297CD0084617F0EEFD85427BD02D
:1021A0000146706B00297BD0002800F081803A68DE
:1021B000102178E07D6001B0F0BD00BF0020A18853
:1021C000A289E389891AE288A182D21AB4F91C3063
:1021D000B4F91E6003FA81F101EBD1714908A183C2
:1021E00006FA82F101EBD1714908E183E169E282EB
:1021F0002162C0B13A6802210FF050F86078800780
:1022000078D43868407900070DD42046F6F772FB81
:10221000607880076ED42046FFF7BCFE60788107A7
:1022200068D4E16A11B101B0F0BD00BFC0071AD196
:10223000606C1FF0DDF93A681168898B88420CD90F
:10224000786805210FF02AF86078810752D440F0B1
:10225000010060701FF0E4F9A064E06A0028E2D198
:102260006078C007DFD0A06C1FF0C2F93A6811682F
:10227000C98B8842D7D9786806210FF00FF86078AB
:10228000800737D41FF0CCF9A06401B0F0BD00BFC7
:102290001DB9D7E9002012E0D5B178680AE000BF87
:1022A00030B13A680F210EF0F9FF7079800719D428
:1022B00078681DB10FF0DAFF04E000BF3A680E2124
:1022C0000EF0ECFF707980070CD4786870630BE037
:1022D000706B0028DDD03A680F210EF0DFFF7079B7
:1022E0008007D6D5002078606078800702D47868AF
:1022F00065E700BF0020786001B0F0BD2DE9F04334
:1023000081B041780446406A40F2D025C2F200050F
:1023100009074DD4D4F82C90002868605AD02A6858
:1023200008210EF0BBFF6078810700F17F80B9F1D2
:10233000000F61D000264FF480774D466662C4E9F5
:1023400011660096284600216E2218F053FB0644C1
:10235000284600216D2218F04DFB01B2C90D50FA3C
:1023600081F000B200124743284617F063FD05468E
:102370000028E7D1300403D1B8B2B0F5807F29D06E
:1023800038B24FF4803292FBF0F271420DB216B2C5
:10239000E84604F11C002946324643461BF03CFA4D
:1023A00004F120002946324643461BF035FA11E07D
:1023B0002A6803210EF072FF6078810736D400216D
:1023C00000F0F500D4F82C90C4E90911C4E911110A
:1023D00060706960B9F1000F0BD02046F6F7C6FDBA
:1023E0006078800705D540F2D020C2F200000021BD
:1023F000416001B0BDE8F083C00707D1D5E90020F6
:1024000004210EF04BFF607880070FD4D5E900203F
:1024100007210EF043FF6078800707D40020606238
:10242000C4E9110001B0BDE8F08300BF002068607E
:1024300001B0BDE8F083000090F82A10C90708BF7A
:1024400070472DE9F041818C42F293424A43A1EB5F
:10245000124189B2490801EB1241C28C8908B2FBD2
:10246000F1F3044603FB112201EB41031A4496B237
:10247000B6FBF1F6C28406FB1121572219440185EF
:10248000002118F0B7FA054620460021592218F01D
:10249000B1FA2F898046204617F0DAFB064685B24E
:1024A0002046002117F06EFB06EBD53107EB080341
:1024B00009B207EBD737E28C49083FB2A1EB5701CD
:1024C00002FB131109B2BDE8F0411BF0F5B80000A2
:1024D0002DE9F04389B0994616460F46044619F097
:1024E00069F8B74218BF002802D109B0BDE8F083EF
:1024F000B7F5B47098BF3846A28CB6F5B47198BFE2
:1025000031461618B0B25518A9B2B0F5B47F88BFDD
:10251000A6F5B476B1F5B47F0DF11E010DF12202DE
:10252000204688BFA5F5B475FEF734F82046494625
:10253000502218F05FFA804620464946512218F092
:1025400059FABDF91E700028BDF92010BDF82220EF
:1025500018BF01200FFA88F3ADB20DF11609CDE9CD
:1025600000530290B3B23846CDF80C9005F010F845
:102570002046494618F0CCFF09B0BDE8F0830000C2
:102580004FF6FF7291425FD0028E914228BF704792
:102590002DE9F04F85B0826A0F4602EBC10332F895
:1025A00031B001AAB3F802A0B3F80490B3F80680E2
:1025B0001146044617F084FB20460021142218F02F
:1025C00019FA06B220460021152218F013FA05B2B6
:1025D000204617F07BFB04F02BFF46F2676300FBFD
:1025E00003F18B1403EBD1733A469E42D8BF1E46CB
:1025F000BDF804709D42A7EB06013744C8BF2B46C7
:10260000BDF806504F445944ADF81070A78EADF890
:102610000C10E91A2B4451444344BA42ADF80E1051
:10262000ADF8123009D1E76A37F81220520542BFDF
:10263000DA4302EB4101ADF80E1003A9204618F071
:1026400067FF05B0BDE8F04F704700002DE9F04F7F
:1026500083B00446B0F88200814280F0B780204603
:102660000D4617F011FBB4F884700646204617F0AB
:1026700091FC94F888100A076AD507FB06F201F06E
:10268000070102294FEA122768D0012960D180464C
:1026900020460021322218F0ADF9064620460021DE
:1026A000122218F0A7F9A18AA6EB0802104400EB49
:1026B000010920464FF4A021492218F09BF98046D9
:1026C00020464FF40031012218F094F90646E08AC2
:1026D00032B2618B02FA88F2801AADF806008818CF
:1026E000B4F88210ADF80A00481EA8423FB2A9EB28
:1026F000020A14DD07FB05F191FBF0F15144ADF83E
:102700000410691C794391FBF0F006EB0801494481
:102710000844ADF8080001A9204618F0F9FE002D84
:1027200054D0B4F88210681E7843013990FBF1F060
:102730005044ADF8040007FB05F090FBF1F006EB08
:10274000080149440844ADF8080001A920463BE0CF
:10275000204603B0BDE8F04F18F0AABE0090204616
:102760000021152218F046F9B4F8841000B200FBDD
:1027700001FA38B2B4F8821000EB2A2090FBF1F68F
:1027800020460021322218F035F9B4F8149083461F
:1027900020460021122218F02DF90DF104080746F9
:1027A0002046414617F08CFA0098ABEB00004844F5
:1027B00005FB060038448119A0EB2A20ADF808106B
:1027C000ADF804002046414618F0A2FE03B0BDE873
:1027D000F08F000002880B889A421CBFD01A704705
:1027E00040884988401A704702780B789A421CBF8B
:1027F000D01A704740784978401A70472DE9F04167
:102800004FF440314022044618F0F4F88046204648
:102810004FF44031432218F0EDF8064620464FF4BD
:102820004031412218F0E6F805B220464FF440311D
:10283000412218F0DFF8074620464FF4403142228B
:10284000002DD8BF7F4218F0D5F805B220464FF4CE
:102850004031422218F0CEF806EB0801002DD8BF17
:1028600040423944084406B220464FF440313522F4
:1028700018F0C0F8054620464FF44031382218F0D1
:10288000B9F8284400B28642C8BF3046BDE8F0819E
:10289000F0B591B004460EF0E5FC064620460EF079
:1028A000F9FC054617F0C6FAA6F1290101292CD832
:1028B000044628460021002713F00CFC204622F095
:1028C00049F820464FF4E021652218F093F8F8B15A
:1028D0006E460546304600F099F94BF61940C0F6B1
:1028E000000001900120CDE9080042F6E140C0F669
:1028F000010007904FF6FF70ADF84000304600949D
:102900000B950E950A9700F001FA11B0F0BD00BFCB
:102910004BF61941C0F60001204600F051F894F83A
:10292000540040F0010084F8540011B0F0BD0000E4
:1029300070B5044617F036F9054650B1002600BFC1
:10294000A068006850F82600FFF7F2FF0136B54294
:10295000F6D1608CC10725D020F0010060842046AC
:1029600019F0BAFA204619F049F9DDB120460021E4
:102970000A2218F03FF840F63401C2F2000109685B
:102980004FF0FF3212FA80F28A420BD240F2B83195
:10299000C2F20001096880B201EBC00050E90221D7
:1029A00020469047608C810758BF70BD20F002021E
:1029B000204600216284BDE8704019F04BB8000049
:1029C0002DE9F04F81B0064640F20040C2F200000F
:1029D0000C46F6F7F9FC00283ED00546002E43D001
:1029E0004FF00008002C77D040F2004740F2A439A5
:1029F000C2F20007C2F200094FF0010A08E000BF6E
:102A00001EF084FF4FF00108584600BF054628B36A
:102A100038462946F6F700FD2968B142F6D16968C3
:102A2000A142F3D1834638462946F6F777FD296956
:102A300009B128468847284614F03CF9384689F8F9
:102A400000A0F6F7C1FC0146D9F804000029D7D14F
:102A50001EF04CFFD6E700BF4FF0000808F0010061
:102A600001B0BDE8F08F00BF002C69D040F20046F5
:102A700040F2A4394FF00008C2F20006C2F2000989
:102A80004FF0010A07E000BF1EF040FF4FF00108C1
:102A9000002F3D46E2D030462946F6F7BDFC696876
:102AA0000746A142F4D130462946F6F737FD296999
:102AB00009B128468847284614F0FCF8304689F8C2
:102AC00000A0F6F781FC0146D9F804000029DBD10B
:102AD0001EF00CFFDAE700BF40F2004440F2A439D8
:102AE000C2F20004C2F200094FF0010A07E000BF81
:102AF0001EF00CFF4FF00108002F3D46AED02046DF
:102B00002946F6F789FC29680746B142F4D12046E8
:102B10002946F6F703FD296909B128468847284662
:102B200014F0C8F8204689F800A0F6F74DFC0146DD
:102B3000D9F804000029DBD11EF0D8FEDAE700BF87
:102B400040F2004440F2A437C2F20004C2F200078F
:102B50004FF0010804E000BF1EF0C8FE3546EEB19C
:102B600020462946F6F758FC064620462946F6F741
:102B7000D5FC296909B128468847284614F09AF8F7
:102B8000204687F80080F6F71FFC01467868002988
:102B9000E2D01EF0BBFE002E3546E1D14FF0010819
:102BA00008F0010001B0BDE8F08F000070B50446E8
:102BB00040F20040C2F200000D46F6F705FC10B3EB
:102BC00001469DB140F20046C2F2000605E000BF9A
:102BD0003046F6F721FC0146A8B10868A042F7D1BB
:102BE0004868A842F4D1084670BD00BF40F20045D5
:102BF000C2F200050868A042F5D02846F6F70CFCA2
:102C000001460028F6D10021084670BD10B54421C8
:102C1000044614F0B5FC4FF4FA706422C4E90A20AB
:102C20000120A4F8400042F6B54094F8422000216B
:102C3000C0F60100C4E9070142F0010084F8420037
:102C400010BD0000B0B582B00446D0E90B204FF4AF
:102C5000806500210023009513F00CFE0021322234
:102C60004FF46E73009501F007FB216AA26A521AB5
:102C7000504301EBA02002B0B0BD0000B0B582B05F
:102C80000446D0E90B204FF4806500210023009515
:102C900013F0F0FD00214FF4617240F2B63300955D
:102CA00001F0EAFA216AA26A521A504301EBA0200D
:102CB00002B0B0BD10B582B00446D0E90B204FF48D
:102CC000806C00210023CDF800C013F0D3FD216AF1
:102CD000A26A521A504301EBA02002B010BD0000BE
:102CE000D0E90B1228238A42B8BF2023C05870476E
:102CF000891A4FF47A7248BF49424A43B2FBF0F155
:102D0000904288BF012108467047000070B54168B5
:102D1000054611B12868FFF753FE40F20040C2F2A9
:102D20000000F6F7F1FB40F2A436C2F2000610B143
:102D30001EF076FCB06040F20040C2F20000F6F7F0
:102D400081FB98B329464422044614F01FF82868F2
:102D5000A84208BF246094F84200717800F0FB029A
:102D600042EA8101C00784F842100FD0616939B18D
:102D700020468847216AA26A014410442162A06269
:102D800062681AB1206808B1216A9047012030704A
:102D900040F20040C2F20000F6F716FB01467068F0
:102DA00031B11EF0B3FD204670BD00BFFEE700BF8D
:102DB0001EF09CFD204670BD10B5448DB0F82CC0AF
:102DC000BCEB040E9CBF00240EF5B47C8C4298BF73
:102DD00061450DD994421FD1BCF5B47F1CD090F849
:102DE000341041F01801012280F83410104610BD53
:102DF000ACEB0402B1EB520F90F834104FF000032B
:102E000001F0E70198BF012341EAC301103101221B
:102E100080F83410104610BD944209D2B1F5B47F49
:102E200018D8A31A03F5B4738B4208D912E000BF77
:102E3000B1F5B47F0ED8C2F5B47399420AD390F8B5
:102E4000341001F0E7010831012280F834101046F7
:102E500010BD00BF0CEB020EBEF5B47F08D82144B4
:102E60008C454FF0000201D8714509D9104610BDBC
:102E7000AEF5B47291424FF00002F7D86145F5D932
:102E800090F8341001F0E701012280F83410104668
:102E900010BD000010B50C462D21A18540F20E1189
:102EA0004FF40700C0F28701C4E9090194F8340027
:102EB0004FF4004100F0F0000830C4F82E106421F7
:102EC00084F834004FF434706186A0631EF0A8FBD0
:102ED000E063208D94F83410A4F8400001F0EF0076
:102EE00084F834002046022115F0AEFA20464FF453
:102EF000447116F0C1F820460D21BDE810401AF0CB
:102F000025B800002DE9F04FABB040F2F446C0F612
:102F1000040630460F4616F015FE012840F0C9821F
:102F200038460EF09FF9054638460EF0B3F9834651
:102F300038460EF0AFF9A91E132900F2BA820546F1
:102F4000DFE811F06A011400B702B702B702B70256
:102F50001400B702B702B702B7023E02B702B702C7
:102F6000B7024C02B7023200B7028E0095F8340067
:102F700000F0FE0085F83400584616F0FDFE0446C9
:102F80000FF030FA054610F013FF10F05DFF042833
:102F900040F08F82002D00F08C82204600212BB063
:102FA000BDE8F04F0FF0F4BA58460021122217F096
:102FB00021FD0FFA80F858460021132217F01AFD60
:102FC00004B258460021102217F014FD06B25846EC
:102FD0000021112217F00EFD05B2A045C8BF4446DE
:102FE000AE42C8BF354658464FF440311222AC427B
:102FF000C8BF254617F0FEFC0FFA80F858464FF47C
:103000004031132217F0F6FC06B258464FF4403117
:10301000102217F0EFFC0FFA80F958464FF44031B8
:10302000112217F0E7FC04B2B045C8BF4646A145DF
:10303000C8BF4C465846A642C8BF3446FFF7DEFB21
:10304000401B2044023004B238460EF021F9B0F99A
:103050000010A142C8BF0C4604802BB0BDE8F08F21
:1030600038460EF017F9044638460EF001F90DF116
:10307000A80881460DF1A60220464146FDF78AFACE
:1030800017A8494616F030F9BDF9A6000DF14C0B12
:1030900001282FDB584604F06FFA204600215A46DB
:1030A000002517F02BFFBDF8A6000DF15C0AADF866
:1030B000980020461A2152462495CDE91865CDF88E
:1030C0008080CDF87CB00EF0E9F8608DA18CA28DE7
:1030D000BDF89830084411448DB287B2484659462D
:1030E0004246CDE9007504F033FA20461B215246D2
:1030F0000EF0D4F820464FF40031122217F07AFC7B
:1031000005B220464FF40031132217F073FC07B2CA
:1031100020464FF40031102217F06CFC0FFA80FAB1
:1031200020464FF40031112217F064FC01B2BD4279
:10313000BDF8A600C8BF2F468A45C8BF51468F427A
:10314000C8BF3946411A0DB2012D37DB584604F08D
:1031500013FA20464FF400315A4617F0CFFE4FF4D1
:10316000003024900120199017AA20461A211896A1
:10317000CDF88080ADF89850CDF87CB00EF08EF888
:10318000BDF94E00BDF9981088428BB2C8BFADF8AA
:103190004E30E08CA18C228D084411448FB285B250
:1031A00013A92AAA4846CDE9005704F0D1F917AA75
:1031B00020461B210EF072F8BDF8A6000DF1440860
:1031C00002B22AA920464346FDF70CFB03AD284670
:1031D00006F0F2FD20464FF440312A464FF44037C6
:1031E00017F0F4FF1896022017AECDE91908204613
:1031F0001A21324624971B950EF050F8484629466E
:10320000424606F0BFFD20461B2132460EF046F82E
:103210002BB0BDE8F08F00BF10F0CAFD002800F011
:103220004881064610F010FE012840F0428117A99F
:10323000304610F0D7FD03A913AA5846FDF7AAF9A6
:10324000BDF80C00BDF85C10BDF85E20081AADF8A2
:103250005C00BDF80E0095F83410101ACA07ADF8DE
:103260005E003BD158464FF40031502217F0C2FBAC
:103270000646BDF84C004FF48031801BADF84C0081
:10328000584637B217F0D4FDBDF94C10C1F3417266
:103290000A4412B2B7EBA20FB8BF9710002818BFAC
:1032A0003746C81B00B20128D8BF0120BDF95E1007
:1032B000BDF95C20494312FB021200FB00F395F8B4
:1032C00034109A42ADF84C0008D941F0010085F85D
:1032D00034001EF0A5F995F83410E863C80700F033
:1032E000E880BDF95C10BDF85E0041EA00021204FE
:1032F00000F0DF80B5F82CA06A8D00B2924538BF8F
:103300000AF5B47A00F026FBBDF94C104FF41D729B
:10331000514348F21F52C5F2EB12A1FB0212A98CD5
:103320006B8D4FEA52181944471A38B200284FF0F3
:10333000000048BF07F5B47704F07AF84FF032097F
:1033400000FB09F0F03810F5A07F4FF4B4760DD2F1
:10335000002004F06DF8502110FB09104CF6CD410F
:10336000CCF6CC41A0FB0101C8094643B6FBF8F2FC
:1033700095F8349039B25846FFF71EFD002800F04A
:103380009880698DB5F84020AAEB0100A2EB0108F6
:10339000A7EB08010AB281EAE231A1EBE23189B27E
:1033A00095F83420B1F58C7F0FFA8AFA00F28C8000
:1033B000D30600F18D800746130748BF7F4287E0A0
:1033C00038460DF065FF0078EE8D00F0FD01112903
:1033D00052D1BBF82E10481C55E000BF38460DF006
:1033E00057FF804603A913AA5846FDF7D3F8DBF828
:1033F00008000021002814BFB0F814904FF0000915
:10340000584650224FF0000A17F0F4FA0646BDF86D
:103410004C0009EB0601BDF80E20401ABDF80C1057
:10342000171AADF84C000B1A0D1810443AB217AF2A
:1034300004B219B22BB23846009400F077FAD8F8EB
:103440000010384647F6FF72F4F732FD78B906EB04
:10345000490001B217AC20460A4600F047FAD8F8F6
:103460000010204647F6FF72F4F722FD824688F8E6
:1034700004A02BB0BDE8F08F142801D0122815D17C
:10348000BBF82E10481E02B2BBF93200BBF9303037
:103490008242B8BF10469842D8BF184682B29142C5
:1034A00004D0ABF82E00584627F034FBE88D864256
:1034B00002D12BB0BDE8F08F58461C2100222BB062
:1034C000BDE8F04F0DF0EABE0746130748BF0027DE
:1034D0005FEA097302F0180204D4082A08BF0746FD
:1034E0003A4606E0002A18BF3A46B1F58C7F98BFED
:1034F0003A46E86BA2EB08071EF07AF8A96B48433E
:1035000044F6D351C1F26201A0FB0102C2F38F1154
:1035100038B24B429842B8BF1F468142698DB8BF4E
:103520009709B5F93030B5F93260AAEB0100C00057
:10353000F21A90FBF2F001EB080204303A4402EB7D
:103540001010B5F92E9000B25246009613F092F981
:10355000BBF92E1006B28E420FD01EF061F8E86360
:103560005846314600F084F94E4506D058461C2195
:1035700000220DF093FE01289BD1B5F93000864260
:1035800003D0B5F93200864293D11EF049F8E863C2
:103590002BB0BDE8F08F0000B0B50C4611460546D3
:1035A00000F006F828462146BDE8B04000F03CB8DF
:1035B00070B50446828D408DB1F5B47698BF0E4645
:1035C000111A0BB2301A05B2002B48BF01F5B471C5
:1035D0000FFA81FC002D48BF00F5B47001B2B1EBC9
:1035E0000C0348BF5B42B52B08D3204617F060FFA1
:1035F0002046A685BDE8704027F08CBA614503DA05
:10360000B1B2204606E000BF8C45F1DAB3B22046E5
:1036100011461A460023FEF75BFF2046A685BDE84B
:10362000704027F077BA0000B0B50446808DB4F83A
:103630002AC0B1F5B47598BF0D46A0EB0C010AB2D3
:10364000431B18B2002A48BF01F5B4710FFA81FE7E
:10365000002848BF03F5B47319B2B1EB0E0248BF9E
:103660005242B52A08D3204617F022FF204665852E
:10367000BDE8B04027F04EBA714503DAAAB2204641
:10368000614604E08E45F1DAA9B220466246002385
:10369000FEF71EFF20466585BDE8B04027F03ABA28
:1036A000F0B585B00446028DC08CB1F5B47798BFF3
:1036B0000F46111A0BB23D1A2EB2002B48BF01F56E
:1036C000B47108B2002E48BF05F5B47529B20B1AC3
:1036D00048BF5B42B52B03D3204617F0E9FE0FE04D
:1036E000814203DAB9B2204606E000BF884207DA19
:1036F000BBB2204611461A464FF40033FEF7E8FEEF
:1037000004AD0DF10E0220462946FCF743FFBDF93A
:103710000E200DF1060320462946FDF763F82046EA
:10372000FFF76CF8012805DB01460DF106000A469B
:1037300000F0DCF80DF10601204617F0E9FE04ADBB
:103740000DF10E02204629462785FCF723FFBDF91F
:103750000E200DF1060320462946FDF743F82046CA
:10376000FFF74CF8012805DB01460DF106000A467B
:1037700000F0BCF80DF10601204617F0C9FE05B0B7
:10378000F0BD0000818417F093BE000070B584B0D6
:103790000446008DB4F826C0B1F5B47698BF0E4645
:1037A000A0EB0C010AB2851B2BB2002A48BF01F521
:1037B000B47108B2002B48BF05F5B47529B20A1AD6
:1037C00048BF5242B52A03D3204617F071FE0EE0DF
:1037D000814203DAB2B22046614604E0884206DA4A
:1037E000B1B2204662464FF40033FEF771FE03ADDE
:1037F0000DF10A0220462946FCF7CCFEBDF90A204D
:103800000DF1020320462946FCF7ECFF2046FEF7A7
:10381000F5FF012805DB01460DF102000A4600F024
:1038200065F80DF10201204617F072FE03AD0DF1AF
:103830000A0220462946E684FCF7ACFEBDF90A20C0
:103840000DF1020320462946FCF7CCFF2046FEF787
:10385000D5FF012805DB01460DF102000A4600F004
:1038600045F80DF10201204617F052FE04B070BD7C
:10387000C28D8BB29A4208BF7047B0F93230B0F9AE
:1038800030C09942B8BF0B466345D8BF634699B272
:103890008A4201D1704700BFC38527F03BB90000C1
:1038A000C1884088081A013000B27047C18840883A
:1038B000081A013000B27047B0F90010B0F90220C8
:1038C000B0F90430B0F90600591A801A01310130FC
:1038D0004843704781880088081A013000B2704759
:1038E00081880088081A013000B270470388A3EB72
:1038F000010C8388A0F800C0194443888180991A7C
:10390000C38841809918C18070470000038803EB89
:10391000010C8388A0F800C019444388818099185D
:10392000C38841809918C18070470000DDF800C04D
:10393000018042808380A0F806C07047428811440D
:103940000139C1807047000002881144013981802B
:103950007047000080B500284FEAD07E48BF404243
:10396000002944BF0EF1020E49422D2288421BD984
:103970005143B1FBF0FC0EF1100E5FFA8CF0002108
:10398000172819D201284FF0000388BF012305280A
:1039900088BF022309284FF0000288BF01220E28A9
:1039A00088BF012118E000BF5043B0FBF1FC5FFA73
:1039B0008CF000211728E5D32D284FF0000338BFE5
:1039C00001232A2838BF022326284FF0000238BFDF
:1039D0000122212838BF01218818184460445FEA79
:1039E000CE6148BFC0F15A005FEA8E7106D45FEA2B
:1039F000CE7118BFC0F5B47080B280BD5FEACE71E1
:103A000014BFB430C0F1B40080B280BD024600687B
:103A1000D16017F04DBD000001684FF0FF3208681B
:103A2000CA6000F13C0399420AD000F14C02914275
:103A300018BF17F03DBD30228968815017F038BD9E
:103A400024228968815017F033BD0000B0B591F889
:103A50005C000C4600F0FC000025642184F85C004A
:103A60004FF0FF30C4E90B15C4E91150C4E91550FB
:103A700020460821C4E90955C4E90D55C4E90F459C
:103A8000C4E9134515F0F8FA2046102115F0F4FAB0
:103A9000606A002808BFB0BD04F128030ECB002ADD
:103AA00048BF1546A942C8BF0D469D42D8BF1D4616
:103AB000A84201D1B0BD00BF04F13C000021FEF7D7
:103AC0007FFF4FF0FF30A06420466562BDE8B04044
:103AD00017F0EEBC10B50C4601F13C000021FEF7DA
:103AE0006FFF04F14C000021BDE81040FEF768BFF5
:103AF0002DE9F04FC1B040F2105BC0F6040B584600
:103B00000D4616F01FF8012840F0FC8028460DF005
:103B1000A9FB044628460DF0BDFB611E142900F2E6
:103B2000F180DFE811F01500EF00EF00EF00EF008B
:103B3000EF00EF001500EF00EF00EF00EF00EF00E7
:103B4000EF00EF00EF00EF00EF00B900EF001D0005
:103B500000F1340141B0BDE8F04F17F0D9BC00BF0F
:103B600028460DF097FB044628460DF081FB0B908C
:103B70003FA9204616F0A4F820460021692200271C
:103B800016F038FF0546204600216A2216F032FF63
:103B9000BDF8FC10BDF80021491B2A44ADF8FC100B
:103BA000511ABDF8FE30BDF80261013109B21B1A8D
:103BB00030440E9194F85C10ADF80201C01AADF8D3
:103BC0000021ADF8FE300130D4E90A2301F00301F1
:103BD00001290FFA80F90A9309D1B2F1FF3F06DCFF
:103BE000012B04DB206B801AB0FA80F047090C929D
:103BF000204600211222079716F0FCFE05462046BB
:103C00000021132216F0F6FE06462046002110225F
:103C100016F0F0FE074620460021112216F0EAFEBB
:103C2000BDF80211BDF8FC20091AA2462AF83A1F75
:103C300002EB050C534623F806CD06950390BDF81C
:103C4000FE200D930497BDF8003105960E9D3A4471
:103C5000D6469B1BD0462EF8042D4D4528F8023D34
:103C6000CDF8008052DB8D1A01352DB2032D0BDC0F
:103C70001FFA89F2E18A09EBD23212B201EB62013A
:103C80008A1E0231E286618743F6E105C0F601052E
:103C900002950D9D089555E04FF40031064615F04C
:103CA0008FF8074628460DF0F3FA8046B0F9000079
:103CB0000021B842C8BF074630461222A8F800705B
:103CC00016F098FE05B230460021132216F092FE3F
:103CD00007B230460021102216F08CFE04B23046A6
:103CE0000021112216F086FE00B2BD42B8BF2F4659
:103CF0008442B8BF20468742B8BF3846B0F1FF3F84
:103D000040F3088241B0BDE8F08F00BFA3EB0C0583
:103D100001352DB2032D0DDC0E9DA08AABB205EB53
:103D2000D3331BB200EB6303A3F1020C0233A4F8FC
:103D300034C0238743F6AD00C0F60100D0460290A0
:103D4000CDF820E00C980A9DCDF830902E1AA3EB08
:103D50000C00431C881A411C0E98CDE909134845F4
:103D6000A8BF1946A26DA06A531C09B22CD0D4E991
:103D700014351B1A2D1A4B434D4395FBF6F593FB57
:103D8000F6F32DB21FB2EF1B7A43D71702EB17627F
:103D900003EB2225A26CCDF804E0531C1ED0D4E91D
:103DA00010371B1A381A4B43484393FBF6F390FB2A
:103DB000F6F019B200B2401A5043C11700EB11607F
:103DC00003EB20290FE000BF226B121A4A4392FB3B
:103DD000F6F5A26CCDF804E0531CE0D1626A101A2B
:103DE000484390FBF6F9079F20460021162216F063
:103DF00001FE0C990E9A8A4230DBC0B201282DD107
:103E00000898C9F100096D420E9A8A422CDA02889C
:103E1000002FA2EB090101F10101A2EB0502A8F8B4
:103E2000001002803ED0099FA36A3FB27B435B42F1
:103E300093FBF6F309B2D21A013213B29942DDF8BC
:103E40002C90D9BFA8F800301A460A46194691426C
:103E50000180BCBFA8F80010028045E04046DDF8B4
:103E600020800E9A8A42D2DBB8F8002002EB0901CA
:103E70002A440180A8F80020A7B10A9FA36A3FB294
:103E80007B435B4293FBF6F70BB2D119DDF82C9024
:103E900009B28B42DABFA8F800300180A8F8001000
:103EA00022E000BF0D9802998847DDF82C90012888
:103EB0001ADC2DAD2846494615F016FA4FF40030AD
:103EC0003A9000202F900D981A21309020462A46D3
:103ED000CDF8B8B00DF0E2F920461B212A460DF0CE
:103EE000DDF941B0BDE8F08F1FAD284605F064FF55
:103EF00020464FF400312A464FF4003717F066F998
:103F00002DAE3046494615F0EFF9002031950D9D54
:103F10002F9020461A2132463A97CDF8B8B0309506
:103F20000DF0BCF9204600210B2216F063FD0C9B1E
:103F30000E9E07469E42184639B2B8BF3046B1EBD6
:103F4000600FC8BF47100A99099ABDF97C0009B2F1
:103F500012B29142B8BF0A46B0EB620FA8BF501030
:103F60009E424FEA400003DB00992A88098803E05B
:103F7000019ABAF800101288891A013109B28842F0
:103F800017DA00209DF87FA09DF896609DF89E802E
:103F90008DF87F008DF896008DF89E001FA9484689
:103FA0002A4605F0EFFE8DF87FA08DF896608DF81B
:103FB0009E80264636F8140FDDF818A0B188DDF88B
:103FC000149050443246ADF85C00A1EB090032F881
:103FD000021FADF860000892DDF810B0DDF80C802B
:103FE00001EB0B00F188ADF85E00A1EB080019AD04
:103FF000ADF862003AB217A928460023002705F061
:104000004FFB2846002104F025FA0A909DF89E00F7
:104010008DF89E7009908DF8B270BDF8FC10BDF857
:10402000FE20BDF80031BDF802710C9D0E980DF117
:10403000540C51445A44A3EB0903A7EB0807A842C8
:10404000ADF85410ADF85620ADF85830ADF85A70B0
:1040500010DBB91A013109B2DDF82C90DDF834A07B
:1040600004291FDA0C9F089E0CF102010CF10600D6
:104070000DE000BF591A013109B2DDF82C90DDF8CE
:1040800034A003290EDC0E9F0CF1040015A9BBB26D
:10409000328807EBD3331BB202EB6302931E0B8013
:1040A000911C0180BDF97C200DF13C084046514631
:1040B0000023002505F0F4FA4046002104F0CAF977
:1040C0001FAE074615AA4846314605F05BFE099823
:1040D00031468DF89E00484652468DF87F508DF847
:1040E00096508DF8B25005F04DFE404604F028FC85
:1040F00019A804F025FC384605F030FE0A9805F0B2
:104100002DFE2DAA20461B210DF0C8F841B0BDE8B8
:10411000F08F00BF00B2B8F9001040428142C8BF22
:104120000846A8F8000041B0BDE8F08F90F85C00A8
:1041300000F003007047000090F85C1001F00301EC
:10414000022907D1816D01314FF0540108BF3021A0
:10415000405870472821405870470000816C013159
:104160004FF0440108BF242140587047B0B582B0D9
:1041700090F85C3003F00303022B19D186465EF8F9
:10418000303F8C465EF8041C5EE903458C45B8BFA1
:1041900061468D42C8BF2946A142A8BF21468B4235
:1041A00006D000F14C0315467246009500F022F847
:1041B00002B0B0BDB0B582B084465CF824EF8E4545
:1041C00015D00B46D0E90A41056B8B42B8BF1946A2
:1041D0008C42C8BF2146A942D8BF29468E4506D089
:1041E00000F13C0315466246009500F003F802B06A
:1041F000B0BD0000F0B591B01646169A1D460F46A8
:1042000004465AB3E8680021013014BFA86830683A
:1042100068602846AF6037600027FEF7D1FB6E4626
:104220003046FEF7F3FC43F60D20C0F60100019086
:104230004FF480700A9043F61920C0F601000390F5
:104240002046002165220095CDE9087716F0D2FBC3
:104250000B903046FEF75AFD11B0F0BD2846002104
:10426000FEF7AEFB4FF0FF30E8602046376011B03C
:10427000BDE8F04017F01CB9F0B500FB00F6B60A37
:10428000DDF814C0C0F5806E06FB00F70EFB0EF4DF
:10429000BF0A50430EFB06F2A40A5A4307FB0CF375
:1042A00004FB0EF5604302EB42029B0AAD0A00EBF1
:1042B000400003EB1252694302EB105000EB9120D7
:1042C000F0BD000010B50C460846102114F0D4FED5
:1042D00020464FF48061BDE8104014F0B5B80000EE
:1042E00010B5014640F22C50C0F6040014F0F4FD65
:1042F000044614F083FE204610BD000070B504464D
:10430000008E002808BF70BDC8066FEA01054FF097
:10431000000623D448050FD4E06A30F8161029406F
:1043200020F81610B1B22046FEF72AF9208E013689
:104330008642F1D311E000BFE06A30F81610294040
:1043400020F81610B1B22046FEF71AF9204618F0F0
:10435000EFF9208E01368642EED370BD48050FD5A9
:104360002BE000BFE06A30F81610294020F8161044
:10437000B1B22046FEF704F9208E01368642ECD217
:104380002046012116F054FD0028EBD020460121E3
:1043900014F072FEE6E700BFE06A30F8161029401C
:1043A00020F81610B1B22046FEF7EAF8204618F0C1
:1043B000BFF9208E01368642CFD22046012116F069
:1043C00037FD0028E8D02046012114F055FEE3E730
:1043D00008464FF6FF720021828690F83620C0E929
:1043E0000911C162016340F2A80102F0FE02C2F2AB
:1043F000000180F8362000F053BD000010B50146E2
:1044000040F24850C0F6040014F066FD044614F073
:10441000F5FD204610BD000010B5886A0C4612F06C
:1044200049FCE06A12F046FC0020C4E90A0010BD15
:104430002DE9F04182B040F24850C0F604000D462C
:1044400015F080FB012840F0588228460CF00AFF46
:10445000064628460CF01EFF711E2929804600F2F0
:10446000DE81DFE811F08700C5003300DC01DC01EC
:104470003501DC014D01DC01DC01DC01DC01DC018A
:104480003F00DC01DC01DC01DC010F01DC01DC01AF
:10449000DC01DC01DC01DC01DC01DC01DC01DC0134
:1044A000DC01DC01DC01DC01DC01DC01DC01DC0124
:1044B000DC01DC01DC012B002B0000BFD8F824104C
:1044C000404600F0EDFC02B0BDE8F081B8F83410D1
:1044D0004046FEF755F84FF0FF30A8F8340002B020
:1044E000BDE8F081B8F83000002800F006822846C8
:1044F0000CF0CEFE05460FF0A7FC25B900200FF00A
:104500005DFC0FF0A1FC054640464FF6FF7615F026
:1045100033FC0DF067FFB8F83410B14240F0ED8184
:10452000022D05D0042D40F03781002800F03481A1
:1045300098F83600D8F82C10C00701F1060240F0B8
:104540003181002032F8063C13F0500FC5D001EB4A
:1045500040035F8817F0500F00F04A819B8813F0EA
:10456000500F00F04B8132F8083B043013F0500F2D
:10457000E8D136E128464FF6FF770CF089FEB8F80F
:10458000341005464046FDF7FBFF0FF011FC0FF01D
:104590005BFC00F0FD0001281AD101AE284631462F
:1045A0000FF020FC40463146FBF762FEB842A8F807
:1045B000347000F0A2810146D8F82C0030F81100C8
:1045C00010F0500F04D14046A8F83410FDF7D8FF82
:1045D000B8F83400B84200F09081D8F82C1031F8C7
:1045E000101011F4CA6F40F0888100906A4680E094
:1045F00028460CF04DFE05460FF0DAFB06460FF09C
:1046000023FC022800F07981042800F0768101AFB4
:10461000304639460FF0E6FB40463946FBF728FEA8
:10462000B8F83410884200F068814FF6FF770646EC
:10463000B94202D04046FDF7A3FF2846A8F83460EF
:1046400010F062F8BE4200F05881D8F82C0030F823
:10465000160010F0500F40F0508140463146FDF7F3
:104660008FFFD8F82C0030F81610890500F145812D
:10467000B8F8341030F81100400500F13E81009682
:10468000B4E700BFB8F83200002800F03681D8F84F
:1046900024000368002B00F03081002200211C78E8
:1046A000B4F10A0708BF5F78002C18BF002F00F094
:1046B000B680D8F82C3033F81220520500F1A480CF
:1046C00001318AB250F82230002BE8D1A7E000BFB8
:1046D000B8F834004FF6FF71884200F00E81D8F828
:1046E0002C1031F8101011F0700F40F0068101907D
:1046F00001AA40461C210CF0D1FD02B0BDE8F081BA
:10470000B8F834104FF6FF70814211D0D8F82C0061
:1047100030F8112002F0C003802B22D1D3050FD531
:1047200098F83630DB070BD122F4A0720AE000BF04
:104730004FF6FF714046FDF723FF02B0BDE8F08160
:1047400042F4807220F8112098F83620B8F834101E
:10475000D20706D040461DF089FED8F82C00B8F8E4
:10476000341030F8110010F4C06F00F0108210F017
:10477000500040F00C82019101AA40461C210CF02F
:104780008DFD012840F0B980B8F834104046FDF79F
:10479000F7FE02B0BDE8F081A8F8346002B0BDE8D1
:1047A000F08100BF002032F8063C03F4A873B3F593
:1047B000807F3FF492AE01EB40035F8807F4A87757
:1047C000B7F5807F14D09B8803F4A873B3F5807F7E
:1047D00014D032F8083B043003F4A873B3F5807F9B
:1047E000E1D10138A8F8340002B0BDE8F08100BF83
:1047F0000130A8F8340002B0BDE8F0810230A8F81A
:10480000340002B0BDE8F081404615F021FAB8F856
:10481000321090FBF1F001B228460CF02FFEA6F109
:104820000F0001280ED8B8F834104FF6FF75A942D2
:1048300002D04046FDF7A4FEA8F8345002B0BDE80F
:10484000F08100BF152E55D00D2E56D1B8F834107A
:104850004046FDF795FE28460CF01AFD0078113809
:10486000032800F2EB80DFE800F003AB4B9F00BFB2
:104870004046002115224FF6FF75002616F0BAF8C3
:10488000B8F934108AB2AA4200F0E480002900F19D
:104890007D81D8F8283003EBC20633F83230B78870
:1048A000FF1A01373FB203EB57031BB2B6F9027090
:1048B00003FA80F0043606E0002AA2F10102A6F114
:1048C000080640F3BF8036F9025CBD42F4DA36F9DF
:1048D000045CA842F0DBB6F90050AB42ECDCD8F83F
:1048E0002C5035F8125015F0500FE5D1A8F83420AF
:1048F000154644E12846F8F7E7FC02B0BDE8F08130
:10490000B8F834000021451CB8F83000AAB2824241
:1049100028BF0D46D8F82C20ABB2A8F83450AFB25F
:1049200032F8177017F0500F00F029810135AFB23F
:10493000874228BF0D46AFB29F42A8F8345000F01E
:10494000188132F8177017F0500F00F018810135F8
:10495000AFB2874228BF0D46AFB29F42A8F834508D
:1049600000F0078132F8177017F0500F00F0078140
:104970000135AFB2874228BF0D46AFB29F42A8F8BB
:10498000345000F0F68032F8177017F0500F00F036
:10499000F6800135AFB2874228BF0D46AFB29F42C5
:1049A000A8F83450BBD1E4E0B8F834004FF6FF71FA
:1049B000884200F0C780002808BFB8F83000C3E084
:1049C0004046002115224FF6FF75002616F012F81A
:1049D000B8F83410A94279D0B8F83020914231D2D9
:1049E000D8F8283000B203EBC10633F83130B7886D
:1049F0000D46FF1A01373FB203EB57031BB2B6F95E
:104A00000270181A043605E00135ACB2A24206F174
:104A1000080617D036F9024CBC42F5DD36F9044CD5
:104A2000A342F1DBB6F90040A042EDDCD8F82C40FF
:104A300034F8154014F0500FE6D180E0B8F8345047
:104A40009DE000BF89B24046FDF79AFD02B0BDE887
:104A5000F08100BFD8F82C00A8F83460B1B230F86B
:104A6000111011F0500F00F0998046F00102B8F8D3
:104A7000301093B28B42A8F8342060D230F8133053
:104A800013F0500F3FF434AF46F0020293B28B4262
:104A9000A8F8342053D230F8133013F0500F3FF4FD
:104AA00027AF46F0030293B28B42A8F8342046D2D7
:104AB00030F8133013F0500F3FF41AAF0436B2B28F
:104AC0008A42A8F83460C9D339E000BFD8F82C0076
:104AD000A8F83460B1B230F8111011F0500F5DD069
:104AE00046F00102B8F8301093B28B42A8F8342097
:104AF00025D230F8133013F0500F3FF4F9AE46F0E2
:104B0000020293B28B42A8F8342018D230F8133046
:104B100013F0500F3FF4ECAE46F0030293B28B4219
:104B2000A8F834200BD230F8133013F0500F3FF4B4
:104B3000DFAE0436B2B28A42A8F83460CAD3A8F80D
:104B400034501CE0B8F83000D8F82C10451EA8F8F6
:104B50003450AAB231F8122012F0500F0FD02A04AC
:104B600008BFB8F83050AAB2013D8242A8F83450CC
:104B7000EFD14FF6FF754FF0FF30A8F83400A9B21F
:104B80004046FDF7FDFC02B0BDE8F08189B2404629
:104B9000FDF7F6FC02B0BDE8F08100BFB1B24046BF
:104BA000FDF7EEFC02B0BDE8F08100004FF6FF72A9
:104BB000914204BF002070472DE9F041B0F830E089
:104BC000714500F2868039B1436A042901F0030C73
:104BD0000AD200223CE000BF0022714579D0406A31
:104BE00050F82200BDE8F08121F0030800220025E2
:104BF000561CB4B253F82440043527780A3F08BF46
:104C00006778002F08BF961C721C94B253F824409A
:104C100027780A3F08BF6778002F08BFB21C561CD0
:104C2000B4B253F8244027780A3F08BF6778002FB2
:104C300008BF961C721C94B253F8244027780A3F90
:104C400008BF6778002FACB208BFB21C4445CFD173
:104C5000BCF1000F39D0541CA5B253F825502E7862
:104C60000A2E05D16D78B5FA85F56D0901E000BF12
:104C70000025002D18BF941CBCF1010F224624D042
:104C8000621C95B253F825502E780A2E04D16D7807
:104C9000B5FA85F56D0900E00025002D18BFA21CAE
:104CA000BCF1020F11D0561CB7B253F827301F7851
:104CB0000A2F05D15B78B3FA83F35B0901E000BFEB
:104CC0000023002B18BF961C324692B271457FF428
:104CD00086AF0020BDE8F081808E7047038E994238
:104CE00024BF00207047C06A30F811001040801ABD
:104CF000B0FA80F040097047F0B581B00446008EEC
:104D0000814280F0A3801546D20517D594F836204D
:104D100012F0010212D00E46002700BFE06A30F800
:104D2000171021F4807120F81710B9B22046FDF752
:104D300027FC208E01378742F0D33146EA067AD528
:104D4000022872D3042800F0030C05D201200022AF
:104D5000BCF1000F44D166E020F0030301200022E3
:104D600003E000BF7A1C9A4236D01646914209D120
:104D7000771C8F4210D101378F4218D101378F42F3
:104D8000F0D01FE0E26A32F8162002F0100200EACA
:104D90001210771C8F42EED0E26A02EB4602528874
:104DA00002F0100200EA121001378F42E6D0E26AE8
:104DB00002EB4602928802F0100200EA121001375C
:104DC0008F42CFD0E26A02EB4602D28802F0100294
:104DD00000EA1210C6E700BF321DBCF1000F22D05E
:104DE0008A4206D0E36A33F8123003F0100300EA77
:104DF0001310BCF1010F16D0531C8B4206D0E76A8A
:104E000037F8133003F0100300EA1310BCF1020F5F
:104E100009D002328A4206D0E36A33F8122002F047
:104E2000100200EA1210C00705D020460E460121EC
:104E300013F00AFB3146E06A30F811202A4320F8CB
:104E400011202046FDF79CFB680501D401B0F0BDA0
:104E5000204601B0BDE8F04017F06ABC70B50446CA
:104E6000008E002808BF70BD0D460026B1B2204656
:104E70002A46FFF741FF0136208EB1B28142F5D3B9
:104E800070BD000010B5028E0446C06A520011F0D9
:104E90007DFF616A2046BDE8104000F001B80000C7
:104EA0002DE9F04F8FB0D9B10A6888460746012036
:104EB0007886CAB100200121002500BF1378A3B174
:104EC0000A3B00F1010008BF5378002B06BF0131F7
:104ED0007986013582B258F82220002AEED104E00A
:104EE0000FB0BDE8F08F00BF0025388EACB2844211
:104EF0000E9723D0B86A20B111F0DCFE0E9F00207F
:104F0000B862F86A18B111F0D5FE0020F862E0002E
:104F100011F0D2FC0028B86252D0600011F0CCFC35
:104F20000E990028C8624DD0896A002908BF0D4635
:104F3000A9B2490012F024FB0E9F3D86384600219D
:104F40001622C7F8248015F055FD06460E9800215C
:104F5000122215F04FFD03900E980021102215F03B
:104F600049FD04900E980021142215F043FD0546DA
:104F70000E980021152215F03DFD05900E9814F0B5
:104F800083FE04460E9814F063FEDDF838C0BCF8CA
:104F90003210002900F0C1804A1E02FB15002AB21F
:104FA00000B2029201900598A6460FFA80F9F4B279
:104FB0004FF0000B0A4600200894CDF834900AE028
:104FC000FEE700BFFEE700BF08F1040801308AB227
:104FD000904280F0A280D8F80070002FF4D00C919D
:104FE00001214FF0000A002500233E78B6F10A04A3
:104FF00008BF7C78002C18BF002E13D0DCF82C7072
:10500000013507EB4B0737F81A701FFA85FA07F0DE
:105010000F0658F82A70012E98BF0E46002F334411
:10502000E3D100BF0C992F04CED0BAF1000F00F1EC
:10503000010669D0CDF81C80DDF80480049F029C35
:1050400000FB08F100FB047406FB08F7B1FBF2F16A
:105050000696B7FBF2F2059FA0186A1E013802FB04
:1050600017E200B20C9010B220EAE07021440B90DD
:1050700098B20A9008B20990039C4FEACB074FF010
:105080000008D146002500BFDCE90A01012231F801
:105090001B10384401F00F01012998BF11460B9BEA
:1050A00005FB03F20D4405FB03F10A9BB1FBF3F191
:1050B000B2FBF3F20D9B08FB031108FB0322089BD4
:1050C0000139012B134604BFAEEB0103AEEB020125
:1050D0001A1921440BB211B2099A0C9E0096764619
:1050E000FEF724FCDDF838C0B64608F101080BF1E4
:1050F000010BB9F1010907F10807C5D1BCF832105D
:10510000DDF83490DDE9066808EB8A0000F1040858
:1051100030468AB29042FFF45EAF6046644617F0B4
:1051200007FB20460FB0BDE8F04F16F0C1B90000F4
:1051300090F8362002F0FE020A44002180F8362062
:105140001DF094B9B0B50C464FF6FF718C4203D0F8
:10515000018E8C4228BFB0BD818E0546FDF710FA46
:1051600028462146AC86BDE8B040FDF709BA0000EC
:105170002DE9F04381B040F2E470C0F20110002745
:1051800001F58C768946C1E90A000F638F863046A7
:10519000A82112F0F5F964A0C84648F8380F63A0BA
:1051A00008F1040462A163A263A30FF2901C0FF242
:1051B000901E84E80F5040F66B70C0F60400782112
:1051C000002203E0D8660737312F6DD007F10803BE
:1051D0005B0709EB870341D0D5B206EB85040132AA
:1051E00006F825105C6507F109056D073BD0D5B2BF
:1051F00006EB850406F825109C65013207F10A05C7
:105200006D0735D0D5B206EB850406F82510DC65B0
:10521000013207F10B056D072FD0D5B206EB8504DF
:1052200006F825101C66013207F10C056D0729D020
:10523000D5B206EB850406F825105C66013207F14D
:105240000D056D0723D0D5B206EB850406F82510B1
:105250009C6601322A2FB5D01CE000BF586507F1CB
:1052600009056D07C3D1986507F10A056D07C9D116
:10527000D86507F10B056D07CFD1186607F10C054E
:105280006D07D5D1586607F10D056D07DBD198661E
:105290002A2F97D0D5B206EB850406F82510DC66D8
:1052A00001320737312F91D141F21E00C0F60400C0
:1052B000C9F814014846FFF7A1F84146C9F824008F
:1052C000FFF7EEFDD9F824004FF40871FFF7C6FD93
:1052D000D9F824004DF6C571C0F600011A2200234A
:1052E00013F06CF8D9F8240042F2640118F0B8F910
:1052F0004846012117F054FED9F82400012117F087
:1053000061FEB9F82C1099F92E20484600F01CF8DF
:105310004846FCF7C9FDD9F824004FF4804101B09C
:10532000BDE8F04313F090B8537500004D6F0000D6
:105330005475000057650000546800004672000074
:10534000536100002C3070472DE9F04F89B0824640
:10535000818501208AF82F00DAF824000E464021CA
:1053600017468AF82E20FEF7C9FFDAF8240000213C
:105370004022FFF7C1FCDAF8240001214022FFF7A8
:10538000BBFCDAF8240002214022FFF7B5FCDAF872
:10539000240003214022FFF7AFFCDAF824000421A7
:1053A0004022FFF7A9FCDAF8240005214022FFF78C
:1053B000A3FCDAF8240006214022FFF79DFCB4B2DA
:1053C0007DB24FF0FF312046012DBCBF11FA86F0AF
:1053D0000B2141FA87F10B29C4BF01300C39012997
:1053E00020D181074FF0000119D145F62942CCF2B6
:1053F0008F22504345F628434FEAB002C0F28F2374
:105400009A424DF20B734FF000024FEA3010C0F297
:10541000A30388BF0122984238BF0121114301F143
:105420001C0C11E044F6251010FB01F0421402EBB5
:10543000D070A0EBC0000844C1B200EBD11121F044
:105440000101081A00F11F0C0020032D21462A46F5
:1054500038BF4FF0FF300790A4F1010938BF49462B
:10546000032D38BF0C32C2EB42124AF6AB233E3A50
:10547000CAF6AA23A2FB032748F21F52C5F2EB1279
:10548000A1FB023201EB9103A3EB521303EBD21306
:1054900003EBD703FF0844F62510069707EBD21756
:1054A0000133C2F2924007EB91078908A3FB006E1B
:1054B0000395032D38BF013F0491D1092744019181
:1054C000A3EB0E01A7EB52160EEB51010136550965
:1054D0008A080894A6FB0040D200A2EB9101321A80
:1054E00000EB5200A3EB010B5FFA8CF182080291F2
:1054F000B900D200A1EB8501A2EB9000A1EB8000E6
:10550000504440F66D765BFA8CF4059500F58E7587
:105510000127C0F60406D846FBB2284604213246CD
:1055200019F0E0FB08F101080137A04505F1040579
:10553000F2D303994FF0FF300229B8BF0B2001448A
:10554000A1F10100DDF82080A8BFC1460B28C4BF2F
:1055500009F10109A1F10D00012825D15FEA897047
:105560004FF000001AD145F62941CCF28F2109FBFA
:1055700001F145F628434FEAB102C0F28F239A4267
:105580004DF20B734FF000024FEA3111C0F2A3034A
:1055900088BF0122994238BF012010431C30BBF163
:1055A000000F17D133E000BF42F29341C9F2492105
:1055B00051FB00018A1002EBD171A1EBC10108443B
:1055C000C1B200EBD11121F00101081A1F30BBF16B
:1055D000000F1CD040F66D76A0EB0B040AF58C751D
:1055E0000027C0F6040600BF0134E3B228460421B8
:1055F000324619F077FBDAF82400F91D89B240220F
:10560000FFF77AFB01375F4505F10405ECD30698F7
:105610000199059F0844049944F625120844079906
:10562000C2F2924208444044C11B0131A1FB022353
:10563000029AC91A03EB510110448B08C21BDB000C
:105640008000A3EB9101A0EB8700A0EB8100504408
:1056500040F66D78541A00F58E750126C0F60408E0
:105660002846042142463346A71919F03BFBDAF8D5
:105670002400F91D89B24022FFF73EFB0136A01934
:105680000138292805F10405EAD35046FCF70CFC43
:10569000DAF82400FFF720FB4FF6FF71884206D0AE
:1056A000DAF824000BF10701C9B2FFF74BFD5046B1
:1056B00015F0FEFE504614F075FA98B10546002626
:1056C00003E000BF0136B5420CD05046314614F01D
:1056D00059FADAF824108842F4D01C2152460BF013
:1056E000DDFDEFE709B0BDE8F08F000010B50C4616
:1056F00001F124001021F3F79DFE04F13000102188
:10570000F3F798FE4FF4C8010020C4F876104FF06C
:105710006411A4F87400C4E91B016420C7F6FF708B
:10572000C4F87A000320C0F2050094F88810C4F889
:105730007E000A20A4F8820001F0F000013084F815
:1057400088004FF00120C4F8840010BD70B5886A4D
:105750000C4601F1240528BB2846F3F703FE606BD5
:1057600004F1300570B100BF2846F3F72DFE064660
:1057700028463146F3F7D2FE304611F09BFA606BB3
:105780000028F1D12846BDE87040F3F7EBBD00BF1B
:1057900028463146F3F7C2FE304611F08BFAA06A74
:1057A0000028D9D02846F3F70FFE0646007B4007B5
:1057B000EED4706811F07EFAEAE700002DE9F04FB0
:1057C000C7B040F2B856C0F6040630460D4614F095
:1057D000B9F9012840F0858328460BF043FD0446C3
:1057E00028460BF057FD611E2B2900F27A830446F0
:1057F000DFE811F02C007703770377037703770353
:1058000077038800770377037703770377037703BA
:1058100077037703770377035800770394007703C0
:1058200077037703770377037703770377037703A8
:105830007703770377037703770377037703770398
:105840007703770330037703770370000EF0B0FA25
:105850000FA90EF0C7FAA08ABDF83C100D1A204619
:10586000ADF83C5014F096FB4719204614F00CFAA2
:10587000B4F884800546204600211222002615F047
:10588000B9F8381A00B2002800F1278305FB08F1A7
:105890000A02B0EB224F40F3F382B4F88200461EB6
:1058A0001BE300BFB4F94000B4F94C20B4F9583000
:1058B000B4F964109042C8BF02468B42C8BF194673
:1058C0008A42C8BF1146284647B0BDE8F04F0BF0EA
:1058D000D5BD00BF28460BF0DBFC0546204614F082
:1058E000D3F9B4F884104843000A2880204614F005
:1058F000AFF9B4F886104843000A688047B0BDE8A5
:10590000F08F00BFB4F87C102046FCF79FFE47F6EE
:10591000FF70A4F87C0047B0BDE8F08F28460BF07C
:10592000A7FC826804F114050DF1840A074650466D
:105930002946F2F7CDF9002800F05181B8680795A3
:105940000690204600213222C7F808A04FF0000838
:1059500015F050F8049020460021122215F04AF864
:10596000039020460021102215F044F80C902046A8
:1059700014F08AF9B4F88410CDE90101204614F03E
:1059800067F9B4F8861032AD814628460B9102F0D3
:1059900055FD204600212A4615F0B8FB0DF13C0BC1
:1059A0005846394613F0A0FC4FF0FF301D902046BA
:1059B0001A215A46CDF87080CDE910681595CDE9C9
:1059C00018880BF06BFC20460021312215F012F8EC
:1059D000C0B2089020460021322215F00BF8059045
:1059E00020460021332215F005F80990204614F0D6
:1059F000D1FA0090204614F0D1FBB4F87E50B8469E
:105A0000002D6CD0A18AB4F816A0ADF80211089947
:105A1000228B03294FF0000BADF8BE201DD3059952
:105A200009B2012919DB09990746890709D52046DA
:105A30000021102214F0DEFF80B2B0FA80F04FEAAD
:105A4000501B0998C00707D020460021112214F0EE
:105A5000D1FF000408BF013D384629B28B453EDA2C
:105A600004990C9A0DF5817711440B9A081A09FBD9
:105A700002F2130242F30F2250440C920B90A8B290
:105A800013FB2BF90DF1BE0A0FAD0A90B4F87E009E
:105A90000B99013899FBF0F02A460844ADF804014F
:105AA000ADF8C0000120119020461A211096CDE9D2
:105AB000187ACDF874B00BF0F1FB404632A93A46A3
:105AC000534602F0ABFC20461B212A460BF0E6FBB6
:105AD0000A980BF1010B58450C988144D6D1B4F8C3
:105AE0008050002D69D0E08AB4F81490ADF804011C
:105AF0000898618B03284FF00007ADF8C0101AD347
:105B0000059800B2012816DB0998400708D5204601
:105B10000021122214F06EFF80B2B0FA80F0470923
:105B20000998000707D520460021132214F062FFD0
:105B3000000408BF013D28B287423EDADDE90310C8
:105B40000DF5817B0844DDE901210DF1BE0A5143C9
:105B50000A0241F30F210C910099401A48440B901E
:105B6000A8B212FB27F90FAD0A9000BFB4F880006D
:105B70000B99013899FBF0F02A460844ADF8020170
:105B8000ADF8BE000220119020461A211096CDE9F2
:105B900018BA1D970BF082FB404632A95A4653466D
:105BA00002F03CFC20461B212A460BF077FB0A98AA
:105BB0000137B8420C988144D8D14FF0FF301D9086
:105BC0000020CDE918000FAA20461B210BF066FB30
:105BD0000698079D47460DF1840AC8F8080020463C
:105BE00039460022F9F71EFB204639460122F9F713
:105BF00019FB204639460222F9F726F92046394694
:105C00000422F9F721F904F12400F3F77DFC0028C0
:105C100000F0268104F130084046F3F775FC0028B7
:105C200040F05F81B9680DF58A7948462A46F2F757
:105C30004FF8002800F05581B868C7F808900DF5B6
:105C400081790A90484602F0F9FB20464FF4E021A2
:105C50004A464FF4E02915F059FA32A804F0ACF89E
:105C60009DF80A014FF4E0218DF8CB0047F6FF7054
:105C7000ADF8C8002046012214F0BCFE8346204641
:105C80004FF4E021012214F0B5FE05460FA8394675
:105C900013F02AFB0DF1BE0015900520119040462F
:105CA000CDF84CA0CDF870901096F3F7BDFB00280E
:105CB00000F0FA8006461FFA8BF00BEBD03000B2F2
:105CC00040100C90A8B205EBD03000B240100B9001
:105CD000ABF1020080B24FF6FD71AB1E002288428C
:105CE0004FF000009BB238BF01208B4238BF012229
:105CF00000EA02050DF5867B0DE000BF20461B2162
:105D00000FAA0BF0CBFA40463146F3F789FB064663
:105D1000002800F0C9800DF1BE000DF581710A2246
:105D200011F034F821A832A9382211F02FF844A933
:105D3000F088CDE9181B717BADF8BE00C907ADF83E
:105D400088000FD1B28847F6FF708242DBD0B1687D
:105D500020460DAB00F0DCF8BDF83410BDF836205D
:105D600002E000BF31887288A08A00EB0109E18A55
:105D700001EB020AC5B10C9AA9EB0201ADF834108F
:105D800009EB02010B9AADF83810AAEB0201ADF84D
:105D900036100AEB0201ADF83A100DA91291317BD1
:105DA0008A0706D12CE000BF00211291317B8A07BF
:105DB00026D0C90708BF4846ADF81001ADF812A1BA
:105DC0004846002A48BF208BADF80C0120461A2116
:105DD0000FAAADF80EA10BF061FA38460DF1BE0125
:105DE00044AA5B4602F01AFB25B1384621A90DAA48
:105DF00003F0C8FF20461B210FAA0BF04FFA317B9E
:105E000011F00C0F3FF47FAF4807ADF810915046EA
:105E100048BFE08AADF812010807ADF80C912046A2
:105E20004FF01A010FAA48BFB4F81AA0ADF80EA19E
:105E30000BF034FA38460DF1BE0144AA5B4602F07D
:105E4000EDFA002D3FF45AAF384621A90DAA03F010
:105E500099FF53E7204647B0BDE8F04F16F098BCD5
:105E600094F8880000F00700032829D0022821D0E8
:105E700001287FF4CFAE20463946F8F747FAC9E645
:105E800094F8882041F30F2102F00702022A1DD066
:105E9000012A21D1B4F88220013A504300EB51008D
:105EA00090FBF1F619E000BF0A98B86047B0BDE872
:105EB000F08F00BF20463946F8F7DCF8AAE600BFAD
:105EC00020463946F8F76AFDA4E600BFB4F8822000
:105ED0005043B0FBF1F600E00026B4F97C008642A6
:105EE00002D147B0BDE8F08FB1B22046FCF7AEFB5F
:105EF000B4F87C102046FCF7A9FB20461C210022A8
:105F0000A4F87C600BF0CAF947B0BDE8F08F000040
:105F10002DE9F04F87B058B30E4659B30546B0F897
:105F200082001C469246824226D2284613F0ACFEDE
:105F3000B5F8841048434FEA102B284613F088FE2A
:105F400095F88810B5F8869001F0070103290690AE
:105F500076D0022916D0012940F08580B5F882104C
:105F60000FFA8BF000FB0AF0013990FBF1F079E0B9
:105F7000FEE700BFFEE700BF0020206007B0BDE8DD
:105F8000F08F00BF05F124073846CDF81490F3F7E1
:105F900021FA049028464FF4A021152214F02AFD7E
:105FA000B5F8841000B2484300120390284600213F
:105FB00015224FF0000814F01DFDB5F8841000B252
:105FC00048434FEA2029B5F882000FFA8BFB411EA7
:105FD00001FB19B191FBF0F002903846F3F724FA77
:105FE00068B10146B0420AD04FF00008384608F1C7
:105FF0000108F3F715FA10B10146B042F6D109EBEA
:106000000B00B5F8821000FB0AF090FBF1FC02983F
:10601000049F01B203987B1E08FB01F200FB1311E1
:10602000B2FBF7F2B1FBF7F102EB0C008AB201EB25
:10603000D23109B2DDF8149000EB610012E000BF2C
:10604000317B0222306802EA91016A1830F91A00A5
:10605000B2F97410B2F978200FFA8BF70023009789
:1060600010F008FC2080284600213222002714F07E
:10607000C1FC804628460021122214F0BBFC218876
:10608000404408442080284613F084FF2188081AE1
:10609000208095F88800000758BF7789B5F88200FE
:1060A00007EB0A01B1FBF0F2069B02FB10107168CE
:1060B000327B31F91000C2F3001105EB4101B1F957
:1060C0006C20B1F9701003FB09F3801A43F30F271A
:1060D0007843891A90FBF1F01902C0EB21406080EF
:1060E00028460021102214F085FC618840440844B1
:1060F0006080284614F052F86188081A608007B062
:10610000BDE8F08F10B50C4691F828100AA0606227
:1061100041F0010084F828002046022112F094F991
:106120002046082112F090F920464FF48061BDE826
:10613000104012F089B900BF436865636B20626F3D
:106140007800000091F82800C00718BF704710B50C
:10615000486A0C4610F0AEFD00206062BDE81040B9
:10616000704700002DE9F04FB7B040F2D457C0F6A9
:10617000040738460C4613F0E5FC012840F0538133
:1061800020460BF06FF8054620460BF083F8132DE0
:1061900000F04C81152D5FD02C2D40F04481054638
:1061A00020460BF075F8804628460021572200242F
:1061B00014F020FC0646B0F808A028460021592219
:1061C00014F018FC074628460021582214F012FC4F
:1061D000696A41F6FF723BB2CDE9003203B215A8FD
:1061E000324602941BF05CFE28460021152214F072
:1061F00001FC814628464FF40031122214F0FAFBCC
:10620000074628464FF40031132214F0F3FB0446EE
:1062100028464FF40031102214F0ECFB06462846C5
:106220004FF40031112214F0E5FB0AEB06010AEBF2
:1062300009020844BDF854103A4422441144A8F815
:106240000010BDF9561000B28842C8BF0146A8F838
:10625000021037B0BDE8F08F20460BF01BF8054662
:1062600020460BF005F8059028460021572214F02F
:10627000C1FB0790B0F9080000210990284632229E
:1062800014F0B8FB044628460021102214F0B2FB9B
:106290002044089028460021122214F0ABFB204431
:1062A000049028460021152214F0A4FB06902846ED
:1062B0004FF40031122214F09DFB039028464FF456
:1062C0000031132214F096FB064628464FF40031A5
:1062D000102214F08FFB804628464FF40031112223
:1062E00014F088FB814628464FF40031692214F0EF
:1062F00081FB824628464FF400316A2214F07AFB73
:1063000029AC8346204603F057FD28464FF4003160
:10631000224614F05BFFA88A0499039A084409995D
:10632000EB8A01390A4432441618089AA0EB0A0095
:106330001A444144ADF89C0006EB0A0001EB090841
:10634000ADF8A000A2EB0B00ADF89E0008EB0B002F
:10635000DDF814900496104415AEADF8A200304656
:10636000494612F0C1FF4FF4003016974FF0000A73
:1063700027AF229028461A2132461994CDF85CA006
:1063800018970AF08BFF484621463A4603F0FAFC7C
:1063900028461B2132460AF081FF28460021592257
:1063A00014F028FB044628460021582214F022FB52
:1063B00041F6FF7223B2696ACDE90032079A03B24F
:1063C00014A8CDF808A000261BF06AFD0CAC2046EE
:1063D00001F0AEFF28460021224614F03DFE08F1F0
:1063E0000100099900B2401A0699049A00EBD07096
:1063F0001144BDF85020ADF828101144089AADF8AA
:106400002C10E98A02EB60000844BDF85210ADF888
:106410002A0008446B6AADF82E000AAA48462146B5
:10642000009601F025FC37B0BDE8F08F0546204608
:106430000AF02EFF044628464FF4003112F0C0FC4B
:10644000B4F900108142C8BF0846208037B0BDE8CB
:10645000F08F000082B2120412FA80F04FF61F0291
:106460000431C0F2E072C90810404143494200EBD8
:106470005110104040EA10407047000083071CBFD5
:1064800020F8021B013A10B5112A1DD38BB21C044F
:10649000A2F1110C012303EB1C1313F0030E14FAE9
:1064A00081F320D0BEF1010FC0E90033C0E902330F
:1064B000C0E904338361C36108D12030103ABCF1D4
:1064C000300F13D237E000BFAABB5AE0BEF1020F73
:1064D000C0E90833C0E90A33C0E90C338363C363FE
:1064E00050D14030203ABCF1300F24D3403AC0E9BB
:1064F0000033C0E90233C0E90433C0E90633C0E920
:106500000833C0E90A33C0E90C33C0E90E33C0E9EF
:106510001033C0E91233C0E91433C0E91633C0E9BF
:106520001833C0E91A33C0E91C33C0E91E33102AFE
:1065300000F18000DAD812F0030EA2F1010C14D0A1
:106540000346BEF1010F23F8021B03D11846624631
:106550000BE000BFBEF1020F418003D10430023ACC
:1065600003E000BF81800630033ABCF1030F38BF5F
:1065700010BD083820F8081F043A41808180C1808E
:10658000F8D110BDC0E91033C0E91233C0E91433AB
:10659000C0E916336030303ABCF1300FA6D2CAE7FA
:1065A000F0B5C1EB0121890841F27B43C2EB022225
:1065B000594392085343C1F34742002A4FEA5346D6
:1065C00038D040F66133C0EB0020C0F2B603A0FB28
:1065D00003354FF22B33C0F20E13A0FB03018809E1
:1065E000D52300FB0350F3B200EB40004000C4B2DF
:1065F00082F0FF0504FB02F0FF275D4387EA1020CD
:106600004FEA152E00FB03F5C1F3871004284FEA6B
:10661000152C2BD884F0FF01514387EA11215943EF
:106620000A0ADFE800F02503171D1300324666460C
:106630001EE000BFF0B24FF4FC63C20803EAC601DB
:1066400041EAC22141EAD000F0BD00BF10467246C7
:1066500008E000BF704696463246064608E000BF96
:1066600070466246B646064602E000BF7246E646FF
:1066700002F0FC015FFA8EF0C90041EAD00006F09A
:10668000F80140EA0120F0BD10B50020C6F26440D8
:10669000486291F83C000C4600F0F80084F83C0099
:1066A0000020C4E90C0040F2DE5091F82C10C2F238
:1066B0000000007801F0FE01084484F82C00204618
:1066C0004FF4803111F0C0FE20464FF4407112F0BB
:1066D000D3FC2046BDE810401EF042BA2DE9F04F31
:1066E000A7B040F2F050C0F604000D4613F02AFAAD
:1066F000012840F0CD8328460AF0B4FD0446284620
:106700000AF0C8FD611E292900F2C2830446DFE8B1
:1067100011F02B00B300BF03BF03BF03BF03BF03D0
:10672000BF03BF03BF03BF03BF035500BF03BF03C6
:10673000BF03A703B7037F00BF03D900BF03BF0395
:10674000BF03BF03BF03BF03BF03BF03BF03BF0339
:10675000BF03BF03BF03BF03BF03BF03BF03BF0329
:10676000BF03C303DD0300BF1AF05AFF60630DF0DF
:106770001FFB04F138010DF035FB0DF019FB216B07
:10678000054608461AF034FF2968898B884280F054
:10679000CB8494F83C00A78C94F8266094F827806A
:1067A00000F00300DFE810F00400860488048A0487
:1067B00028460EF043F8002700F08FBC28460AF068
:1067C00067FD006820F00201112940F0858394F8EC
:1067D0003C50A38C94F8262094F8271005F003056C
:1067E000184616468C46DFE815F0050023042D04F4
:1067F000360400BF40F66137581CC0F2B607A0FB54
:1068000007754FF4B47705FB170000F024BC00BFF8
:1068100020464FF44031122214F0ECF80FFA80F8C1
:1068200020464FF44031132214F0E4F806B220461B
:106830004FF44031102214F0DDF807B220464FF437
:106840004031112214F0D6F800B2B045C8BF464618
:106850008742C8BF38468642C8BF3046023004B2BD
:1068600028460AF015FDB0F90010A142C8BF0C4639
:10687000048027B0BDE8F08F0DF09AFA002800F0F0
:10688000078305460DF0E0FA042802D0022840F004
:106890003F83A68A204614F059FA81B200EBD1302A
:1068A00000B206EB6006E78A2046ADF8646013F09C
:1068B00069FA81B200EBD13000B207EB5000ADF8BD
:1068C00066002BE328460AF0E5FC064628460395B9
:1068D0000AF0CEFC0A90304614F038FA074684B22B
:1068E000304613F04FFAB14639F8142F07EBD43382
:1068F0001CB281B202EB64020992F28A00EBD13041
:1069000000B202EB600016AF08903846651001F047
:1069100095FD304600213A4614F0F8FB4FF41D7007
:106920004AF253416843C7F65C3150FB01F0010B5A
:1069300001EBD0700230ADF85A00304600215022F1
:1069400014F058F819AF80463846494647F6FF72AA
:10695000002302F0A5FE3846002101F07BFD0290E5
:10696000B9F80000328BF18A4044738BADF85000C7
:10697000A2EB0800ADF8540001EB0800ADF852009E
:10698000A3EB08000EAFADF8560014A9384647F641
:10699000FF72012302F084FE3846002101F05AFD07
:1069A000BDF95A10019001EB6400079001FA88F0DC
:1069B000C0EB640006900CA840F208050430C2F257
:1069C00000054FF0000A4FF0000B0590049653E0CD
:1069D0008DF862008DF863008DF830009DF863102B
:1069E0009DF830009DF8622001F0FC01C90041EAE9
:1069F000D20100F0F80041EA00204BF30F28ADF877
:106A0000580040461BF01CFA079D099C684304EBA4
:106A1000D030ADF830005A2000EB1B200FFA80F97F
:106A200048461BF00DFA6843089D05EBD030ADF8E1
:106A3000320040461BF004FA069F784304EBD03046
:106A4000ADF8340048461BF0FBF9784305EBD03035
:106A5000ADF836000A98059B16A90CAA01F0DEFCD9
:106A60000B9840F208050AF1030AFE280BF5876B24
:106A7000C2F2000580F07E81688800211FFA8AF248
:106A80008DF830108DF863100B9290428DF86210E3
:106A90001CBFFF20287096F83C00A5F802A000F06B
:106AA0000302DFE802F00311230300BF28789042BD
:106AB00062D140F2A840C2F2000090F800C04078D5
:106AC000BCF1000F74D183E72878012840F0AC8036
:106AD00040F2A840C2F20000B0F802C040785FFA6D
:106AE0008AF3002B40F0C48072E700BF28780228A8
:106AF00040F0F48040F2A840C2F200000178B0F803
:106B000002C0002900F00C811FFA8CF3022010EA69
:106B100013220CAF3A460DF1620004BF024638461C
:106B2000042717EA13260DF163073E4604BF1646F5
:106B30003A46062707EA1325B5FA85F5C3F300237D
:106B40006D0983F00104074665401CBF17460246E5
:106B500081F0FF000AFB00F0000A002B87F800A07C
:106B6000307040F0F1805FEA0C6000F00181CCF100
:106B70000000C0B2EAE000BF96F8260048F6D7440D
:106B800096F82730C0F202046043070CC0F3074CAC
:106B900040F2A84103FB04F0C2F20001030CC0F371
:106BA00007400F704B702A70BCF1000F3FF410AF1C
:106BB0000AEB4A025300022111EA13220CA90A46E9
:106BC0000DF1620704BF3A460F46042111EA13266D
:106BD0000DF163010E4604BF16460A46062101EA7E
:106BE0001325B5FA85F5C3F300246D0984F001017E
:106BF000694039461CBF11463A4608708CF0FF01C7
:106C000041434FEA1121317044B9190600F0A680C2
:106C1000594201F0FE010CFB01F1A1E003F0FE017D
:106C200001FB0CF19CE000BFB08C42F6835100EBFD
:106C300040004002C0F2D821A0FB010196F82700D5
:106C400048F6D742C0F202024FEA910C40F2A84146
:106C50005043C2F20001020CA1F802C0C0F3074089
:106C60004A70012129705FFA8AF3002B3FF4B0AE1D
:106C70001FFA8CF7022111EA17220CA90A460DF11E
:106C8000620604BF32460E46042111EA17250DF1B3
:106C900063010D4604BF15460A46062101EA172482
:106CA000B4FA84F4C7F30027640987F00101614056
:106CB00031461CBF11463246087083F0FF01414344
:106CC000090A2970A7BBCCF10001C9B201FB0AF384
:106CD0005FEA0C6108BF4FEA0A232DE0B08C42F650
:106CE000835100EB40004002C0F2D821A0FB01011B
:106CF0004FEA910C96F8261048F6D742C0F20202ED
:106D000040F2A8405143C2F200000A0CA0F802C0B1
:106D100002700220C1F30741287000297FF4F4AE0D
:106D20008DF862A08DF863A08DF830A056E600BF04
:106D30005FFA8CF101FB0AF3D94389B2090A48438F
:106D4000000A049E107049E65FFA8CF0484380F414
:106D50007F40049E000A00FB0AF006E04FEA0C2187
:106D600081F47F41049E090A4843000A107035E609
:106D70000802ECE719A801F0E3FD0EA801F0E0FD20
:106D8000029802F0EBFF019802F0E8FF039C204616
:106D90000AF080FA064620460AF06AFA19AD8046E3
:106DA000284603F009F830464FF440312A4614F0E3
:106DB0000DFA96F82C0047F6FF71C007ADF8641085
:106DC00008D0B08C96F8261096F82720FFF7E8FB3D
:106DD000ADF8680030460021502213F00BFE81B25E
:106DE00000EBD13005B230464FF44031122213F09F
:106DF00001FE814630464FF44031132213F0FAFD74
:106E0000074630464FF44031102213F0F3FD04469C
:106E100030464FF44031112213F0ECFDB18A328D2F
:106E2000F38A114409EB6502768D8A1AADF8382091
:106E3000F21807EB6503D31AADF83A3004EB65039B
:106E400000EB650019441044ADF83C10ADF83E006D
:106E500019A90EAA404602F095FF27B0BDE8F08FB1
:106E600028460AF015FA0168054604F1140047F6B1
:106E7000FF72F1F71DF8287127B0BDE8F08F00BF51
:106E800028460AF005FA017802291CBF0121017089
:106E900027B0BDE8F08F00BF28460AF0F9F9054693
:106EA000204613F053FF2988AA8880B2511A013175
:106EB00089B288420AD1204612F064FF6988EA88C4
:106EC00080B2511A013189B28842E1D0204627B000
:106ED000BDE8F04F1DF044BE142801D01228D7D1D0
:106EE00094F83C30A08C94F8261094F8272003F0F6
:106EF0000303DFE813F005001F0125012A0100BF8D
:106F00000028A0F1010008BF4FF4B4701DE100BFDC
:106F100019A928460CF066FFBDF864602868B4F92A
:106F20003810007E32B2511A48BF4942814209D816
:106F3000BDF96610B4F93A208A1A89B248BF5242A4
:106F4000824208D91AF06CFBBDF86460BDF8661087
:106F5000606326876187A08AE28A301AADF86400F0
:106F6000881AADF86600204613F0F0FE86B220467F
:106F70000021502213F03EFD82B2C0EB560700EB19
:106F8000D230BDF86410BDF8663000B2A7EB5000F7
:106F9000A1EB5601A3EB560302B2ADF86410ADF8B5
:106FA00066303EB2412AD8BF412213FB03F0412E86
:106FB000D8BF3A4611FB0106606B12FB02F71AF0CC
:106FC00017FBBE4214D22968898B88427FF660AFD6
:106FD00094F83C0040073FF55BAF20461BF0BAFB3E
:106FE0000CF0E6FE0DF02AFC27B0BDE8F08F00BFE4
:106FF000BDF96400BDF96610FCF7ACFC94F83C6088
:1070000042F683514143A78C94F826E094F827C0B8
:1070100006F00306890D4FF4B47201FB12053846E1
:1070200072466146DFE806F002A6AEB52846B0E03B
:10703000571C4FF424767E43360C642506FB1576E8
:1070400009E000BF4F1C4FF424757D434FEA154CF7
:1070500064250CFB157C46F61745C708C1F2C165CF
:10706000A7FB0575AF08B0F5B47FF6B24FF4B47561
:1070700088BF07FB1500642E5FFA8CF74FF064059C
:1070800028BF2E46642F38BF3D46834208BFB24218
:107090000CD0A084204684F8266084F827501DF088
:1070A0005FFD204614F004FA5BE000BFA9423FF404
:1070B000EFAEEEE7642601E04FF0640828460DF0DD
:1070C000BDFBB8B242F683514143890D4FF4B4720F
:1070D000B0F5B47F88BF01FB12776420642E28BF0F
:1070E0000646B8F1640F38BF4046A18CBAB291424F
:1070F00007D194F82610B14203D194F827108142A9
:1071000012D084F827002046A78484F826601DF05A
:1071100027FD204614F0CCF920461C2100220AF05D
:10712000BDF801287FF4B4AE1AF07AFA206327B0D4
:10713000BDE8F08F0029A1F1010108BF642104E03E
:10714000002AA2F1010208BF64221206C9B242EA73
:10715000014180B20144204600F04CF800283FF481
:1071600097AE20461C21002227B0BDE8F04F0AF060
:1071700095B800BF64226A4392B242F683535A43E1
:10718000920D06E06421694389B242F68353594364
:10719000890D83B242F683555D43B3F5B47F4FEA60
:1071A00095554FF4B47688BF05FB1600642A83B268
:1071B0004FF0640528BF2A46642938BF0D469F4218
:1071C00008BF964512D0A084204684F8262084F873
:1071D00027501DF0C5FC204614F06AF920461C21FA
:1071E00000220AF05BF827B0BDE8F08FAC453FF411
:1071F0004FAEE8E710B58CB242F6835262434FEAD5
:10720000114C4FEA925E4FF4B472B4F5B47F01F4BE
:107210007F044FEA11630EFB121288BF91B2B4F5DE
:10722000C80F88BF4FF0640C848C8AB2642B88BF6F
:10723000642394420BD190F826205FFA8CF4A2428A
:1072400005D190F827209A4204BF002010BD818408
:1072500080F826C080F8273004461DF081FC2046C7
:1072600014F026F9012010BDF0B581B00E461C21A6
:107270001C461546074610F083F9C7E90065C7E9C3
:10728000026401B0F0BD000010B55021044610F0BA
:1072900077F940F24010C0F2F0004FF0FF310022C9
:1072A00084E8070020693721CFF6FE71084044F2D8
:1072B0000811084320614FF4FC6020874DF2F9303B
:1072C000C0F601005821C4E91000A16410BD0000FF
:1072D000F0B581B0054640F2DC30C2F20000F2F7B2
:1072E000B1F8002846D00446E86B50B9A86C0FF0FE
:1072F000E3FA002842D006462A6C284631469047D9
:10730000EE6320464FF4B47110F03AF90120C4F84E
:10731000540104F5AC7008212560F2F78BF840F2B7
:10732000E456C2F2000648F23D003768C0F600009D
:107330001E21224634601AF0EBF96060E0B1286942
:1073400081070BD5E968B5F90020B5F90230C968A5
:107350005A4391423CBF20F0020028614FF6FF7073
:107360006085FF2084F829001AF022F940B11AF054
:10737000C1F817E0FEE700BFFEE700BFFEE700BF71
:10738000052016F03FFA0546002016F03BFAA9B298
:1073900040F2446582B2C0F6040520460023009501
:1073A0001AF0B6F8A060002011F0F2FE2061002073
:1073B00011F0EEFEE061002011F0EAFEE1694FF607
:1073C000FF75C0F20F052062084600212A4615F01D
:1073D0000FFB206A00212A4615F00AFBE069022112
:1073E00011F04AFE206A022111F046FEE0690021F8
:1073F00015F01EFF206A002115F01AFF206914F015
:1074000057F82146002F18BF3946606831601AF0DE
:1074100073FA204601B0F0BDC068002101614161EE
:107420007047000040F2E450C2F20000006870476C
:1074300040B940F2E450C2F200000068002804BFE6
:107440008220704700680069C0F3C91070470000CF
:107450000068C0687047000028B940F2E450C2F2EA
:107460000000006860B100680222016942EA11115F
:1074700001F0030103290CBF4088008800B2704767
:10748000002000B27047000080B510B9FFF7CAFFB6
:1074900010B1006A80BD00BF002080BD80B510B96A
:1074A000FFF7C0FF10B1C06980BD00BF002080BDE4
:1074B00030B1014640F2DC30C2F20000F1F7ACBF5F
:1074C00040F2DC30C2F20000F1F77EBF80B510B9A7
:1074D000FFF7A8FF10B1006980BD00BF002080BD8C
:1074E00080B510B9FFF79EFF10B1406980BD00BFA5
:1074F000002080BD80B5002808BFFFF793FF80689B
:1075000080BD000028B940F2E450C2F200000068DB
:1075100060B100680222016942EA111101F0030121
:1075200003290CBF0088408800B27047002000B2D9
:107530007047000080B510B9FFF774FF30B1D0F884
:10754000541100200029C8BF012080BD002080BD4B
:1075500010B582B091F80CC0BCF1030F09D3DDE97E
:1075600004ECE64505D04C881CB14469CDE900EC3B
:10757000A04702B010BD000010B5102104460FF066
:10758000FFFFFF2020734FF48030206010BD00000B
:107590002DE9F04F83B08B460C9915460F9F03F5EC
:1075A000B4728A4282460FD1AAEB05003880ABEB59
:1075B0000500788005EB0A00B88005EB0B00F88029
:1075C00003B0BDE8F08F00BFDDE90D24B3F5B47062
:1075D00098BF1846B1F5B47398BF0B4691B202EB51
:1075E000D13101270FFA80F909B2002C18BF07EB3F
:1075F000610487B242F683500FFA83F89BB207FB0F
:1076000000F103FB00F6C1F30750C6F3075104284D
:1076100008BF0320042908BF03219F42A5EB0207EE
:1076200034D8884232D1032850D8DFE810F0050062
:107630000B01B500E50000BF48461AF001FC10FB45
:1076400007F0ABEB04010F9E01EBD030708009F125
:107650005A0000B21AF0F4FB10FB05F004EB0A012B
:1076600001EBD030B08040461AF0EAFB10FB05F089
:1076700004EB0B0101EBD030F08008F15A0000B2AE
:107680001AF0DEFB10FB07F004E100BF002808BF82
:1076900001291FD00128029708BF022950D00228D3
:1076A00008BF032900F0FE80032808BF002900F06E
:1076B0002B810F99AAEB05000880ABEB05004880F1
:1076C00005EB0A00888005EB0B00C88003B0BDE81D
:1076D000F08F00BF08F15A0000B21AF0B1FB10FBA6
:1076E00005F0AAEB04010F9E01EBD030308040463C
:1076F0001AF0A6FB3E46074648461AF0A1FB874211
:10770000A8BFC84640461AF09BFB10FB06F0ABEB47
:1077100004010F9E01EBD030708009F15A0000B2D5
:107720001AF08EFB10FB05F004EB0A0101EBD030E0
:10773000B08005EB0B002044F08003B0BDE8F08F73
:1077400028190F9EAAEB0000308040461AF078FB03
:1077500010FB05F0ABEB040101EBD030708009F1B8
:107760005A0630B21AF06CFB08F15A07019038B291
:107770001AF066FB01998142C8BF374638B21AF049
:107780005FFB02990F9E10FB01F004EB0A0101EB75
:10779000D030B0804846E1E009F15A0000B21AF05A
:1077A0004FFB10FB05F0AAEB04010F9E01EBD0305C
:1077B000308048461AF044FB10FB07F004EB0B0145
:1077C00001EBD030F08040461AF03AFB10FB05F098
:1077D000ABEB040101EBD030708008F15A0000B22D
:1077E0001AF02EFB10FB07F004EB0A0101EBD0307E
:1077F000B08003B0BDE8F08F09F15A0000B21AF072
:107800001FFB10FB07F0AAEB04010F9E01EBD03029
:10781000308048461AF014FB10FB05F0ABEB040176
:1078200001EBD030708008F15A0000B21AF008FB6A
:1078300010FB05F004EB0A0101EBD030B0804046AC
:107840005CE000BF48461AF0FBFA10FB05F004EBC1
:107850000B010F9E01EBD030F08009F15A0000B20D
:107860001AF0EEFA10FB07F004EB0A0101EBD0303E
:10787000B08040461AF0E4FA10FB07F0ABEB0401CD
:1078800001EBD030708008F15A0000B21AF0D8FA3B
:1078900010FB05F0AAEB040101EBD030308003B0FF
:1078A000BDE8F08F09F15A0000B21AF0C9FA10FBD6
:1078B00005F0AAEB04010F9E01EBD03030802819AF
:1078C000ABEB0000708008F15A0000B21AF0B8FA71
:1078D00010FB05F004EB0A0101EBD030B08040460C
:1078E0001AF0AEFA029F10FB07F548461AF0A8FA04
:1078F00010FB07F08542C8BFC14648461AF0A0FAFF
:1079000010FB07F02EE000BF08F15A0630B21AF063
:1079100097FA09F15A07019038B21AF091FA0199D1
:107920008142B8BF374638B21AF08AFA02990F9EE0
:1079300010FB01F0AAEB040101EBD0303080484687
:107940001AF07EFA10FB05F0ABEB040101EBD0302E
:10795000708005EB0A002044B08040461AF070FAAF
:1079600010FB05F004EB0B0101EBD030F08003B00D
:10797000BDE8F08F2DE9F04F9FB09146002B0546F2
:1079800000F04381C87A0F460328C0F05A81EC69A1
:1079900064B1284639464A461E46A047012800F0F1
:1079A0005081F87A33460328C0F04B813A6939890F
:1079B0001846F0F729FF002800F027818346007D54
:1079C00000F01F000238122800F2CC800624DFE805
:1079D00000F00B0CC90B0C0B0B0B0B0B0B0BC1C9E9
:1079E000C9C9C9C9BF0000BF0524DBF82060FEB1CA
:1079F00011AF384602F0E0F94FF0FF30ADF8480023
:107A0000284639464A4602F0BDF909AF384600F02B
:107A10008FFC0024284639464A463346009400F03D
:107A200027F958460BF0F6FB1FB0BDE8F08F00BFFA
:107A3000DBF8180000285BD0B7F90030B9F8000077
:107A4000B9F80210B9F80420B9F80660B7F802C016
:107A5000002BADF84400ADF84610ADF84820ADF865
:107A60004A6008BFBCF5807F23D0101A711A01301C
:107A70004A1C3E1D01B212B211A8CDE900C6F0F7B2
:107A80003FFEB9F80000BDF84410B9F80220BDF877
:107A900046300144ADF844109918BDF84830ADF8AF
:107AA0004610BDF84A101844ADF848008818ADF8E3
:107AB0004A00A9680DF1240A11AA5046F0F708F906
:107AC0000028AED0AE69D5F80880C5F808A036B158
:107AD000DBF81830284639464A460094B047C5F8C6
:107AE000088058460BF096FB1FB0BDE8F08F00BF32
:107AF000A96811A84A46F0F7EBF8002891D0BDF824
:107B00004400BDF848100394081A013000B20590F3
:107B100000EB40000EF01EFF044611981299D5F8B4
:107B2000088009900A9109A80121FBF707FFBDF918
:107B30004600BDF94A1088421ADD2046C5F8088083
:107B40000FF05EF858460BF065FB1FB0BDE8F08FF4
:107B500014244AE7388838B97888B0F5807F03D193
:107B60000E2442E7042440E70020CBF818003BE74E
:107B7000BDF84410B9F80020A0F1010A891AB9F83B
:107B8000022009B20491811A069112E0BDF8260084
:107B9000BDF82A100130ADF82600481CADF82A00C7
:107BA000069801300690BDF94A000AF1010A8245A3
:107BB000C3DA07A8414609AAF0F78AF80028F2D0EC
:107BC0000698DDE9041302B2584600940BF0F6FB68
:107BD00001280FD1AE6907A8002EA860D6D0234691
:107BE000A446039C2846394609AA00946446B04737
:107BF000CCE700BF58460BF00DFB20460FF000F815
:107C000058460BF007FBC5F8088011AE304602F06D
:107C1000D3F84FF0FF30ADF84800284631464A46C9
:107C200002F0B0F809AE304600F082FB40F69C430B
:107C30000027C0F60403284631464A46009700F064
:107C400017F81FB0BDE8F08F10B5182104460FF0EB
:107C500097FC00202081FF20217DE0724FF480708E
:107C6000608041F00100207510BD000070470000E9
:107C70002DE9F04FB5B00D46897E13900329C0F071
:107C8000538328680028129000F04E831398006AEE
:107C9000002800F0498305F1140E9B46174695E82D
:107CA0004F009EE810500DF1B408BBF1000F88E8BA
:107CB0004F00CDE9324CCDF8D0E000F035839BF891
:107CC0000000002800F030831398394682682BA802
:107CD000EFF7FEFF002800F02783287F6E7FDDF896
:107CE000F880012898BF01200690B00704D4388896
:107CF000B988091A013110E0B5F912002A68B5F9FE
:107D0000143041F6FF71CDE9000118A859460296DA
:107D10001AF0C6F8BDF860103888129A2B8BB2F9A9
:107D20000890B5F91220ADF8A8004A440992B7F9B5
:107D30000220E88AB8F1000F059003EB02004FF033
:107D4000000CADF8AA0023D013BBB2F1FF3F4FF0F7
:107D500000061EDCD8F808309A1A48BF5242099C27
:107D60004FF48063A3EB44039A4205DD4FF0FF30EC
:107D7000C8F800000DE000BFD8F80020002A08D4A1
:107D80001646B8F804201044ADF8AA0001E000BF80
:107D90000026B5F914206C7F0BB212990BEB06008C
:107DA0000893CDE900C4F1F7E1FE1399BDF9AA20CB
:107DB00089684A44B1F9021084198A42079735DA72
:107DC000B8F1000F00F090824FF0000AB5F91420CE
:107DD0006E7F27465C441299089B2046CDE900A699
:107DE000F1F7C4FEBDF8AA10099A0A4411B211F5C0
:107DF000806FADF8AA200CDBD8F80020B2F1FF3F6D
:107E000007DC079AC8F80070B2F902208B1AC8E99B
:107E100001322278002A00F08782139A494492683E
:107E2000C419B2F902209142D0DB00E0374606982F
:107E300003281FD0DDF81CA002283E4633D10BEBEF
:107E40000600B5F9143031466E7F129A611A009619
:107E50001AF092F8BAF80010BAF80420511A013159
:107E600009B2081ABDF8A81000EBD07001EB600051
:107E700016E000BFB5F914306E7F129A0BEB0700C5
:107E8000E11B00961AF078F8DDF81CA0BDF8A830C8
:107E9000BAF80010BAF804200844101A1844013047
:107EA0003E46ADF8A800D5E901021146904288BFD0
:107EB00001461091A97F38BF0246880711921BD056
:107EC0000DF19E0000F0BAFA1299A889897BADF8ED
:107ED0009E00012998BF012148B2ADF8A000A87EFC
:107EE000A97F8DF8A6009DF8A700C1F3C10100F09D
:107EF000FC0008448DF8A70018A801F05DFF288A4F
:107F00001199ADF864004FF6FF70091ABDF8A8305A
:107F100018BF0121109A4FF00009101A18BF012054
:107F200001EA00080998002101380C9018460493D2
:107F30000A910F91CDF838B025E000BFB5F91430A3
:107F40006F7F129A3046214600971AF015F8BAF85A
:107F50000010BAF80420BDF8A8300844101A1844DC
:107F60000130ADF8A800BDF8AA10099A0B9E114483
:107F7000139AADF8AA10926809B2B2F906203444F7
:107F8000914200F3D1811BF80610002900F0CC814A
:107F90000599B4420844ADF8A8004FF000002690BF
:107FA0000B9440F07F80A87F810724D52868BDF816
:107FB000AA100089049A00EBD03000B201EB6000F7
:107FC000BDF8A010ADF8502001EBD13109B200EBA3
:107FD0006100BDF8A810ADF85200ADF85E0013982E
:107FE000ADF85C100DF19E0114AA17ABADF89E9090
:107FF00000F014FAA87FDDF838B0DDF81CA0C00747
:108000001ED00498129BADF850002868BDF8AA1045
:108010000289408993F90D3011441844081ABDF8BB
:10802000A810ADF85200ADF85E001398ADF85C10E2
:108030000DF19E0114AA17ABADF89E9000F0EEF979
:108040000B98B5F914206F7F0BEB00061299089B73
:1080500030460024CDE90047F1F788FD0699044633
:10806000BAF800000329ADF8A8003FF467AF022971
:108070007FF479AFB5F914306F7F129A30462146FC
:10808000009719F079FFBAF80010BAF80420511AD5
:10809000013109B2081ABDF8A81000EBD07001EB4D
:1080A00060005EE7B3440D96A4EB060A002605E0E7
:1080B000002600BF26985045BFF475AFB8F1000FF9
:1080C0000AD040F29401C2F200010A680D990144FD
:1080D0000E989047044600E00024584617A916AAB7
:1080E00026ABF1F725FD687F1799C00746D1B5F893
:1080F0000C90022E0F9808BF8146169A129809F02C
:108100001BFB11998C424FF0000128BF0121109AEE
:1081100094424FF0000238BF0122114001EA0801E9
:108120000129044618D1BDF8A800AA8AADF850006C
:10813000204410440138BDF8AA10ADF854000C9842
:10814000ADF852100844ADF85600139818A914AAB7
:1081500001F018FEB5F80E901398179B076A2DA929
:108160002AAAADF8C090B847002CA3D0A88ABDF8C1
:10817000A81020440844ADF8A8009BE7232909D1A2
:10818000022E95D0012E63D1B5F80C900026232144
:10819000B3E700BF012EAAD120295DD126980A9A03
:1081A000801A07285AD11BF80200A0F1300C5FFAA0
:1081B0008CF10A290BD3602888BF2038A0F1410137
:1081C000C9B24FF0000C062938BFA0F1370C0BEBF9
:1081D00002014E788878A6F13002CC780B7991F8BC
:1081E00005E0D1B20A293DD2A0F13006F1B20A2948
:1081F00048D2A4F13000C1B20A2953D2A3F130040D
:10820000E1B20A295FD2AEF13003D9B20A290CD308
:10821000BEF1600F88BFAEF1200EAEF14101C9B2D0
:108220000023062938BFAEF137034FEA0C11114382
:108230003201104322011A4300F0FC00D2B2C00008
:1082400040EAD20001F0F80140EA012007E000BF57
:10825000269801260A902DE701262BE7A8890F9082
:10826000022627E7602E88BF203EA6F14101C9B251
:108270000022062938BFA6F13702A0F13006F1B27C
:108280000A29B6D3602888BF2038A0F14101C9B2BD
:108290000026062938BFA0F13706A4F13000C1B28C
:1082A0000A29ABD3602C88BF203CA4F14100C0B2A6
:1082B00006284FF0000038BFA4F13700A3F13004C6
:1082C000E1B20A299FD3602B88BF203BA3F1410173
:1082D000C9B20024062938BFA3F13704AEF1300338
:1082E000D9B20A2994D2A0E700262746B5F914206E
:1082F0006C7F1299089B0BEB0700CDE90064F1F746
:1083000035FCBDF8AA101BF80720099B1944ADF8ED
:10831000AA104AB1139A09FA81F19268C419B2F904
:1083200002209142E1DB82E535B0BDE8F08F00002C
:10833000B0B5202104460FF023F9FF20A07640F2CB
:108340004460C0F604004FF6FF710025C4E9000147
:108350000520C4E9021515F055FA2082E576B0BD76
:10836000036C002B08BF704718470000436C002BBC
:1083700008BF704718470000F0B581B00546C06BD4
:1083800048B3E86C0F4616460EF096FAF0B1E96C69
:1083900004460FF0F5F8F1F74DFBAA68D5E9001394
:1083A0000068C4E906232162007C3246C0F38010D5
:1083B00084F8240038687968C4E90001EB6B28462A
:1083C0002146984720B101B0F0BD00BFFEE700BFD5
:1083D00020460EF06FFC002001B0F0BDB0B50C4699
:1083E000054608F0DFFA216AD4E90602C5E9001261
:1083F000A860F1F71FFB016894F824300A6922F0A5
:10840000400242EA83120A61AA6C12B12846214650
:1084100090472046BDE8B0400EF04CBCB1F802C019
:10842000BCF1000F08BF704791F808C0BCF1030F02
:1084300000D27047D0F824C06047000010B50A2170
:1084400004460FF09DF8FF2020724FF4803020602A
:1084500010BD000040F2245CC2F2000CDCF80030D9
:10846000A3B3DCF808309BB3DCF8103093B3DCF82E
:1084700018308BB3DCF8203083B3DCF828307BB3C2
:10848000DCF8303073B3DCF838306BB3DCF84030F4
:1084900063B3DCF848305BB3DCF8503053B3DCF83E
:1084A00058304BB3DCF8603043B3DCF868303BB392
:1084B000DCF8703033B3DCF87830002B1EBF4FF699
:1084C000FF7318B270470F231DE000BF00231AE0AE
:1084D000012318E0022316E0032314E0042312E032
:1084E000052310E006230EE007230CE008230AE032
:1084F000092308E00A2306E00B2304E00C2302E032
:108500000D2300E00E230CEBC3024CF8330018B22D
:10851000516070472DE9F04F81B0DDF828A09846F2
:10852000BAF90860BAF90A70BAF90C50A2EB070957
:10853000A6EB010CB32DAEB212DDB42E20D1032573
:10854000BA42B8BF0125BAF80E30002B4CD0B42B7C
:1085500052D1BAF90A1001208A42B8BF0320A0E024
:10856000BAF90E5034B2AC421EDDEDB1E6B1B32D16
:108570001ADCBA424EDA0121084601B0BDE8F08F9C
:10858000BAF90E50B52D11DB1FFA85FB34B20FFA84
:108590008BF5AC420ADDBA4240F3A08001210846C7
:1085A00001B0BDE8F08F00BF002E6FD033B2B32B07
:1085B0004FF000034FF00006C8BF0123BA42A8BF26
:1085C0000126B34220D00AF11004434606460D4668
:1085D0001746009400F006FA29463A46054630460A
:1085E000BAF80E30002BB2D1BAF90A1003208A4231
:1085F000B8BF012055E000BF1FB2B32F38DCBAF975
:108600000A309A423ADA4BE00325BAF80E30002BD2
:108610009DD1E9E7DAF85470DAF828B007FB09FED3
:1086200009F101070BFB07F7012C4FEAA7276BDBCA
:108630005A2E4FF0000401D8002F05D4002F48BF58
:108640003C465A2E98BF3C460AF13C09012D4FEAA0
:10865000AE2660DB5A2D4FF0000701D8002C5BD40A
:10866000002C48BF27465A2D98BF274654E000BF2C
:10867000B42B03D0BAF90A309A4211DA0AF13C0756
:108680004346009700F0AEF90BE000BF0125BA4267
:10869000B8BF0325BAF80E30002B7FF458AFA3E71C
:1086A0000320002D4FF0000118BF002804D1084618
:1086B00001B0BDE8F08F00BF032D08BF0328F6D03E
:1086C00085F0010180F0010008434FF0020108BF6E
:1086D0000121084601B0BDE8F08F00BFDAF828405C
:1086E000DAF8547009F101056C4307FB09FEB6F591
:1086F000877F4FEAA4241BD9F5082C2D18D8002C0D
:1087000016D500271CE000BF3C460AF13C09012DAC
:108710004FEAAE269EDA2746F61B674407EB66074C
:108720009F42B8BF3B46012B4ADB0AF1100C2BE0FD
:108730002746002C58BF0027B6F5877F28BF27465D
:108740000AF11009BBF5877F4FEAAE2608D94FEA38
:10875000DB052C2D04D8002F02D5002408E000BF33
:108760003C46002F58BF0024BBF5877F28BF3C46FE
:10877000371B04EB0C0606EB67079F42B8BF3B466E
:10878000012B1DDB0AF13C0C1CB29B46234605461F
:108790000E461746CDF800C000F024F904465B46AB
:1087A00031463A462846A24664B9284619460EF094
:1087B000E7FE5B46284631463A464FF0000A01E0A4
:1087C0004FF0010A23EAE373C518C818A8EB0304A5
:1087D00001B223B22846CDF8009000F003F9064616
:1087E00018B9284621460EF0CBFE5146B24518BFB7
:1087F0000221084601B0BDE8F08F00002DE9F04FDE
:1088000083B08B4606460C99B3F5B37F40F26710F0
:1088100098BF1846002B40F2671748BF0020B1F5FB
:10882000B37F98BF0F46002948BF0027391A38BFC9
:1088300001F5B471A6F8681048F21551C0F60101AF
:1088400031600121B3284FF00004B081F781A6F810
:1088500008B0728131714FF0000988BF0124B42F34
:1088600038BF4FF0010906F11001B0F1B4050291D3
:1088700098BF054605F15A0000B2924619F0E0FA99
:108880000BEB501828B219F0DBFA0AEB501005B2C6
:1088900002980FFA88F359465246CDE9005400F089
:1088A0001FFBB7F1B40498BF3C4604F15A0000B274
:1088B0003C3619F0C5FA0BEB501520B219F0C0FA8E
:1088C0000AEB501007B22BB2304659465246CDE95A
:1088D000007900F005FB03B0BDE8F08F2DE9F04F03
:1088E00081B0914640F22452C2F200021668FEB1F5
:1088F00098468A46834602F10805002437685846A0
:1089000051464A4643460096B847A8B10238B0FAE5
:1089100080F055F8086B4009002E44EA0004EDD1C0
:10892000E0074FF0010018BF022001B0BDE8F08F52
:10893000012001B0BDE8F08F002001B0BDE8F08F4C
:10894000017905290ED002290AD14169002908BF01
:1089500070470A69B2F1FF3F08DD48690138486194
:10896000704700BF80680EF0A5B900BF10B5496818
:10897000044608460EF09EF96069BDE810400EF00E
:1089800099B9000010B370B540F224560446002592
:10899000C2F2000604E000BFEFF736FA88B91FE024
:1089A00056F8350068B10179022919D1817CB0F9F6
:1089B0001020C90700F108012046EDD1EFF7B8F902
:1089C00070B10135102DEBD1002070BD40F2245064
:1089D000C2F200000068002818BF0120704700BFE5
:1089E000012070BD2DE9F04381B0DDF820C0BCF856
:1089F00014709CF82890D21BBCF8127012B2C91BDC
:108A0000DCF820700FFA81FEB7B15FEAC97131D18D
:108A1000DCF81870012607FB02F4A512002F294686
:108A2000C8BF06EBA42171453CDAC9F340021046E9
:108A300001B0BDE8F08300BF9CF810705FEAC97117
:108A400007F0030126D1BA0726D4012902D1BEF1CD
:108A5000000F21DC00290EEB030100F0F18000295A
:108A600000F1A281CEF1000121EAE171994280F288
:108A70009B8190E1DCF81C1001FB0EF401294FEA08
:108A8000A42447DB94424DDDC9F34002104601B0F7
:108A9000BDE8F083022975D20122104601B0BDE87D
:108AA000F08300BF0EEB03018D4200F385804FF48D
:108AB0008074110204EB022279437A434FEAA14801
:108AC0009414C1F38726A045CEEBA14109D0B7F19C
:108AD000FF3F00F38B80002E40F088800139FF2695
:108AE000A046002900F1E080994280F2DD804FEA43
:108AF0008914C2F3872264B23244E41184EA520436
:108B0000425CE4B2FC2C00F2CC80032C80F0C480E8
:108B10000022C6E0944249DAC9F34002104601B08F
:108B2000BDE8F0830EEB03046143B2EBA12F43DCFD
:108B3000DCF8181051430902C1F38722002A4FEADA
:108B4000A1414ED0DCF8246082F0FF046643FF228E
:108B5000B1EB0E01A2EB262200F1C080994280F217
:108B6000BD803712C9F340066743013E86EA5726A7
:108B7000475CF6B2FC2E00F2B080032E80F0A88095
:108B80000027AAE0032903D0B2F1FF3FFFF684AF2C
:108B9000C81EB0FA80F011B2002240090029C8BFF7
:108BA00001220240104601B0BDE8F0830EEB030441
:108BB0006143B2EBA12F07DA012020EA59021046E7
:108BC00001B0BDE8F08300BF4FF48071DCF81840BD
:108BD00001EB02216143C1F38722002A4FEAA14140
:108BE000B0D1A1EB0E01FF220C4678E00022B1F1DA
:108BF000FF3F4FF00004C8BF01249942B8BF0122D3
:108C0000B7F1FF3F02EA040228DDDCF81C5086F0D1
:108C1000FF0705FB07F6002A4FEAA62200F0DC80DA
:108C2000C9F340065743013E86EA5726475CF6B231
:108C3000FC2E00F2CE80032E80F0C6800027C8E014
:108C400000293FF529AFBEF1000F00F3AD80CEF152
:108C500000029A4280F2A18010449CE0DCF81C40A3
:108C6000002A06FB04F4C4F100044FEAA42200F039
:108C7000F7804FEA89156DB202FB06F4ED1185EA23
:108C80005425445CEDB2FC2D00F2E780032D80F00A
:108C9000DF800024E1E000BF624348F281046243C8
:108CA000D20D42549CF828905FEA89720AD4994206
:108CB0001A46B8BF4A1C002A76D0012A6DDB104440
:108CC000991A68E0A8EB0E0199426DDA72E000BFD4
:108CD000774348F281067743FF0D47544C1CDCF87C
:108CE000247048F2810607E00755DCF8247001344F
:108CF0009C42A2EB070219DABA4217DD002CF6D427
:108D00009C42F4DA9CF82850A2EB5707AD016DB2F3
:108D100087EAE515075DEDB2FC2DE5D8032D31BFDF
:108D200000276F437743FF0DDEE700BF9CF82870F4
:108D30009C421DDA002C1BD4DCE90665BF015643BA
:108D4000B60A7243520A82EAE5727FB282EAE717F4
:108D5000025DFFB2FC2F08D8032F01D2002204E0ED
:108D60007A4348F281077A43D20D02559CF8287065
:108D7000BA0717D4002114F1020FC8BF0121B4F1C2
:108D8000FF3F4FEA4102FFF652AE9C42BFF64FAEA4
:108D9000611C0844591A0EF0F3FB0222104601B080
:108DA000BDE8F083994205DD0022104601B0BDE820
:108DB000F08300BF002958BF0EF0E2FB02221046EC
:108DC00001B0BDE8F08300BF774348F281067743E6
:108DD000FF0D47549CF82890B1F1FF3F20DB4F1C5A
:108DE0009F421DDADCF81860C2F1FF025643B60A52
:108DF00072434FEA891676B2F61186EA5226C25DB0
:108E0000F6B2FC2E09D8032E02D2002205E000BFE4
:108E1000724348F281067243D20DC2559CF82890E5
:108E20005FEA897208D402319942A8BF1946002925
:108E3000BAD00129ADDAB0E700229942D8BF0122A9
:108E40004FEA42023FF7F3AD0029A4D5EFE500BF9A
:108E50006C4348F281056C43E40D44549CF828901F
:108E6000012924DB994222DCA2F17844DCF8185075
:108E7000FF3C6C43A40AC2F1FF026243C9F3400401
:108E8000013C84EA5225421812F8014CEDB2FC2D47
:108E900009D8032D02D2002405E000BF6C4348F23C
:108EA00081056C43E40D02F8014C9CF828905FEAC0
:108EB000897209D49942BFF6EFADB1F1FF3FFFF6D9
:108EC0006CAF013165E700BF6FEA0E014144994282
:108ED0004FF002023FF7ABAD0129BFF65CAFA6E54C
:108EE0002DE9F04F81B08A46DDE90A652C219946CB
:108EF000934604460EF044FB8BEA060085F003011E
:108F00000843B0FA80F04109701AABEB010100B2DE
:108F10000BB2834204DD194652464B4604E000BFC3
:108F200001464A4618465346267C05F0030E06F0D5
:108F3000FC0676442674D61A94F8287035462381A8
:108F40006081A281E1816382A08248BF75420A1AD2
:108F500011464FF0000327F0010048BF51424FF087
:108F600000088D4288BF012300902746204648F61E
:108F7000E51C47F81C8F40F8188FC0F6010C8D4295
:108F8000C4F800C084F8048004D9CA4508D100217F
:108F90000DE000BF0A998B450ED1002113E000BF00
:108FA0004FF4801191FBF6F15143891239600A9F09
:108FB0001546BB450CD112E04FF4801191FBF2F144
:108FC000714389120160CA4535461646384606D0B7
:108FD0004FF4801292FBF5F27243921202600098F5
:108FE00021621844DFE80EF00A040208012905DBBB
:108FF00040F0020004E000BF0129F9DB00F0FD00B1
:1090000084F8280088100022002948BFA2EBA100A4
:10901000606201B0BDE8F08F2DE9F04F87B0109C81
:109020000690B4F90A60A07CB24200F0010C27DB84
:10903000B4F90E70BA4223DCB4F910E0B4F9085068
:10904000B4F90C9005EB0E0088421FFA85F805DC98
:1090500003EB010AA9EB0E00824507DD06EB0E00CB
:10906000904211DCA7EB0E0090420DDBBCF1000F2B
:10907000A5EB010264D19A4240F38A804FF0000CC4
:10908000604607B0BDE8F08FF843961B72446469F0
:1090900037B21044F6437745B8BF0EEB0600E268DE
:1090A000656800B2A46802EB4006A8EB010A768866
:1090B00032F810B034F810700EEB08001FFA89F97E
:1090C000AAEB0000A6EB0B06484432B2039505EB71
:1090D0000B043844FE430AEB0E050130BCF1000FCF
:1090E0002E4441D1002A92467CDD00B204EB0A08EE
:1090F000049034B2BAF1040F0AF00300CDE9010A7A
:10910000059479D20021019D002D00F0EF81C84324
:10911000DDF810E018F80020DDF808A011EB0E07CC
:1091200000F1F2819F4280F2EF810698C65D104601
:10913000FC2E00F2E781032E80F0DE810020E1E1C9
:1091400022EAE2708342C0F2A5820144A9EB010148
:1091500001310A189A42C8BF191A002900F19A82EF
:10916000069A104494E200BF002A05B240DD019542
:10917000A018012A35B20590029240F01581AB4645
:1091800000210298C00740F09981019D0AE200BFCA
:10919000002A07D406980C4611461D460EF0F0F939
:1091A00021462B46B9EB010000F19A81441CA342F1
:1091B00009DD06981A1B20440D4611461E460EF086
:1091C000DFF9294633464FF0020C88B2A34208BFAC
:1091D0004FF0010C0221804518BF8C46604607B055
:1091E000BDE8F08F0FFA80FE0FFA86F8002037E214
:1091F0000FFA86FBD6E100BF47F6FC7052460AEA3A
:10920000000A09EB07007144401A411C0BEB0200F5
:10921000039A0FFA81FC1044A0F1010E0698651E16
:1092200000FA81F200210CE07C4348F2810674438D
:10923000E70D00F8027C04318A45A5F104053FF4EE
:1092400062AF1EF804791CEB010910D499450EDABF
:10925000565C3846FC2E09D8032E01D2002005E0CA
:1092600007FB06F048F281046043C00D5054681CAF
:1092700010D498420EDA069846197078FC2808D85F
:10928000032801D2002704E0784348F281046043B8
:10929000C70D77706FF00100484018F8007019F1A1
:1092A000010011D498420FDA501844783E46FC2C45
:1092B00009D8032C02D2002605E000BF7C4348F207
:1092C00081067443E60D4670002D10D49D420EDADF
:1092D0000698405DFC2808D8032801D2002704E046
:1092E000784348F281046043C70D069847556FF0F4
:1092F0000200484018F800B019F1020011D4984259
:109300000FDA501884785E46FC2C09D8032C01D261
:10931000002605E00BFB04F448F281067443E60DD9
:109320008670681E15D4984213DA0698284410F8FF
:10933000014CFC2C0BD8032C02D24FF0000B06E0A2
:109340000BFB04F448F2810674434FEAD45B00F847
:1093500001BC6FF00300484018F8007019F10300D9
:1093600010D498420EDA5018C4783E46FC2C08D827
:10937000032C01D2002604E07C4348F281067443AA
:10938000E60DC670A81E3FF556AF9842BFF653AF24
:109390000698284410F8024CFC2C3FF64AAF032CE8
:1093A000BFF442AF002744E747F6FE7002EA00062A
:1093B00009EB07007144401A013001B2039F049188
:1093C00006995A443A44A1F10109A2F1010A01FAAD
:1093D00080F80021AB460DE0E7B2784348F2810205
:1093E0005043C40D09F8054002318E42A5F1020533
:1093F0003FF4C7AE1AF80209049A6FEA000E12EBA6
:10940000010C14D49C4512DA18F801407046FC2C6B
:109410000BD8032C02D2002007E000BF5FFA8EF0C9
:10942000604348F281025043C00D08F80100002D4E
:1094300016D49D4214DA09EB05046078FC280DD897
:10944000032803D24FF0000E08E000BF5FFA8EF74A
:10945000784348F2810250434FEAD05E84F801E03D
:109460006FF00100059F48403F5C1CF101006FEA6E
:10947000070415D4984213DA08EB010732467E78C8
:109480002046FC2E0AD8032E02D2002006E000BFA0
:10949000E0B2704348F281067043C00D1646787002
:1094A000681EA1D498429FDA19F80500FC2899D8C3
:1094B0000328BFF491AF002494E700BF059AC84386
:1094C000105C019DC2434F1956D49F4254DA06984E
:1094D000C65D1046FC2E4DD8032E45D2002049E033
:1094E0004FF0000C604607B0BDE8F08FDDF808A033
:1094F000DDE904E8B3E000BF02FB06F048F28106B4
:109500007043C00D069EF0550598471A11D49F422E
:109510000FDA0698C05DFC2809D8032802D2002281
:1095200005E000BF504348F281025043C20D069847
:10953000C255012D02D1DDF8148090E0A8EB010C9A
:109540004E1C1CF8027CDDF8148016EB0E0241D490
:109550009A423FDA0698845C3846FC2C38D8032CB3
:1095600030D2002034E000BFD0B2704348F2810610
:109570007043C00D069EF055BBEB010112D4994219
:1095800010DA0698405CFC280AD8032802D2002290
:1095900006E000BFD2B2504348F281025043C20DF0
:1095A000069842540BF101009842A8BF184620EAE1
:1095B000E0729D42B8BF2B46981A20EAE0710698E7
:1095C000104465E007FB04F048F281046043C00DDD
:1095D000069CA054B8EB060611D49E420FDA0698FA
:1095E000805DFC2809D8032802D2002705E000BFCF
:1095F000784348F281077843C70D06988755022DB6
:109600002DD08F1C1CF8031C17EB0E0212D49A42AB
:1096100010DA0698865C0846FC2E09D8032E01D283
:10962000002005E001FB06F048F281067043C00D02
:10963000069EB054B8EB070211D49A420FDA06988E
:10964000805CFC2809D8032802D2002105E000BF75
:10965000484348F281014843C10D06988154504661
:1096600070449842A8BF1846069C20EAE070221871
:10967000191A10461D460DF083FFA8EB0A000130B1
:10968000A842B8BF054629B2002D48BF0021204698
:109690000DF076FF4FF0020C604607B0BDE8F08F8A
:1096A0002DE9F04F87B00F88B1F804C04C88C98805
:1096B000ACEB07050E1B013501362DB236B2B542B3
:1096C000B8BF2E46B2EB660FA8BF7210C181817C75
:1096D00022EAE27501F0FE011944817449F2190190
:1096E000C0F6010101600221012A07814481A0F82E
:1096F0000CC0058201712FDB40F2B441C2F20001BF
:109700000B8BAFB2BB420B4612D08B8E01F11C0803
:10971000BB4243460CD0B1F8503001F13804BB4293
:10972000234605D0B1F86C30BB4201F1540319D186
:10973000D3E9041792B22E090137102A38BF012647
:109740003144B1F57A7FA8BF4FF47A71C3E90417A9
:10975000436107B0BDE8F08F0021416107B0BDE86B
:10976000F08F00BF4E690F6B36B197B1CF6CBFB3AE
:109770004FF0000815E000BF40F2B448C2F2000804
:109780003FB9D8F81070D8F82C60BE42B8BF08F1C5
:109790001C08CF6C2FB98F6CD8F81060B742B8BFD7
:1097A000A0468F6EB7B1B8F1000F22D104461C203D
:1097B00016460DF081F858B11C2180460DF0E0FEF0
:1097C0004FF0FF30C8F810003246204621E000BFBD
:1097D000FEE700BFB8F1000F05D1984609E000BFD1
:1097E0008F6EA0462FB9496ED8F81070B942B8BF35
:1097F0009846D8F814102F094FF47A76013193B2B5
:10980000B7F57A7F38BF2E09102B38BF0126C8E97B
:109810000461D8F800101446C0F81480A8F8185055
:1098200011B108460DF046FA05EB4500062101EBA3
:1098300040000DF041F8C8F80000C8B100EB850207
:10984000043200EB4501C8E90102A2B20231012A4B
:10985000C8F80C100ED1B4210170D8E902014FF400
:1098600080320A600021018007B0BDE8F08F00BFA0
:10987000FEE700BF6800841CA000AE000DF06AF88F
:1098800031B2002900EB440E0690CDF810E00096AE
:1098900000F1EA80C6F101070020002200210396B2
:1098A000059118E0069816B220F81640DDF810E091
:1098B0000298394449442EF8160001EB0A030121AD
:1098C000D8F804700A44BB55D8F8043001309F5DC5
:1098D0003F019F55019F39B20029029008DD05988C
:1098E000039E811B07EB41014B1DA6F1010B05E017
:1098F0000598DDF80CB007EB4001CB1C01B20FFA64
:109900008BF9494580F2B48019B2012940F0010178
:1099100008DBA1EB0B0103EB41014B1DABF1010A8D
:1099200004E000BF03EB4101CB1CDA4640F002012A
:109930000CB20FFA8AF6B44200F39A8019B20129E8
:1099400008DBA4EB0A0103EB41014C1DAAF1010362
:1099500004E000BF03EB4401CC1C534640F003017C
:1099600009B20FFA83FC614500F3828027B2012F10
:1099700006DBC91A04EB41014C1D5F1E04E000BF69
:1099800004EB4101CC1C1F46011D08B20FFA87FEF3
:1099900070456BDC019405904FEAA90438460BF042
:1099A00003010AF0030703F00309B4EBAE0F00F064
:1099B000030A03903FF476AFB610DDF810E002988A
:1099C000B44216B21ED14FEAAC03DDF818C09C4277
:1099D00039442CF816402EF816002FD1D8F8043050
:1099E00049449955D8F804108B5D1B018B55511CC7
:1099F000631E0EB22CF816300AF10C032EF8160076
:109A00002FE000BFDDF818B0D8F804C02BF81640DE
:109A10002EF816000CF80610D8F804108B5D1B0108
:109A20008B55511C0EB209EB0701631E51442BF8F4
:109A300016302EF816000B1D13E000BFD8F80430C6
:109A40009955D8F804108B5D1B018B55511C631E72
:109A50000EB20AEB09012CF816302EF8160001F1AF
:109A6000080302212CE700BF002201E0DDF810E02E
:109A70000FFA82FB069840F2D321ABF1010705FBF8
:109A800001F330F91760990A8E4203D13EF917703D
:109A9000B94220D06FF39F23B3F5007F02D85B4318
:109AA000DB0B05E0C3F580635B430F27A7EBD333E4
:109AB0000698D8F8047020F81B102EF81B1007F831
:109AC0000B30D8F80410013211F80B301B0101F8EB
:109AD0000B300FFA82FB11B2009B02291CDB0698A7
:109AE000011F034433F81B7016B220F8167031F8CA
:109AF0001B70D8F804402EF8167004EB0B0717F80B
:109B0000027C0132A755ABF10207ABF1010B002F2C
:109B1000E8DC0FFA82FB00E00698D8F80C3012B2AD
:109B20000021012A039319806ADBD8F8089000EB22
:109B3000850A0027002607E03446059FDDF810E07F
:109B400001375C4526465BDA03990FFA87F821F85E
:109B5000186030F81630059729F818303EF81620AE
:109B60001FFA87FE7245E7D1062101EB460500BFCB
:109B700030F916C09AB2624506F10104B8BF9C469E
:109B80005C4529F818C0D8DA3AF805207245D4D1D6
:109B9000421932F9043C1FFA8CF49C4206F102048B
:109BA000B8BF63465C4529F8183027DA0AEB050789
:109BB0007988714522D132F9022C99B2914206F18D
:109BC0000304B8BF1A465C4529F8182016DAB9888C
:109BD000714513D1069891B2435F341D9942B8BFC5
:109BE00013465C4529F81830A7DA0AEB4601898943
:109BF000083571452646BBD09FE700BF06989CE715
:109C000007B0BDE8F04F0CF0FBBF000040F224525B
:109C1000C2F20002516881424FF000012ED0D36899
:109C2000834232D05369834236D0D36983423AD0DB
:109C3000536A83423ED0D36A834242D0536B8342FD
:109C400046D0D36B83424AD0536C83424ED0D36C00
:109C5000834252D0536D834256D0D36D83425AD043
:109C6000536E83425ED0D36E834262D0536F834281
:109C700066D0D36F83426AD0084670471368C2E942
:109C800000111946D3688342CCD191680023C2E900
:109C9000023353698342C8D111690023C2E90433F6
:109CA000D3698342C4D191690023C2E90633536A60
:109CB0008342C0D1116A0023C2E90833D36A8342C8
:109CC000BCD1916A0023C2E90A33536B8342B8D1F5
:109CD000116B0023C2E90C33D36B8342B4D1916B77
:109CE0000023C2E90E33536C8342B0D1116C0023C0
:109CF000C2E91033D36C8342ACD1916C0023C2E92A
:109D00001233536D8342A8D1116D0023C2E914337D
:109D1000D36D8342A4D1916D0023C2E91633536EF3
:109D20008342A0D1116E0023C2E91833D36E83425F
:109D30009CD1916E0023C2E91A33536F834298D1AC
:109D4000116F0023C2E91C33D36F834294D1916F0A
:109D50000020C2E91E00084670470000014601309D
:109D60004FF0000008BF704740F2245CC2F2000CC4
:109D70005CF831200CEBC1034CF831005860104600
:109D800070470000B2F802C0D388A3EB0C039BB26B
:109D900047F6FE7C634588BF704780B5B2F800E0A7
:109DA0009388A3EB0E039BB26345BDE8804001D9C5
:109DB000704700BF0369184710B5382104460DF0FD
:109DC000DFFB4FF0FF30606000206081E083A08502
:109DD00040F24460C0F60400606194F82300FF2163
:109DE00000F0C10002221E302173A273E170A1763F
:109DF00084F82A1084F8221084F8361084F823009E
:109E000010BD00002DE9F04FD7B01D460B7B032B92
:109E10000BD38246B1F902001FFA80FBBBF1000FA1
:109E200003D0DDE960494C4502D157B0BDE8F08F61
:109E3000A84249A81646C8BFAB461291FFF7BCFF1F
:109E40001298427B816802F003028DF8262129B125
:109E5000027B4D918DF83E21002103E00288017BB9
:109E6000ADF828213288139673886E1E40888DF8CD
:109E70002711511B3244ADF81C11ADF820210144CB
:109E8000121A5F1B3344ADF81411511AADF81E714C
:109E90000744ADF81821181A89B247F6FF72ADF8D9
:109EA000167191424FF00001A0EB0707ADF8223187
:109EB0004FF0000338BF0121BFB2974238BF0123E2
:109EC00019400129CDF838B0D3461191ADF81A01E7
:109ED0000AD13FAE45A930460123FFF7E1FB3046EA
:109EE0000021FEF7B7FA02E06FF05900593039AEA1
:109EF000109047A9304647F6FF7200234FF6A67828
:109F000047F6FF77FFF7CCFB30460021FEF7A2FAB9
:109F100004F5B4714945064600F08E8009F5B47029
:109F2000A04200F0898040F2671042F683510A9601
:109F3000B4F5B47F28BF204600FB01F2920D4FF428
:109F4000B47302FB130240F26717101A0619B9F531
:109F5000B47F28BF4F4607FB01F0800D00FB137054
:109F60001FFA86FAC01B00EB090813980696B0F991
:109F70000010B0F902200FFA86F91EAE0FFA88F42D
:109F800030464B461FFA88F70094FEF737FC304600
:109F90000021FEF75FFA3A46A9EB04010894CDF8D8
:109FA00034A0524588BF01F5B471DBF808304F4644
:109FB000DA460B2D04460F950C93CDF81C80CDF896
:109FC00024B059D33C2957DD0D9942F683504143C3
:109FD000C1F3015150431E46C14600294FEA1050BB
:109FE0003D460B9103900294CDE9047250D0592A5A
:109FF00040F290800D98B046824280F06D810398C7
:10A000000B99814240F0688113990F9A088849881A
:10A01000ADF860001044ADF864008818ADF8660033
:10A0200018A8ADF8621001464246EDF751FE00282F
:10A0300040F0E580EBE000BF49A947AA5846ADF8DB
:10A040002471FFF79FFE3046FFF788FE08F15900A4
:10A0500082B2109881B2914218BFFFF77FFE39A8F3
:10A06000FEF76EFC119800283FF4DFAE3FA8FEF724
:10A0700067FC57B0BDE8F08F49A947AA5046FFF7E3
:10A0800081FEDDF838A00A9E4FF6A6793D46DEE354
:10A09000592AB04648D80D98824245D9139C284683
:10A0A000668817F0CDFE0F9F0E9A39B212B2A1EB5F
:10A0B000020B0BFB00F006EBD030ADF86200069807
:10A0C00026885A3000B217F0BBFE10FB07F006EBF3
:10A0D000D030ADF864000898668817F0B1FE10FB28
:10A0E00007F006EBD030ADF8660009F15A0026887B
:10A0F00000B217F0A5FE0BFB00F006EBD030ADF878
:10A10000600018A801464246EDF7E2FD002876D12E
:10A11000F4E000BF0F990E980FFA81FA00B2AAEB93
:10A12000000B4D46894641E0139CDDF83C902088A9
:10A130006688ADF8600006EB0900ADF866002846B9
:10A1400017F07EFE0E990FFA89FA09B2AAEB010BFD
:10A150000BFB00F006EBD030ADF8620006982688C5
:10A160005A3000B217F06CFE10FB09F006EBD0304D
:10A1700018AEADF86400304631464246EDF7A8FD12
:10A1800028B1099849A947AA8660FFF7FBFD059801
:10A19000079D59280AD9A5F15A0080B25A280C986F
:10A1A00009990A9E886080F0AD803FE1139F38884E
:10A1B0007E884844ADF864000898ADF8626017F0F6
:10A1C0003FFE0AFB00F006EBD030ADF8660005F16B
:10A1D0005A003C8800B2A94617F032FE0BFB00F093
:10A1E00004EBD030DDF83080ADF8600018A80146EF
:10A1F0004246EDF76DFDDDF824A0049D38B118A8A6
:10A20000CAF8080049A947AA5046FFF7BBFDA9F1C3
:10A21000B40080B200264FF6A671884238BF0126EE
:10A220000B9ACAF80880012A48D1059A0D9B9A42D8
:10A2300040F2B4808842C0F0B180139C2846668802
:10A2400017F0FEFD0F9FB4F800B010FB07F006EB0F
:10A25000D030ADF8660006983DB25A3000B217F023
:10A26000EFFDDDF838A00FFA8AF16E1A70430BEBA0
:10A27000D030ADF864000898658817F0E1FD7043B0
:10A2800005EBD030ADF8620009F15A00248800B225
:10A290004D4617F0D5FD10FB07F004EBD030ADF8BC
:10A2A000600018A801464246EDF712FDDDE909B647
:10A2B00000284FF6A67960D0E6E000BF0A9E4D4622
:10A2C000DDF83C9088421DD30E980FFA89FA00B24F
:10A2D000AAEB000BAAE000BF0B98022808D00B984D
:10A2E00003284DD10598400886287FF68DAE05E0FD
:10A2F000A9F15A0080B25A28FFF486AE0A9ECAF825
:10A3000008804D4605980D99DDF83080DDF824B0C1
:10A31000DDF838A088424FF6A6791BD203980B9936
:10A32000814217D1139A0F9B10885288C11A0138A5
:10A33000ADF86400D018ADF8660018A8ADF860104C
:10A34000ADF8622001464246EDF7C2FC002840F01D
:10A350009B80A1E00B9803280AD00B98002840F0BE
:10A360009B80039800F006000228DBD005E000BFC8
:10A37000A5F1B40080B25928D4D9CBF80880DCE02C
:10A38000A9F1B40080B200264FF6A671884238BF0A
:10A390000126059A0D9B9A423FF64CAF139CDDF8BF
:10A3A0003C9020886788A0EB0900ADF86000284643
:10A3B000ADF8627017F044FD10FB09F007EBD030E8
:10A3C000ADF86600069825885A3000B20FFA89FA6F
:10A3D00017F036FD0E9918AC09B2AAEB010B0BFB76
:10A3E00000F005EBD030ADF864002046214642462F
:10A3F000EDF76EFC28B1099849A947AA8460FFF7D8
:10A40000C1FC002E079D0A9E10D0A5F1B40080B2B9
:10A41000DDF83080DDF824B0DDF838A05A284FF69A
:10A42000A679CBF8088080F08880FFE0139F3888F9
:10A430007D880138ADF8640005EB0900ADF86600D1
:10A44000089817F0FDFC0BFB00F005EBD030ADF8E1
:10A45000620007983D885A3000B217F0F1FC0AFB01
:10A4600000F005EBD030DDF83080ADF8600018A8C2
:10A47000079D01464246EDF72BFCDDF824B0DDF8E0
:10A4800038A04FF6A67938B118A8CBF8080049A92A
:10A4900047AA5846FFF776FC0B98A5F58774022863
:10A4A000CBF8088046D113980D9A068805984FF688
:10A4B000A67190426CD9A0B2884269D306985A30EE
:10A4C00000B217F0BDFC0F9F10FB07F006EBD03079
:10A4D000139EADF86000049875883CB217F0B0FC8C
:10A4E0000FFA8AF1641A604305EBD030ADF86600CC
:10A4F0000898758817F0A4FC10FB07F005EBD03026
:10A500003588079EADF8620006F15A0000B217F0D8
:10A5100097FC604305EBD030ADF8640018A8014605
:10A5200042463546EDF7D4FB0A9E4FF6A67950B366
:10A53000A5E000BFA0B2484578D205980D998842A1
:10A5400014D203980B99814210D1139A0F9B108853
:10A550005288C11A0138ADF86010D11AADF8640004
:10A56000501EADF86210ADF8660082E00B9801282D
:10A5700000F070820B98002840F08980A5F5877064
:10A5800080B25A28E1D30598CBF80880D0E000BF0C
:10A59000139D0F9F6988701EADF86400C81BADF84D
:10A5A000620006985A3000B217F04AFC10FB07F020
:10A5B00006EBD030ADF8600004986E88C1460FFA03
:10A5C00087F817F03DFC0FFA8AF1A8EB0101484328
:10A5D00006EBD03018AEADF86600304631464A463C
:10A5E000C846EDF775FB78B1DDF824B049A947AA54
:10A5F0005846A5B2CBF80860FFF7C4FB4FF6A67922
:10A600004D45079D07E000BFA0B24FF6A679079D14
:10A61000DDF824B048450A9E08D2A0B25A28059811
:10A62000CBF8088080F08480DDE000BF139E0F9F90
:10A6300034887188E01BADF86000481EADF86600F4
:10A6400005F15A0000B217F0FBFB39B20FFA8AF29B
:10A65000891A484304EBD030ADF864000898748838
:10A660000A9E17F0EDFB10FB07F004EBD030ADF8BD
:10A67000620018A801464246EDF72AFB38B118A837
:10A68000CBF8080049A947AA5846FFF77BFB0B986F
:10A69000A5F5B4740328CBF8088045D113980D9A1A
:10A6A000068805984FF6A671904257D9A0B2884205
:10A6B00054D306985A3000B217F0C2FB0F9F0FFA1E
:10A6C0008AF239B28C1A604306EBD030139EADF893
:10A6D00060000498758817F0B3FB10FB07F005EBDA
:10A6E000D030ADF86200079835885A3000B217F0C4
:10A6F000A7FB10FB07F005EBD030ADF8640008981D
:10A70000758817F09DFB604305EBD030ADF866000F
:10A7100018A801464246EDF7DBFA0A9E00284FF6DC
:10A72000A67940F088808EE0A0B2484505985AD2BC
:10A730000D99884246D203990B9A8A4242D11399C5
:10A740000F9B08884988ADF860001844CA1AADF814
:10A750006400481EADF8622065E000BF139D0F9FA6
:10A760006988F019ADF86400481EADF866000698D7
:10A770005A3000B217F064FB39B20FFA8AF2891A24
:10A78000484306EBD030ADF8600004986D8817F0B0
:10A7900057FB10FB07F005EBD03018AEADF86200A8
:10A7A000304631464246EDF793FAA8B149A947AA87
:10A7B0005846A4B2CBF80860FFF7E4FA4FF6A67942
:10A7C0004C450DE00B99012900F050810B990229AD
:10A7D00039D1B428B3D336E0A0B24FF6A6794845B4
:10A7E000079D0A9E2FD3139E0F9F70883488C01B2D
:10A7F000ADF8620005F15A0000B2ADF8604017F004
:10A800001FFB10FB07F004EBD030ADF86400089894
:10A8100074880A9E3DB217F013FB0FFA8AF1691A89
:10A82000484304EBD030ADF8660018A80146424614
:10A83000EDF74EFA38B118A8CBF8080049A947AA95
:10A840005846FFF79FFA049D029CCBF808801EA88B
:10A85000FEF776F839A8FEF773F8119810B13FA803
:10A86000FEF76EF82046FFF779FA3046FFF776FAE2
:10A8700009F1590082B2109881B2914218BFFFF7D6
:10A880006DFA12980F9A407B40077FF5CEAA0121FE
:10A890005FFA8AF021EA0A0911B24608A1EB500AD0
:10A8A0000698C0F15A0000B217F0CAFA0AFB00F08D
:10A8B000C711284617F0C4FA0AFB00F0C211012F95
:10A8C000A9EB060B10DBA7F17F010BEB212006EBB8
:10A8D0002121139C012A12DBA2F17F030BEB23221F
:10A8E00006EB232313E000BF07F17F01A6EB09036A
:10A8F000C6EB212003EB2121139C012AECDA02F1A3
:10A900007F03A6EB0907C6EB232207EB2323278847
:10A910000DF150083844ADF8580078186188ADF84A
:10A920005C008818ADF85A00C8180C99ADF85E00A4
:10A9300016AA4046EDF7CCF9E0B14C460DF160099E
:10A9400016A9484647F6FF720023FEF7A9FE4846BF
:10A950000021FDF77FFD0746099849A947AAC0F8DD
:10A960000880FFF70FFA3846FFF7F8F94846A14686
:10A97000FDF7E6FF0798C0F15A0000B217F060FA41
:10A980000AFB00F0C711089817F05AFA0AFB00F00A
:10A99000012F4FEAE01211DBA7F17F010BEB212021
:10A9A00006EB2121139DDDF82480012A13DBA2F19F
:10A9B0007F030BEB232206EB232314E007F17F0137
:10A9C000A6EB0903C6EB212003EB2121139DDDF843
:10A9D0002480012AEBDA02F17F03A6EB0907C6EB1C
:10A9E000232207EB23232F880C9C3844ADF8580012
:10A9F00078186988ADF85C008818ADF85A00C81856
:10AA000014AEADF85E0016AA30462146EDF760F9A7
:10AA1000D0B118AD16A9284647F6FF720023FEF7FD
:10AA20003FFE28460021FDF715FD074649A947AA24
:10AA30004046C8F80860FFF7A5F938460C9CFFF7B8
:10AA40008DF92846FDF77CFFC8F8084057B0BDE8EF
:10AA5000F08F00BF039800283FF477AD03980328D8
:10AA60003FF473ADA5F58774D7E500BF59287FF68D
:10AA700066AEE8E670B514460D460646F1F788F96D
:10AA8000304629462246BDE87040F1F7EFBB000092
:10AA90000A7E032A38BF7047B0B582B00D460968F8
:10AAA000826804466846EDF713F938B1616B09B165
:10AAB00020468847626D20462946904702B0BDE88F
:10AAC000B04070472DE9F04F91B0CB688B46097CC0
:10AAD000804613B1002901F05587D8E90102B1F190
:10AAE000010ADBF80010058886880FA818BF9A466F
:10AAF000EDF7EEF8002801F04587701B013000B239
:10AB00000A90EEF797FFD0F800C0D8F80070DCF894
:10AB10001C108146002900F09780DBF80410002902
:10AB200000F0C280DBF80020BDF93E509388B2F9F6
:10AB30000060B2F902209B1B5C1C23B2BDF93C00F3
:10AB4000AA1A5A43801B01EB420101EB40000E9010
:10AB5000BAF1000F0D9700F0AF809CF810000007CD
:10AB60005DD4DBF81400F8F7A7FE012857DB00F0EE
:10AB7000030C82084FF000002FD022F06042A6465E
:10AB8000A0EB82000AF101036FF003029E18F57832
:10AB90003179802D4FF000057479B77988BF4FF077
:10ABA000FF3580294FF00001F57088BF4FF0FF316D
:10ABB00031710021802C88BF4FF0FF310432717158
:10ABC000802F4FF0000100EB020788BF4FF0FF31EC
:10ABD0000437B171DAD1101D7446BCF1000F1ED0DC
:10ABE0001AF80010002280294FF0000188BF4FF0B2
:10ABF000FF31BCF1010F0AF8001010D05044417829
:10AC0000802988BF4FF0FF32BCF1020F427006D09E
:10AC100081780022802988BF4FF0FF328270DBF8F4
:10AC20001400BDF93E308188B0F90020B0F902006F
:10AC3000891A4D1C29B2BDF93C70181A00FB01A0FD
:10AC4000B91A08443AE000BFD8F80410BDF93E2014
:10AC50009CF81030B1F902605B06A2EB060211D439
:10AC60000A98BDF93C30B1F900104243591A07EB7C
:10AC7000420202EB4107DBF8041000297FF452AFD7
:10AC800012E000BF0A98BDF93C30B1F90010424310
:10AC900002EB4202591A3A4401EB41015718DBF822
:10ACA000041000297FF43EAF00200E900024BAF17A
:10ACB000000F0D977FF451AF002500200C90D8F8BD
:10ACC0000400018840884942404209B202B20FA8FC
:10ACD000F8F71CFED9F80000C069002874D0DBF832
:10ACE0000400002800F01C819BF818B0EEF7A2FECB
:10ACF000BDF83C10BDF84030BDF83E70591ABDF8A3
:10AD000042300246481CDF1B0C9B0FFA80FC781C6B
:10AD1000002B00B2BBB247F6FE770B9200F06281C7
:10AD2000BB4201F22F8689B2B94201F22B8629B2C9
:10AD3000089121B20123BCF1010FD8BF9C46012824
:10AD4000C8BF034648004FF00008079306900CE088
:10AD5000089908F1010808440C9007980699804565
:10AD60000E9808440E9001F00D86DDE90C014FF0BD
:10AD7000000903E009F10109CC45E9D010F8097098
:10AD8000002FF7D0BDF83E3007FB0BF71068BDF879
:10AD90003C203E0A0E9F43444A4437F819704FF650
:10ADA000FF751BB2C4692AEA0505009313B20A9A1B
:10ADB00005EB070A0296CDF804A06546A047DDE939
:10ADC0000B200D99AC46D5E79BF81900DBF8041071
:10ADD000002800F05381002900F04A84032801F282
:10ADE000D185BDF83C10BDF84030A8465D1ABDF8CD
:10ADF0003E60BDF8423001389E1B4CF29C03C0B24D
:10AE0000C0F6030353F820300D98691CA2460CB21B
:10AE100001880E989BF81820B0F800900C98771CC9
:10AE200000283FB20597099200F06087007800FB88
:10AE300002F7FC28484698BF3A0A0B91CDE9073241
:10AE40009847DDF824C0B2B247F6FE718A4201F29B
:10AE50009985AAB28A4201F29585A6460FFA88F230
:10AE600006920122012CD8BF9646059B0FFA8AF163
:10AE7000012BC8BF1A4605920A9A490052000024C5
:10AE80000492039110E000BF06990A9C0E440499B5
:10AE900001340B440599039A8C420E990C96114487
:10AEA0000D930E9101F06E85DDE90C6300250A9487
:10AEB0001DE000BF4FF6FF702AEA00006FF30F0B92
:10AEC00000EB070AA344079B504659464246764684
:10AED0009847B646DDF824C0DDE90C63B9460B940B
:10AEE000CDF8208023F815000135AE45CCD0715D3A
:10AEF0000029F9D0E04601FB0CF2FC2998BF4FEA8B
:10AF000012280E9933F8154031F81570B945D1D192
:10AF10000B99A142CED10899C9B24145E2D0C9E707
:10AF20009BF818000E90BBF808000B90EEF782FD1E
:10AF30000C990990002900F02784BDF83E00BDF867
:10AF400042100E9C081A82B247F6FE710B9E8A428E
:10AF500001F21885BDF83C20BDF840309A1A93B232
:10AF60008B4201F20F85511C01302AB21FFA81F980
:10AF700080B24FF000080892079008E0079908F1A6
:10AF800001088845089908440C9001F0FB84DDE92C
:10AF90000C014FF0000B03E00BF1010BD945EDD094
:10AFA00010F80B70002FF7D00998BDF83E30BDF8AF
:10AFB0003C200068434467435A443C0A4FF6FF77FD
:10AFC0001BB2C5692AEA0707009313B20A9A07EB76
:10AFD000060A0294CDF804A0A847DDE90B60DDE97C
:10AFE0000D14D9E7BB4201F2CD8489B2B94201F216
:10AFF000C9840123BCF1010F21B2D8BF9C460128AE
:10B00000C8BF0346CDF824B0DDF83490DDF828B091
:10B0100048004FF000084FF6FF750C93089000BFF2
:10B02000002400BF0E9B1068BDF83E20BDF83C1008
:10B0300033F8143042442AEA0507C669214407EB75
:10B04000030A12B2099FCDE9002A0BB249465A46BB
:10B0500002976746B0470B9A01344FF6FF75BC461E
:10B06000A742DFD10C9808F10108804508980E9995
:10B0700001440E91D4D101F085BC00BF0C9E002983
:10B0800000F0BE83BDF83C00BDF84020BDF83E3066
:10B09000101ABDF84270421C11B2FA1A9BF818B08F
:10B0A000531C002E1FB20B9100F0FA85BBF1FD0F6F
:10B0B00092B240F2778647F6FE718A4201F26284CC
:10B0C0000B992AB2A1F1040B21B249000892012F79
:10B0D000D8BF012707910A994FF61F0AC0F2E07AFC
:10B0E0004900002280B209970691059012E000BF46
:10B0F0000D9806990A9A08440D90079801328044E9
:10B100000998089982420C98CDF8388008440C9030
:10B1100001F03884059947F6FE7081424FF0000C2B
:10B120000A9211D8DDF830E0DDF838801EF0030017
:10B1300000F0B1800C9B187818B3FF280AD1B8F83A
:10B1400000000D9A1CE000BFDDF830E0DDF838802B
:10B15000A1E000BF0D9AB8F80010178801EB01417B
:10B1600007EB0747043007EA0A0701EA0A01C008AB
:10B17000C91B484307EB501000EA0A0040EA1040A0
:10B1800010800B9803F1010E02284FF0010CC0F261
:10B1900082801EF0030000F07E809EF800000C9B71
:10B1A000E8B1FF2804D1B8F802000D99488016E0F4
:10B1B0000D9AB8F80210578801EB014107EB0747D9
:10B1C000043007EA0A0701EA0A01C008C91B48431C
:10B1D00007EB501000EA0A0040EA104050800B983C
:10B1E00003F1020E03284FF0020C54DB1EF00300A3
:10B1F00051D09EF800000C9BE8B1FF2804D1B8F8AC
:10B2000004000D99888016E00D9AB8F8041097880C
:10B2100001EB014107EB0747043007EA0A0701EA9F
:10B220000A01C008C91B484307EB501000EA0A0096
:10B2300040EA104090800B9803F1030E04284FF071
:10B24000030C28DB1EF0030025D09EF800000C9BA9
:10B25000E8B1FF2804D1B8F806000D99C88016E0BF
:10B260000D9AB8F80610D78801EB014107EB0747A4
:10B27000043007EA0A0701EA0A01C008C91B48436B
:10B2800007EB501000EA0A0040EA1040D08003F1BA
:10B29000040E4FF0040CDC4580F2C2800D9808EBE0
:10B2A0004C0500EB4C064FF00008062119E000BFEA
:10B2B000681830F8060C771827F8060C05EB4800DC
:10B2C000478806EB480467808088A080685A7052DF
:10B2D00008F104080CEB0800584501F1080180F260
:10B2E0009B805EF808000028F2D0471CE0D0C7B26F
:10B2F00017B3FF2F04D1681830F8060C741819E042
:10B3000074186F1837F8067C34F8062C00F0FC002F
:10B3100002EB024207EB0747043002EA0A0207EA9F
:10B320000A07C008BF1A784302EB501000EA0A006F
:10B3300040EA104024F8060C0EEB080047783FB1B5
:10B34000FF2F0BD105EB4802528806EB48046280C0
:10B35000877807BBC078002845D1B9E706EB4802DB
:10B3600005EB48046488B2F8029004EB044409EB4E
:10B370000943043703EA0A0304EA0A04FF08E41A4B
:10B380007C4303EB541303EA0A0343EA1343538059
:10B390008778002FDED0FF2F08D105EB4802928876
:10B3A00006EB48039A80C078E8B991E706EB4802BB
:10B3B00005EB48039B88948803EB034304EB0444A8
:10B3C000043704EA0A0403EA0A03FF081B1B7B4351
:10B3D00004EB531303EA0A0343EA13439380C07850
:10B3E00000283FF475AFFF283FF470AF6A5A735AD4
:10B3F00002EB024203EB0343043003EA0A0302EACE
:10B400000A02C008D21A504303EB501000EA0A00A7
:10B4100040EA10405BE700BFC644DDF83880844650
:10B420000B9860457FF764AE0B98A0EB0C0010F012
:10B43000030109D09EF8000018B3FF2808D138F89E
:10B440001C000D9A1BE000BF664675466FE000BF0A
:10B450000D9A38F81C5032F81C6005EB054506EBD8
:10B460000646043006EA0A0605EA0A05C008AD1BCE
:10B47000684306EB501000EA0A0040EA104022F848
:10B480001C000EF1010501290CF101064FD02878AE
:10B49000F8B1FF2804D138F816000D9A17E000BF64
:10B4A0000D9A38F8165032F8167005EB054507EB83
:10B4B0000747043007EA0A0705EA0A05C008ED1B3A
:10B4C000684307EB501000EA0A0040EA104022F8F7
:10B4D00016000EF1020502290CF1020627D0287889
:10B4E00008B3FF2806D138F816000D9921F8160088
:10B4F00019E000BF0D9A38F8161032F8165001EB1B
:10B50000014105EB0545043005EA0A0501EA0A0197
:10B51000C008491B484305EB501000EA0A0040EA06
:10B52000104022F816000EF103050CF103060B99EA
:10B530006FEA0C0008440328FFF4DAAD0B98811B76
:10B54000042000EB46061DE0A21908EB06035B8809
:10B55000578803EB034307EB0747043007EA0A0762
:10B5600003EA0A03C008DB1B584307EB501000EA4C
:10B570000A0040EA104050800435043906F10806FC
:10B580003FF4B6AD28780D9C18B3FF2806D108EB20
:10B59000060030F8040CA21919E000BFA21908EB4C
:10B5A000060333F8043C32F8047C03EB034307EB57
:10B5B0000747043007EA0A0703EA0A03C008DB1B4F
:10B5C000584307EB501000EA0A0040EA104022F806
:10B5D000040C687818B3FF2806D108EB060030F891
:10B5E000020CA21919E000BFA21908EB060333F8F8
:10B5F000023C32F8027C03EB034307EB07470430BD
:10B6000007EA0A0703EA0A03C008DB1B584307EBF3
:10B61000501000EA0A0040EA104022F8020CA87814
:10B62000D0B1FF2802D138F8060014E038F806201F
:10B63000A35B02EB024203EB0343043003EA0A0379
:10B6400002EA0A02C008D21A504303EB501000EA83
:10B650000A0040EA1040A053E87800283FF48CAF7D
:10B66000FF287FF471AF08EB06004088A21982E73B
:10B67000032801F28781BDF83C10BDF840202F4619
:10B68000551ABDF83E20BDF8423001389E1A4CF2E2
:10B690009C02C0B2C0F6030252F820300D989BF80D
:10B6A0001890BBF80840691CB0F800B00C980FFA6D
:10B6B00081FA711C002809B208910E9400F0E08410
:10B6C00000784A4600FB09F1FC2898BF0A0A204688
:10B6D00059460B939847B2B247F6FE718A4201F27F
:10B6E0005181AAB28A4201F24D8139B209910121F8
:10B6F000BAF1010FD8BF8A46089A0023012AC8BFB1
:10B70000114608910A994900079100210CE000BFF9
:10B71000099A0A9B1544089A01339342079A0C959B
:10B7200017440D9701F02E81DDE90C574FF000080A
:10B730000A9305E027F8180008F10108C245E7D090
:10B7400015F80820002AF7D037F818308A4208BFC9
:10B750009B45EFD002FB09F0FC2A4A4698BF020A3B
:10B760004FF6FF700E9926EA00006FF30F0446189B
:10B770001C440B9B304621469847DDE90C5715F8D1
:10B78000081037F818B0D5E7BDF93E60BDF94200A2
:10B79000DDF838C00B9B864201F3F480BDF8401001
:10B7A000DDF834B0DDE909984FF6FF7A06E000BF16
:10B7B00002B2964206F1010681F2E480BDF93C70C6
:10B7C0000AB29742F4DC00BFD9F8000024EA0A016B
:10B7D000C569CC1831B2CDE900143BB25946424696
:10B7E000CDF808C0A847BDF940100B9BDDF838C064
:10B7F0008F4207F10107E7DBBDF8420089B2D7E7C6
:10B80000BDF83C10BDF84020BDF83E30511ABDF8DF
:10B8100042704A1C10B2FA1A9BF818A0BBF80890A4
:10B82000531C002E1CB2099000F00E8449EA094016
:10B83000BAF1FD0F92B20E90C0F0688447F6FE7028
:10B84000824201F29F804FF61F0A0E9AC0F2E07A00
:10B85000099802EA0A080A9AA0F1040B121A08923F
:10B860002AB2101A0790002388B2012CD8BF0124F5
:10B870000A94069011E000BFCDF834C072460B9BCD
:10B880000D980899013300EB41000D900A9883420E
:10B89000079802440C9201F07580069947F6FE70F5
:10B8A00081424FF000050B9300F23E81DDF830E05D
:10B8B000DDF834C009981EF0030100F085809EF881
:10B8C00000104A46FF2910D0BCF80020043102EBDA
:10B8D000024202EA0A02C908A8EB0203594302EB3A
:10B8E000511101EA0A0141EA1142614621F8022B95
:10B8F0000EF1010202284FF0010563DB12F0030391
:10B9000060D013784A46FF2B0FD009881A1D01EB2F
:10B91000014101EA0A01D208A8EB01035A4301EBF5
:10B92000521101EA0A0141EA1142ACF802200EF17B
:10B9300002020CF1040103284FF0020542DB12F071
:10B9400003033FD013784A46FF2B0FD009881A1DF6
:10B9500001EB014101EA0A01D208A8EB01035A43B5
:10B9600001EB521101EA0A0141EA1142ACF804204C
:10B970000EF103020CF1060104284FF0030521DB50
:10B9800012F003031ED013784A46FF2B0FD009880C
:10B990001A1D01EB014101EA0A01D208A8EB0103DB
:10B9A0005A4301EB521101EA0A0141EA1142ACF893
:10B9B00006200EF1040E0CF1080C04255D4506DD91
:10B9C0008AE000BF96468C465D4500F385800024E2
:10B9D000002611E05FEA8C7172D00E980CEB4601E4
:10B9E0002CF81690C1F80200A1F806900436A919A7
:10B9F000594504F108046BDC5EF806100029F5D007
:10BA00004A1CE7D0CAB2FF2A4A4612D03CF8162098
:10BA100001F0FC0102EB0242043102EA0A02C90809
:10BA2000A8EB0203594302EB511101EA0A0141EA72
:10BA300011422CF816200EEB060253780CEB46014F
:10BA4000FF2B4F460FD04F88043307EB074707EA19
:10BA50000A07DB08A8EB0700584307EB501000EA81
:10BA60000A0040EA10474F8097784B46FF2F0FD0CF
:10BA700088883B1D00EB004000EA0A00DB08A8EBC9
:10BA800000077B4300EB531000EA0A0040EA104332
:10BA90008B80D3784A46FF2B0FD0C8881A1D00EB45
:10BAA000004000EA0A00D208A8EB00035A4300EB6A
:10BAB000521000EA0A0040EA1042CA8096E700BF2E
:10BAC0000E980CEB46014CF8160048608EE700BF5C
:10BAD0000998A444B6440D46A8427FF7CDAE411B59
:10BAE00011F0030128D09EF800304A46FF2B10D0F9
:10BAF000BCF80020043302EB024202EA0A02DB082F
:10BB0000A8EB02077B4302EB531202EA0A0242EA65
:10BB1000124260462CF8022B012974460EF1010EE8
:10BB20000CD1691C46E000BFDDE90CEC09985D45CD
:10BB30007FF74DAFD0E700BF29463CE09EF80030CC
:10BB40004A46FF2B10D0BCF80020043302EB02421F
:10BB500002EA0A02DB08A8EB02077B4302EB53125E
:10BB600002EA0A0242EA124204F1020E022900F13C
:10BB7000040C428002D1A91C1CE000BF9EF80020EA
:10BB80004946FF2A10D0BCF80010043201EB0141F5
:10BB900001EA0A01D208A8EB01035A4301EB521152
:10BBA00001EA0A0141EA1141818004F1030E00F12A
:10BBB000060CE91C0998EA4302440B9B032A7246CF
:10BBC000CDF834C0FFF45CAE09980024451ACDF8D6
:10BBD00034C006E00434D980A54203F108030D9374
:10BBE0005AD01EF804100D9BFF294A460FD0188822
:10BBF000043100EB004000EA0A00C908A8EB00028B
:10BC0000514300EB511000EA0A0040EA10420EEBEB
:10BC100004011A804B780CEB4402FF2B4E460FD0E8
:10BC20005088043300EB004000EA0A00DB08A8EB70
:10BC30000006734300EB531000EA0A0040EA104686
:10BC400056808E784B46FF2E0FD09088331D00EB28
:10BC5000004000EA0A00DB08A8EB0006734300EB93
:10BC6000531000EA0A0040EA10439380CA780D9B03
:10BC7000FF2A4946AED0D888111D00EB004000EAEB
:10BC80000A00C908A8EB0002514300EB511000EA7A
:10BC90000A0040EA10419DE70EEB0402EFE500BF09
:10BCA000BBF1FC0F40F2668290B247F6FE7188420B
:10BCB00000F268860B98012FD8BF01270A994FEA36
:10BCC000400820B23D464FEA410946000D9F0E9CB8
:10BCD0003846214642460BF059F84F44013D344462
:10BCE0000D970E94F2D100F04DBE00BF48460F46AE
:10BCF0009B469847DDF824C0B2B247F6FE718A42EF
:10BD000000F24086AAB28A4200F23C862346012213
:10BD1000012CD8BF1346059E0FFA8AF1012EC8BF29
:10BD200032460B920A9A4900520000250A92089165
:10BD30000DE000BF37460A9E0C9D31440D910B99D2
:10BD400001358D4208990A440E9200F01B86DDE908
:10BD50000D120C9500253E4606E000BF21F81500A7
:10BD600001350E9AAB42E5D032F8157031F81580E6
:10BD7000B94508BF4645F1D04FF6FF702AEA0000EA
:10BD80006FF30F0400EB070A444450462146624615
:10BD90001E46D847DDF824C00D9933464646B946BD
:10BDA000DCE700BF47F6FE739A4200F2EB8580B2F3
:10BDB000984200F2E78529B208910B9901220123EC
:10BDC0000129C8BF0A4602F00301012FC8BF3B4644
:10BDD00009910A9920B24FF61F0947F6FC76C0F286
:10BDE000E07902EA0608490040004FF0000A079394
:10BDF0000A91069011E000BF0A98069903440E9834
:10BE00000AF1010A08440E9007980D93824508989C
:10BE10008644CDF830E000F0B5850B980025042865
:10BE200074D2DDE90CE309980028E5D01EF805007E
:10BE3000F0B100FB0BF1FC28584698BF080A0E9998
:10BE400033F8152031F8151002EB024201EB0141E5
:10BE5000043002EA090201EA0901C008891A4843CC
:10BE600002EB501000EA090040EA104023F81500E8
:10BE700009980128C0D0681C1EF80040F4B104FBEA
:10BE80000BF15A46FC2C98BF0A0A0E9933F8107031
:10BE900031F8101007EB074701EB0141043207EAC4
:10BEA000090701EA0901D208C91B514307EB5111E7
:10BEB00001EA090141EA114123F81010099802280A
:10BEC0009AD0A81C1EF80050002D95D005FB0BF150
:10BED0005A46FC2D98BF0A0A0E9933F8107031F8B3
:10BEE000101007EB074701EB0141043207EA09078D
:10BEF00001EA0901D208C91B514307EB511101EABC
:10BF0000090141EA114123F8101075E7DDE90CE35E
:10BF10004FF0060C06E000BF0435A8450CF1080CF4
:10BF20003FF481AF1EF8050010B300FB0BF4FC28B2
:10BF3000584698BF200A0E9903EB0C0401EB0C073E
:10BF400037F8067C34F8066C07EB074706EB064625
:10BF5000043006EA090607EA0907C008BF1B784350
:10BF600006EB501000EA090040EA104024F8060CE5
:10BF70000EEB0500447814B304FB0BF6FC2C5C4676
:10BF800098BF340A0E9903EB450601EB45077F88FD
:10BF9000B6F802E007EB07470EEB0E42043402EA64
:10BFA000090207EA0907E408BF1A674302EB5712C0
:10BFB000DDE90CE302EA090242EA12427280847867
:10BFC000FCB1594604FB0BF2FC2C98BF110A0E9CE5
:10BFD00003EB450204EB4507BF88968807EB07474C
:10BFE00006EB0646043106EA090607EA0907C9080E
:10BFF000BF1B794306EB511101EA090141EA1141E6
:10C000009180C078002887D000FB0BF1FC285846AF
:10C0100098BF080A0E9933F80C2031F80C1002EB87
:10C02000024201EB0141043002EA090201EA09017E
:10C03000C008891A484302EB501000EA090040EAA0
:10C04000104023F80C0067E7BAF1FD0FC0F0188329
:10C0500090B247F6FE71884200F29484012CD8BF5A
:10C0600001240A98264644000D9D099A284649460F
:10C07000FAF704FA013E25440D95F5D100F082BC93
:10C08000204659464A4698469847B2B247F6FE714E
:10C090008A4200F27784AAB28A4200F273840121B4
:10C0A000BAF1010FD8BF8A46089A0023012AC8BFF7
:10C0B00011460B910A9949000A9108E00C9B0B9AD2
:10C0C000013393420A9A11440D9100F05B840D995B
:10C0D00000250C9305E000BF21F815000135AA45A5
:10C0E000ECD031F81570BB45F6D04FF6FF700E99C5
:10C0F00026EA00006FF30F0446183C443046214600
:10C100004A46C0470D99BB46E6E700BF47F6FE73B7
:10C110009A4200F2378489B2994200F233844FF692
:10C120001F010E98C0F2E07108400E9009982AB2E3
:10C13000111A06910D99012231F806EB0128089198
:10C140004FF00101C8BF024602F0030047F6FC733E
:10C15000012CC8BF2146079002EA03000B900A9801
:10C160004FF0000B4000002574460022059104901A
:10C1700013E100BF93B247F6FE72934200F20284CD
:10C1800080B2904200F2FE830B99012201294FF008
:10C1900001030BF10400C8BF0B46012FC8BF3A468C
:10C1A0000A994FEAD00820B24FF61F0A47F6FC77EB
:10C1B000C0F2E07A03F0030603EA070E49004000EC
:10C1C000002309920A91079008960CE00A9801331F
:10C1D00081440998CDF83490834207988344CDF880
:10C1E00038B000F0CF830B98002404280C9303D2BE
:10C1F000DDE90D9B62E000BFDDE90D9B6FF00103FF
:10C2000009EB03000BEB03074688B7F802C006EB07
:10C2100006460CEB0C4506EA0A0605EA0A05AD1BC4
:10C2200005FB08F506EB551606EA0A0646EA164629
:10C23000468009EB44060BEB440571886A8801EBE4
:10C24000014102EB024201EA0A0102EA0A02521A21
:10C2500002FB08F201EB521101EA0A0141EA114125
:10C260007180B188AA8801EB014102EB024201EA28
:10C270000A0102EA0A02521A02FB08F201EB521109
:10C2800001EA0A0141EA1141B18001893A8901EBD1
:10C29000014102EB024201EA0A0102EA0A02521AD1
:10C2A00002FB08F201EB521101EA0A01043441EAEF
:10C2B0001141A64503F108030181A1D1089E0C9B01
:10C2C000002E3FF483AF39F814003BF8141000EB54
:10C2D000004001EB014100EA0A0001EA0A01091AE3
:10C2E00001FB08F100EB511000EA0A0040EA10409F
:10C2F000012E29F814003FF469AF601C39F81010C2
:10C300003BF8102001EB014102EB024201EA0A0175
:10C3100002EA0A02521A02FB08F201EB521101EA88
:10C320000A0141EA1141022E29F810103FF44EAFE4
:10C33000A01C39F810103BF8102001EB014102EB72
:10C34000024201EA0A0102EA0A02521A02FB08F258
:10C3500001EB521101EA0A0141EA114129F81010DA
:10C3600034E700BF0D9820F813E00C98C61C0A9A19
:10C37000A44677462B460D980499013208440D9047
:10C3800006981D4630440C900898BE460844089014
:10C3900005986446824200F0F58209980A920428C2
:10C3A00006D24FF0000C002700234FF00008CAE02F
:10C3B000089F4FF0000809E0A7F800E00B9808F18B
:10C3C0000408404507F1080700F0B6800C9810F803
:10C3D00008303BB3FF2B504603FB0AF218BF100A8C
:10C3E000AB4218BF834637F8066CAB4208BFB44275
:10C3F00016D04FF61F01042006EB0642C0F2E07192
:10C400000E9D50FA8BF00A40C008AD1A684302EB4B
:10C410005010084040EA10401FFA80FE34461D4686
:10C4200027F806EC0C9800EB080C9CF8013053B38D
:10C4300003FB0AF0FF2B524618BF020AAB4218BF9B
:10C4400093460D98AB4200EB4806B6F8029008BF41
:10C450004C4516D04FF61F01042009EB0942C0F2EB
:10C46000E0710E9D50FA8BF00A40C008AD1A684387
:10C4700002EB5010084040EA10401FFA80FE4C4684
:10C480001D46A6F802E09CF802304BB303FB0AF00D
:10C49000FF2B524618BF020AAB4218BF93460D98B5
:10C4A000AB4200EB4806B28808BF944216D04FF664
:10C4B0001F04042002EB0245C0F2E0740E9950FA0A
:10C4C0008BF02540C008491B484305EB5010204025
:10C4D00040EA10401FFA80FE14461D46A6F804E00C
:10C4E0009CF80330002B3FF469AFFF2B514603FB50
:10C4F0000AF018BF010AAB4218BF8B463A88AB421C
:10C5000008BF94423FF458AF4FF61F05042002EBDA
:10C510000241C0F2E0750E9E50FA8BF02940C0082F
:10C52000761A704301EB5010284040EA10401FFA81
:10C5300080FE14461D463FE70C98A44600EB080613
:10C5400077462B460C9607980A9A00283FF413AFBB
:10C550000C9803784BB303FB0AF0FF2B514618BF2E
:10C56000010AAB4218BF8B460D98AB4230F8182039
:10C5700008BF944216D04FF61F06042002EB02417A
:10C58000C0F2E0760E9F50FA8BF03140C0087F1A5F
:10C59000784301EB5010304040EA10401FFA80FE13
:10C5A00014461D460D9820F818E0079801280C98AD
:10C5B00000F101063FF4DBAE37785FB307FB0AF00A
:10C5C000FF2F514618BF010AAF4218BF8B460D9886
:10C5D00008F1010330F81320AF4208BF944216D08F
:10C5E0004FF61F05042002EB0241C0F2E0750E9EDB
:10C5F00050FA8BF02940C008761A704301EB5010B6
:10C60000284040EA10401FFA80FE14463D460D982F
:10C6100020F813E0079802280C9800F102063FF476
:10C62000A6AE3778002F3FF4A0AE07FB0AF0FF2F2D
:10C63000514618BF010AAF4218BF8B460D9808F14A
:10C64000020330F81320AF4208BF94423FF48AAE91
:10C650004FF61F05042002EB0241C0F2E0750E9E6A
:10C6600050FA8BF02940C008761A704301EB501045
:10C67000284040EA10401FFA80FE14463D4671E60D
:10C6800093B247F6FE72934200F27C8189B29142E6
:10C6900000F278810AF104074FEAD92007F0F80286
:10C6A000C9F3451109F01F064FF61F0500FB02FBF9
:10C6B0005143724309EB0946C0F2E07527F00703C6
:10C6C0002E40FF087743099805EA571747EA1749AC
:10C6D000012601284FF00107C8BF0746012CC8BF3B
:10C6E0002646079607F0030047F6FC76089007EA0F
:10C6F00006000E900D98DB4300F104080A98DBB2A7
:10C700004000002548F281074FF4FC6E002406909B
:10C7100013E000BF0D9820F81C90A2460C9D0D98C8
:10C72000013500EB48000D90DDF82C80069854464A
:10C7300080440798854200F0258109980C950428CB
:10C74000CDF82C8058D24FF0000A4FF0000C08981A
:10C75000DDF828800C9D0028E1D00D9830F81C6091
:10C76000B44219D0F00A10FB03B078434FF47E3482
:10C7700006F01F0504EA1030C6F3451415FB032527
:10C7800014FB03147D437C43C5F3C4550EEA944463
:10C79000284400EB04093446089801280D9820F835
:10C7A0001C90BAD00CF1010830F81860B44219D0CE
:10C7B000F00A10FB03B078434FF47E3406F01F05F7
:10C7C00004EA1030C6F3451415FB032514FB0314CB
:10C7D0007D437C43C5F3C4550EEA9444284400EBE2
:10C7E00004093446089802280D9820F8189040F063
:10C7F000A580DDF8288090E74FF0000CA24609E004
:10C800000E980CF1040CA8F8029008F10808604595
:10C8100054469CD038F8044CA24513D138F8024C49
:10C8200028F8049CA2452DD1B8F8004028F8029CB5
:10C83000A24547D1B8F80240A8F80090A245DFD041
:10C8400061E000BFE60A16FB03B67E434FF47E307C
:10C8500000EA163604F01F00C4F3451510FB032050
:10C8600015FB031578437D43C0F3C4500EEA95458C
:10C87000304400EB0509A24638F8024C28F8049C25
:10C88000A245D1D0E00A10FB03B078434FF47E35C7
:10C8900004F01F0605EA1030C4F3451516FB032605
:10C8A00015FB03157E437D43C6F3C4560EEA95453A
:10C8B000304400EB0509A246B8F8004028F8029C75
:10C8C000A245B7D0E00A10FB03B078434FF47E35A1
:10C8D00004F01F0605EA1030C4F3451516FB0326C5
:10C8E00015FB03157E437D43C6F3C4560EEA9545FA
:10C8F000304400EB0509A246B8F80240A8F80090C1
:10C90000A2453FF47DAFE00A10FB03B078434FF43B
:10C910007E3504F01F0605EA1030C4F3451516FBFA
:10C92000032615FB03157E437D43C6F3C4560EEA6A
:10C930009545304400EB0509A24661E70CF1020C75
:10C9400030F81C60DDF82880B4423FF4E3AEF00A12
:10C9500010FB03B078434FF47E3406F01F0504EA61
:10C960001030C6F3451415FB032514FB03147D4357
:10C970007C43C5F3C4550EEA9444284400EB0409F3
:10C980003446C7E611B0BDE8F08F00002DE9F0474E
:10C99000B3F90240B3F906008442C8BFBDE8F0878E
:10C9A0009846B8F90070B8F804600A98F61B01368A
:10C9B00036B2099D4FEA4609B0F90260089BB0F90A
:10C9C00000006E4303EB460303EB400604FB02F05A
:10C9D00001EB400000EB47074FEA420A6D0000BF41
:10C9E000384631464A460AF0D1F9601C04B2B8F91B
:10C9F0000600574484422E44F2DDBDE8F087000073
:10CA00002DE9F04FB7B0834680680D460168406855
:10CA1000DDF80081369035A81B9314463591FBF75D
:10CA2000B1FF2988074609B1012604E06888B0F5FE
:10CA3000807618BF01262CA81C210AF0A1FDE87AF7
:10CA4000297B8DF8C80001F00F00B8F104018DF8C2
:10CA5000C90018BF01213143394333A8C9072C90BD
:10CA600028D0B8F10E0018BF012030433843C0076A
:10CA700000F0A284B8F1140018BF012030433843FD
:10CA8000C0071BD1A87AC8B92088A188E288081AF3
:10CA900061880130511A01311B9A10FB01F002EB41
:10CAA00040002F9002202D922C9431948DF8C000DC
:10CAB00000F09BBCA87A002800F09484DBF8080002
:10CAC000B4F806A082880188ADF8D020B0F80290B2
:10CAD000B0F806802088CDE922672990A0882895A3
:10CAE00021906088ADF8CC102090501A0130ADF83C
:10CAF000CE90ADF8D280249407B2ECF79BFFFAF702
:10CB0000ABFC33AD04462846F6F7D6FEA04203D967
:10CB1000B4FBF7F905E000BFA8EB090001300FFAFC
:10CB200080F909FB07F6700009F014FF044630464F
:10CB30001C9609F00FFF2F90CDE92640BDF9CE00DD
:10CB4000BDF9D2102D94409C3195259109EB00013F
:10CB5000289D0139042C5E46ADF8D2100AD12A88EE
:10CB6000002A4FF0020206D16B88B3F5807F08BF20
:10CB7000012200E00222259B8DF8C020984209DDA9
:10CB800027980AF03DF826980AF03AF837B0BDE841
:10CB9000F08F00BF299A219B4FF0020B9B1A209A1D
:10CBA0000893AAEB0202013301321BB215B25A00FC
:10CBB00012B21092299303FB05F21B9B179503EB0E
:10CBC00042020C921C9A2AAD02F0030322F00302E7
:10CBD0000E92269A1993931C0D93131D0A93931E7C
:10CBE0000793A2F10803063248F2810A0F930B92D1
:10CBF0001F96CDE91D9715E030462CA9FDF748FF9B
:10CC0000BDF8D210409C4A1C10B2ADF8CE20494469
:10CC1000259A09B29142A8BF114690422AADADF8BB
:10CC2000D210ADDCBDF8CC20ADF8AE102499ADF833
:10CC3000A820BDF8D020ADF8AA0008884988ADF832
:10CC4000AC2040424A4201B212B22846F6F75EFEDC
:10CC50002298002800F038811798299B0090289886
:10CC60001B9ACDE902042698279F04903046294656
:10CC70000193059703F07AFE2898DDF87490827A84
:10CC8000032AC0F0F7801C98002800F0F380289851
:10CC900082F0FF030089C10A01FB02F7C0F34511CE
:10CCA00000F01F0000FB02FC1C98514304284FF0C9
:10CCB000000275D3DDE90EE64FF4784B4FF4FC68C3
:10CCC00036F8085F0432EC0AC5F3451005F01F057D
:10CCD00014FB037415FB03C504FB0AF410FB0310DB
:10CCE00005FB0AF50BEA143400FB0AF0C5F3C45542
:10CCF00008EA90402544284475883080E80AC5F346
:10CD0000451405F01F0510FB037015FB03C500FB60
:10CD10000AF014FB031405FB0AF50BEA103004FBC0
:10CD20000AF4C5F3C45508EA94442844B58820445D
:10CD30007080E80AC5F3451405F01F0510FB037069
:10CD400015FB03C500FB0AF014FB031405FB0AF5F1
:10CD50000BEA103004FB0AF4C5F3C45508EA944406
:10CD60002844F5882044B080E80AC5F3451405F04E
:10CD70001F0510FB037015FB03C500FB0AF014FB35
:10CD8000031405FB0AF50BEA103004FB0AF4C5F3A3
:10CD9000C45508EA9444284420449645F0808FD135
:10CDA00019984FF4784E00284FF4FC684FF0020BAE
:10CDB00060D0269C34F81200C60AC0F3451500F076
:10CDC0001F0016FB037610FB03C006FB0AF615FBDB
:10CDD000031500FB0AF00EEA163605FB0AF5C0F350
:10CDE000C45008EA954530442844199D24F812009F
:10CDF000012D3FD00D9C34F81200C60AC0F3451532
:10CE000000F01F0016FB037610FB03C006FB0AF6BA
:10CE100015FB031500FB0AF00EEA163605FB0AF5B2
:10CE2000C0F3C45008EA954530442844199D24F8BD
:10CE30001200022D1ED00A9D35F81200C60A16FBFC
:10CE40000377C0F3451600F01F0010FB03C007FB7B
:10CE50000AF716FB031100FB0AF00EEA173701FB75
:10CE60000AF1C0F3C45008EA91413844084425F857
:10CE7000120000BF2398DDE91E7600283FF4BCAE07
:10CE8000BDF9CE40BDF9D20084423FF7B5AE279D33
:10CE90000AE000BF8DF8C0B0601CBDF9D21004B22A
:10CEA0008C423D443FF7A8AEBDF9CC1022B22846D3
:10CEB0003B46FBF713FD0228ECD00028ECD12846B6
:10CEC00039460AF05DFBE5E7201F10283FF6D4AE97
:10CED000DFE800F00C920C0A0A0A0A0A0A0A0A0A97
:10CEE0000A0A0A0A480000BFC6E600BF2AA8F6F7E9
:10CEF000E3FC8046279841460AF084FBBDF9AA600E
:10CF0000BDF9AE00DDF8409086421CDCBDF9A800FA
:10CF1000BDF8AC10269F091A013109B24D002999BC
:10CF200016FB01001B9901EB400400BF3846214667
:10CF30002A4609F02BFF701CBDF9AE1006B24C4416
:10CF40008E422F44F2DD409806287FF495AEB8F16A
:10CF5000000F3FF491AEB8F1040F80F07F80002005
:10CF6000A1E000BFBDF9AA00BDF8AE1047F6FE7300
:10CF7000091A8AB29A423FF67FAEBDF8AC20BDF9DD
:10CF8000A83001310FFA81F8D11A299A013110FB2A
:10CF900002301B9A0DB2269EDDF840B002EB40072E
:10CFA0006C004FF0000900BF30463946224609F0B8
:10CFB000EDFE09F101000FFA80F95F44C1452644F6
:10CFC000F2DBBDF9AA00299A0C9BBDF9A81010FB51
:10CFD0000230279E441800274FF0020B30462146AE
:10CFE0002A4609F0D3FE781C07B229982E444745FB
:10CFF0000444F3DB40E600BFBDF9AA10BDF8AE0063
:10D0000047F6FE73441AA2B29A423FF635AEBDF916
:10D01000A870BDF8AC2047F6FE76D21B93B2B3429F
:10D020003FF62AAE299D8EB211FB05711B9F531C42
:10D0300001EB410107EB010CB0429FB21897099434
:10D0400058D1DDE9269E09984FF0020BC0077FF406
:10D0500013AE042F80F05681002188E10B9ADDE9A0
:10D06000266528F003010020002400BF32F8063CAA
:10D0700006EB4007B3F5FC6F08BF2C547B88B3F573
:10D08000FC6F05EB000308BF5C70BF880430B7F588
:10D09000FC6F08BF9C7017880832B7F5FC6F08BF9B
:10D0A000DC708142E2D1002718F003013FF4E4ADC7
:10D0B000269A32F81020B2F5FC6F04BF279A175455
:10D0C00001293FF4D9AD269B421C33F81230B3F549
:10D0D000FC6F04BF279B9F5402293FF4CDAD2699D6
:10D0E000023031F81010B1F5FC6F7FF4C5AD27990F
:10D0F0000F54C1E50899601C891A01EB410109B27E
:10D1000016914FF6FE7108401CB2159047F6FC7060
:10D1100007EA0008A0001490600013900F98DDF853
:10D120009CE000EB44060EEB040BDDF89890079DA5
:10D130001294169C07F003020023219218E000BF0E
:10D140000337209B2E467546149902EB040E2C469D
:10D1500007EB050C1A9D894402330D440E441599C2
:10D1600098B288421398219A189F83443FF46BAF7A
:10D17000042F20931A9503D20023254682BB4FE04B
:10D1800011960026002300BF03EB4300604484781F
:10D190000CEB06010EF803401CF80640427809EB40
:10D1A000430744EA02226A804A790EEB0304627064
:10D1B000B0F8032004337A80027A9845A270CA88B6
:10D1C00006F10C06BA80C97AE170B0F8090025F8BA
:10D1D000080FD9D1B444189F169D219A119EFAB117
:10D1E0009CF80200012A0EF80300BCF8000029F8A0
:10D1F000130007D10CF1030C042F0CEB050713D31C
:10D200002CE000BF9CF80500591C0EF80100BCF88A
:10D210000300022A29F8110010D10CF1060C00BFFE
:10D22000042F0CEB050719D2129C4FF0000C209B29
:10D23000002A0EEB040241D186E700BF9CF80800EB
:10D24000991C0EF80100BCF806000CF1090C29F835
:10D250001100042F0CEB0507E6D300BF0023354671
:10D260004FF0000C0CEB4C0038448178FC180BF8A4
:10D270000C10F95C42780C3341EA022125F8081FB2
:10D2800061790BEB0C025170B0F803100CF1040C37
:10D290006980017AE0459170E188A980E17AD170D6
:10D2A000B0F80900E880DDD1129C169D219A1F4438
:10D2B000209B002A0EEB04023FF446AFB878AE463E
:10D2C000354602F80C00219E388809EB4403012EF4
:10D2D00023F81C003FF434AF78790CF1010150546D
:10D2E000B7F80300022E23F8110001D1063728E712
:10D2F000387A0CF102015054F888093723F81100EC
:10D300001FE700BF47F6FC7007EA0008A9F1020614
:10D310000EF1010B0025002101EB410060448278F1
:10D320000BEB010707F8012C1CF8052043780CEBE8
:10D33000050442EA03227280627909EB41030BF88B
:10D340000120B0F8032004315A80027A88457A70AF
:10D35000E28805F10C059A80E27ABA70B0F809000B
:10D3600026F8080FD8D1189FAC444FF0020B17F0E5
:10D3700003033FF481AC9CF80200012B0EF801007E
:10D38000BCF8000029F811003FF476AC9CF80500C9
:10D390004A1C0EF80200BCF80300022B29F8120008
:10D3A0003FF46AAC9CF8080002310EF80100BCF8AA
:10D3B000060029F811005FE4DBF808202AA82146BE
:10D3C000EAF786FC00283FF4E1AB1B9831942F90DC
:10D3D00000202D902889ADF8B80002208DF8C000FB
:10D3E00002E000BF1B982D902C942CA95846FDF705
:10D3F0004FFB37B0BDE8F08F70B50C46084658219A
:10D400000AF0BEF849F605604EF2B551C0F60100CB
:10D41000C0F601014DF2896E4CF60122C4E90410F8
:10D420004DF2BD70C0F6010EC0F60102C0F601005B
:10D430004EF265014AF6752CA261C0F601014FF269
:10D44000B97240F66913C4E908E004F12800C0F697
:10D45000010CC0F60102C0F602034CF68D154DF228
:10D46000815680E8061004F13400C0F60105C0F6CC
:10D47000010668C04DF2A5404AF6C523C0F601007A
:10D480004DF2F5414DF28162C0F6010304F1400C0A
:10D49000C0F60101C0F6010263652C238CE80F0081
:10D4A00070BD000070B516460D460446ECF7C2FA92
:10D4B000F107064608D1A86A20F00040A86230684B
:10D4C000016921F040010DE0A96A686921F000417D
:10D4D0000AF056F8A86A40F00040A8623068016976
:10D4E00041F040010161686905F10801C4E90001EA
:10D4F000A16070BDF0B583B017460446D0E90002C4
:10D500000E46118893880290581A04215388D288B5
:10D5100001EB800041F6FC710840D11A013140EA6C
:10D520004130C90806F118028DF80310ADF801006A
:10D5300007CAB36A0525B3F1FF3FC8BF04258DF8BC
:10D540000050C4E90021A060ECF774FA006896F876
:10D550002420016921F0400141EA821106F108020C
:10D560006E460161204639463346FAF703FA2046F3
:10D5700003F018FA304605F059F803B0F0BD00008A
:10D5800070B50C46D10779D191072FD40646D4E95E
:10D590000001254645F8080F2046E160F6F78CF9B2
:10D5A000A16A4FF6FE72C7F6FF7202EA400001F070
:10D5B00000410144A16209F07FF9A16A606121F094
:10D5C000004109F0DDFFA16A606921F000410028F7
:10D5D000A16253D0C6E90005B560ECF72BFA0068EC
:10D5E000016921F040010161204670BDA06A4FF43D
:10D5F000C04161F31E00A0622046F6F75DF9A26A01
:10D60000014622F00040B0EB410F09D948004FF627
:10D61000FE71C7F6FF71084002F000410144A162AB
:10D6200009F04AF9606158B9A06A4FF4406161F3AA
:10D630001E00A0624FF4406009F03EF96061E8B15D
:10D64000D4E90001A26AC4E90201030C081A22F01D
:10D6500000414FF4803202EB0040001491FBF0F0E7
:10D6600045F25651C5F2555150FB01F1400801EB0E
:10D67000D17160822046E381218270BD002070BD9F
:10D68000486909F017BB00002DE9F04796B017462E
:10D690000A681E468A46814612A910461A46002389
:10D6A00003F042FF002845D0BDF8500000284BD0C1
:10D6B000BDF84E10002947D03A88BDF852307F8817
:10D6C0001A44DAF80030BDF854501C895B892744AD
:10D6D00003442B44FF1AD9F80830ADF80820ADF800
:10D6E0000A70B3F9005001FA82F1A9422CDBB3F9B8
:10D6F000041012B28A4227DC39B2B3F9022008447E
:10D70000904221DBB3F9060081421DDC12983146BC
:10D7100003F004FFC0B11299097B890714D102AA52
:10D7200012AB0746484651460097EFF7B9FA16B0D4
:10D73000BDE8F087202E07D342F20C00864203D0CA
:10D740004FF6FF00864203D116B0BDE8F08700BF58
:10D750003888BDF852107A88BDF8543008441A440D
:10D76000BDF84E10BDF850300F1899180DF1400853
:10D770000EB201B212B23BB240460096F6F7D6F8AE
:10D7800002AF3846FCF718FB0220BAF80C108DF8EF
:10D790000B008DF832008DF83E008DF8220001203C
:10D7A000D9F81030ADF82610ADF8280048463946B3
:10D7B0004246984716B0BDE8F08700002DE9F04FCB
:10D7C000C5B08B464988002900F0368405469BF891
:10D7D00008000328C0F0308416881C8850885F88B1
:10D7E000A64208BFB84200F02784CDE9082323B23F
:10D7F00032B21E4601EBD1319A42B8BF164609B289
:10D80000A6EB6106ADF864609A42C8BF134603EB0D
:10D810006102ADF868203AB200B213469042B8BF38
:10D820000346A3EB6103ADF86630C8BF024602EBC6
:10D830006100AA6819AEADF86A0030463146EAF7D1
:10D8400047FA002800F0F8830998D5F80890AE60F0
:10D850000899B0F902604B88B7B20C880288BB42C5
:10D8600018B20A9530D1BBF9023016B2013B03F071
:10D87000010721B2324607EB6307B142B8BF0A463F
:10D88000ADF8E020C8BF0E46711EADF8E410C11B14
:10D8900000EB630038AFADF8E210ADF8E60019AA6E
:10D8A00038463946EAF714FA002800F07683BBF8C8
:10D8B0000600002800F0B080BBF804A0BAF1000F09
:10D8C00018BF4FF0010AA9E0944231D1BBF9022000
:10D8D000B042A2F1010202F0010303EB620304EB88
:10D8E0006201A4EB0303ADF8E4103146ADF8E0307B
:10D8F000B8BF0146ADF8E210C8BF0646701E0DF174
:10D90000E008ADF8E60019AA40464146EAF7E0F91A
:10D91000002800F04283BBF80600002800F03281A6
:10D92000BBF804A0BAF1000F18BF4FF0010A2BE1B9
:10D93000B0422146B246CDF818903346B8BF1146E2
:10D940000FFA81F9C8BF8246B042B8BF22460FFA2B
:10D9500082F8B8BF0646C11AA9EB080048BF494281
:10D960000028044648BF4442BAEB060707900591D9
:10D9700048BF7F423946BBF90200BC4238BF21464E
:10D980003A464FEA411188BF2246B1FBF2F10FF24D
:10D99000B062515C3F2211FB00254846C845B8BF24
:10D9A0004046A0EBE510ADF80C014846C8BF404624
:10D9B00000EBE510ADF81001A6EBE510ADF80E0197
:10D9C0000AEBE510ADF8120143A819AA0146EAF7DF
:10D9D0007FF9002800F0B082012000EAE51029124A
:10D9E000BC4200EB252440F2AB80079D012DC0F224
:10D9F0009D81701AAAEB01014FF0000C0FB202B228
:10DA00000BA841464B46CDE9007CFBF769FA30197B
:10DA10000AEB04019CE100BF4FF0000A3846FAF718
:10DA2000B1FF06460BA81C2109F0AAFDBBF80000B7
:10DA3000002EADF834009BF808000B978DF84400D9
:10DA400008BFBAF1000F00F01981BDF9E000BDF880
:10DA5000E410CDF818900A1A511CBDF9E6900EB2E8
:10DA6000BDF8E210BAF1000F0592ADF8E61009D04A
:10DA7000BBF90410BBF90620114490FBF1F202FB44
:10DA8000110000E000200790304608F063FFBDF968
:10DA9000E2400A9D80464C450E90109700F3788234
:10DAA000BAF1000F00F0F080059847F6FF7180B2E0
:10DAB000884280F043820A9D4FF0000A16E000BFC2
:10DAC00002208DF83C0028460BA9FCF7E1FFBDF8C9
:10DAD000E200BDF8E6100130ADF8E200481C4C450C
:10DAE00004F10104ADF8E60000F0528240463146F0
:10DAF00009F088FDBDF9E01022B240463346FAF73E
:10DB0000EDFE00288DF83C00DDD0079900200DE0E7
:10DB1000BBF906703A449A42CCBF08F800A0002135
:10DB2000013000B2B04201F10101C9DABBF90420B1
:10DB30000BB29342ECDC401A10441146F0E700BFF0
:10DB400008EB040009EB040234B24FF0000C0FFAAA
:10DB50008AF70D4601B213B20BA82246CDE9007C2C
:10DB6000FBF7BEF9A8EB0500A9EB05024FF0010C8D
:10DB700001B213B238A82246CDE9007CFBF7B0F918
:10DB8000079DEFE04FF0000A4046FAF7FBFE06461D
:10DB90000BA81C2109F0F4FCBBF80000002EADF826
:10DBA00034009BF80800CDF82C808DF8440008BFA5
:10DBB000BAF1000F62D0BDF8E000BDF8E410CDF876
:10DBC0001890081A01300FFA80F9BDF8E200BDF98B
:10DBD000E660ADF8E600484608F0BCFEBDF9E2405C
:10DBE0000746BAF1000F0E90CDF8408074D00A9D20
:10DBF000B44200F39880BBF90400BBF9061032462A
:10DC0000084494FBF0F10A9D01FB104602F1010A61
:10DC10000DF12C0812E000BF284641460136FCF702
:10DC200037FFBDF8E200BDF8E61001300134ADF871
:10DC3000E200481CA245ADF8E60074D038464946DB
:10DC400009F0E0FCBDF9E01022B238464B46FAF785
:10DC500045FE00288DF83C00DED0BBF9041030B240
:10DC60008842C4BF00228DF83C20BBF90620114435
:10DC700081424FF00000D8BF0646CDE70BA92846E9
:10DC8000FCF706FF89E100BF0A9D6FEA0909013C24
:10DC90000BAF40463146013409F0B4FCBDF9E01049
:10DCA00022B240463346FAF719FE8DF83C0028466A
:10DCB0003946FCF7EDFEBDF8E20009EB0401013046
:10DCC000ADF8E200BDF8E600013100F10100ADF869
:10DCD000E600DED15CE100BF0A9DB44223DCF643DE
:10DCE000013C0DF12C0838464946013409F08AFC04
:10DCF000BDF9E01022B238464B46FAF7EFFD8DF839
:10DD00003C0028464146FCF7C3FEBDF8E20031194D
:10DD10000130ADF8E200BDF8E600013100F101008C
:10DD2000ADF8E600DFD1384633E100BF30190F46C9
:10DD30000AEB04014FF0000C0CB202B20BA84146F2
:10DD40004B46CDE9004CFBF7CBF8F01BAAEB0701E3
:10DD500001270CB202B238A841464B46CDE9004734
:10DD6000FBF7BEF80BA80021FAF774FB049038A863
:10DD70000021FAF76FFB9BF809100390C8064FF6D5
:10DD8000FF744FF6FF7028D4059C7119A8EB0400AE
:10DD90004FF0030C0FB203B232B22DA84146CDE9C9
:10DDA000007CFBF79DF8A9EB04000AEB050122AF0C
:10DDB0004FF0020C0EB203B20FFA8AF2384649460F
:10DDC000CDE9006CFBF78CF82DA80021FAF742FB97
:10DDD000044638460021FAF73DFBBDF80C91BDF82A
:10DDE00010A102900594EBF725FEF9F735FB0DF530
:10DDF000867807464046F5F75FFDB84203D243A850
:10DE0000F5F75AFD0746384608F0A4FD0646BDF86A
:10DE10000E01BDF91251ADF812013046394609F034
:10DE2000F1FB1BA81C2109F0ABFBBBF80000BDF9FE
:10DE30000E41ADF874009BF80800AC42CDF86C8040
:10DE40008DF884001E96CDF8808041DCAAEB090095
:10DE500001300FFA80F84FEA480001354FF0000911
:10DE6000079016E002208DF87C000A981BA9FCF7A9
:10DE70000FFEBDF8120139460130ADF80E01ADF8C4
:10DE80001201304609F0BEFB4FF000090134A542F3
:10DE90001CD0BDF90C1106EB090A22B250464346CC
:10DEA000FAF71CFD8DF87C0018B95046414609F080
:10DEB00067FB07984844B842D4D2BDF81201C14468
:10DEC0000130ADF812010134A542E2D1BDF80E4196
:10DED000BDF81221A1B20A98914208D0511EADF8A6
:10DEE000121102218DF87C101BA9FCF7D1FD3046E0
:10DEF00008F086FE0BA8FAF723FD38A8FAF720FDF4
:10DF0000059D4FF6FF74A8B2029EA04202D02DA834
:10DF1000FAF716FDB0B2A04202D022A8FAF710FD1F
:10DF20000498FBF71BFF0398FBF718FF28B2FBF7D9
:10DF300015FF30B2FBF712FF0A9D2CE00A9D6FEA35
:10DF40000909013C0BAF40463146013409F05AFB48
:10DF5000BDF9E01022B240463346FAF7BFFC002874
:10DF600018BF012040008DF83C0028463946FCF7D8
:10DF70008FFDBDF8E20009EB04010130ADF8E200CD
:10DF8000BDF8E600013100F10100ADF8E600DAD19C
:10DF9000404608F035FEDDF818909BF8090010F0B7
:10DFA0000C0F47D00BA8FBF707FFBBF80000BBF92D
:10DFB0000210ADF8300047F6FF70ADF82C009BF86A
:10DFC00008004C108DF82F009BF8090061F001014A
:10DFD000420701F1010616D50898018840880A1BFE
:10DFE000ADF8E020021BADF8E220321911441044D4
:10DFF000ADF8E410ADF8E6000BA938AA2846FBF707
:10E00000C1FE9BF80900000714D5099801884088D3
:10E010000A1BADF8E020021BADF8E22032191144D2
:10E020001044ADF8E410ADF8E6000BA938AA284674
:10E03000FBF7A8FEC5F8089045B0BDE8F08F00BF1B
:10E04000808080818182828384858687898A8C8D85
:10E050008F91939597999B9EA0A2A5A7AAADAFB2C9
:10E06000B50000002DE9F04F8FB0002A00F09E822D
:10E070001E46032BC0F09A828046B00017468946A0
:10E0800008F068FC002800F091823968A6F1010EC2
:10E090000160B11E03290EF0030C4DD200230021B4
:10E0A000BCF1000F2FD007EB830637F82320B3888D
:10E0B0009A4203D17288F3889A4204D032688BB2B4
:10E0C000013140F82320BCF1010F1CD0B288338904
:10E0D0009A4203D1F28873899A4204D072688BB253
:10E0E000013140F82320BCF1020F0CD03289B389F2
:10E0F0009A4203D17289F3899A4204D0B2688BB2F2
:10E10000013140F823203A8837F82E3007EB8E068D
:10E110009A4203D17A8873889A4204D033688AB2CB
:10E12000013140F822308BB2022B47D80FB0BDE846
:10E13000F04F08F065BD00BF2EF00306002300215C
:10E1400008E000BFE2688DB2013140F825200433B9
:10E150009E42A5D007EB830437F82350A28895424E
:10E1600003D16288E588AA4205D057F823208DB2F2
:10E17000013140F82520A2882589AA4203D1E288EE
:10E180006589AA4204D062688DB2013140F8252029
:10E190002289A589AA4203D16289E589AA4204D0CD
:10E1A000A2688DB2013140F82520A289258AAA42B1
:10E1B000C8D1E289658AAA42C4D1C8E74EF20102F9
:10E1C000032B03F00301CDF80C90CDF814800A90D6
:10E1D000CDE9061308D141F6FF7A002541F6FF711B
:10E1E0004EF2010768E000BF00F1080109916FF0ED
:10E1F0000C0101EA8301089141F6FF7A4FF0000912
:10E20000002541F6FF714EF2010C4EF2010400BFF1
:10E2100030F9092000EB09080FFA8AFA9245A8BFE5
:10E220009246B8F9027009B2B9420FFA8CF3B8F904
:10E2300004E0B8F90A60B8F90CB0A8BF39469342B7
:10E24000C8BF1A4623B2BB42C8BF1F46099CF2454D
:10E2500004EB090333F9023CA8BFF2469942A8BF78
:10E2600019467245D8BF724634F909409F420A9850
:10E27000D8BF1F46A245A8BFA246B142A8BF31469B
:10E28000A242D8BF2246B742D8BF3746B8F90E30AF
:10E29000DA45A8BFDA469942A8BF19465A45D8BF01
:10E2A0005A469F42D8BF1F46089B09F11009043502
:10E2B0004B4594463C46ABD1069CDDF81480002CBF
:10E2C00049D030F9256000EB85030FFA8AFAB24590
:10E2D000A8BFB246B3F9025009B2A94212B2A8BF10
:10E2E0002946B242C8BF16463AB2AA42C8BF15462E
:10E2F000012C03D132462F462DE000BFB3F9042094
:10E300000FFA8AFAB3F90670924509B2A8BF92468D
:10E31000B94236B2A8BF39469642C8BF32462EB27D
:10E32000BE42C8BF3746022C15D016B2B3F908203A
:10E330000FFA8AFAB3F90A30924509B2A8BF924699
:10E3400099423FB2A8BF19469642C8BF32469F4283
:10E35000C8BF3B461F46ADF83820D8F808200BAEA2
:10E36000ADF836100DA93046ADF834A0ADF83A70CE
:10E37000E9F7AEFCA0B1D8F8081007980291DDF8D3
:10E3800028E0421EBEF802100238032802F0030CF7
:10E39000C8F80860089209D20026012229E000BFCF
:10E3A0000A9808F02DFC0FB0BDE8F08F22F00302B0
:10E3B000002600230EEB8307B7F9065009B2B7F920
:10E3C0000A40B7F90E008D42B7F91270BCBF5E1C4F
:10E3D00029468C42BCBF9E1C21468842BCBFDE1C25
:10E3E000014604338F42BCBF1E4639469A42E1D1F2
:10E3F0005A1CBCF1000F24D00EEB8200B0F9027061
:10E4000009B28F42B8BF1646BCF1010F19D0501C9B
:10E410000EEB8003B3F902308F42B8BF39468B420E
:10E42000B8BF0646BCF1020F0BD0901C0EEB800269
:10E4300009B2B2F902208B42B8BF19468A42B8BF6E
:10E440000646079F2C20784308F084FA0A9C8046F1
:10E4500030B200210128B8BF394604EB8003DDF853
:10E4600020E003EB8101002231F8045C34F82060E5
:10E470008645C8BF421CA5EB060C34F8225004EBBD
:10E48000820231F8021C5B885288AE1BC91AD21A6C
:10E4900011FB06F112FB0CF28C4682464FF000098C
:10E4A0000992CDF81880049106E000BF09F1010936
:10E4B000DA46B945304667D209998C450CDA704581
:10E4C0004FF000065146B8BF461CBAF1000FD8BF46
:10E4D0003944A1F1010B0AE0002801464FF0000B7E
:10E4E000D8BF39444E1EF245B8BF0AF1010B04EB08
:10E4F000860104EB8003B1F90250B3F90220954282
:10E5000002DA06461AE000BF16D009881888814250
:10E5100012D00BB201B240460127CDE90057FAF7FD
:10E52000DFFC06994046F9F795FFDDF810C0DDE9FC
:10E53000077E0A9C08F12C0809F10109B94523D08E
:10E5400004EB8B0004EB8A01B0F90250B1F9022010
:10E550009542AEDBAAD0038808888342A6D01BB2BE
:10E5600001B240460027CDE90057FAF7B9FC0699F9
:10E570004046F9F76FFFDDF810C0DDE9077E0A9C21
:10E5800008F12C0892E700BF059D03990DAA2846C3
:10E59000FBF7F8FB069E3046FBF738FB304608F0E9
:10E5A0002FFB204608F02CFB0298A8600FB0BDE8B6
:10E5B000F08F00002DE9F04FADB08846C98D93462D
:10E5C0000029824600F0198798F83670032FC0F0B2
:10E5D0001487B8F93400B8F83020012908D1002890
:10E5E00006DC2AB9B8F83220002A00F0068700229B
:10E5F000BBF800301B1A03EB0209BBF804300244DD
:10E60000D618BBF80220B8F83230121AD418BBF86A
:10E6100006201844851801EBD13000B26FEA600182
:10E6200009EB0102ADF8AC20012202EB60003218C8
:10E63000ADF8B02021442844DAF80820ADF8AE1037
:10E64000ADF8B20029A82BA9E9F742FB002800F099
:10E65000D486DBF80000DBF804102790289127A867
:10E660004FF0FF314FF0FF320797CDF844A0CDF8BF
:10E6700014B0F5F73BF9BDF89C00BDF8A010BDF84B
:10E68000A220081ABDF89E100130511A013100B2C3
:10E6900009B28842B8BF0146B8F90070B8F92E0037
:10E6A0003A46B7EB610FA8BF4A10A6EB09012C1B35
:10E6B0000D920131621C09B212B29142B8BF0A46F2
:10E6C000B7EB620FA8BF5710384413904043400087
:10E6D00008F040F9B8F82E50834605EBD5304FF0DE
:10E6E000FF3200B20692013A07EB60012A4311445F
:10E6F000012202EB6002ADF88620F2434A4404EBAB
:10E70000600007FA85F3ADF8881011440230ADF8C7
:10E7100084101C46ADF88A0016A821A93A460023A9
:10E72000CDF830800FFA85FAFAF7BAFF2046012DAE
:10E730000A9518BF4FEA6A0508F00CF98146012CCA
:10E740000B950FFA85F825460E94C0F2A780680055
:10E750001590A9F101000F9007EB0A00411E023845
:10E76000109001F0030021F0030C4FF0000A5F4607
:10E770001290CDF850B00EE01599384608F000FF21
:10E780005D46DDF850B0A44615980AF1010AAA4585
:10E79000074400F0838048462946644608F032FF6B
:10E7A000169E0FFA8AF22BB248460021AB4616ADF0
:10E7B0000095B0470028DFD099F80000BBF1010FA9
:10E7C0004FEA801090FBF8F05D46DDF850B0A446AB
:10E7D0003880D9D01099032904D20121129A92BB12
:10E7E000D2E700BF0021042209EB01035C7819F88D
:10E7F0000160B4421CBFA00190FBF8F007EB41049C
:10E8000060805D789E780431AE421CBFB00190FB01
:10E81000F8F0B8529D78DE78AE421CBFB00190FB94
:10E82000F8F0BE187080DE781B790832B3421CBF46
:10E83000980190FBF8F08C452081D5D10E9D0131D7
:10E84000129A002AA0D00F9B19F801205B5C9A4213
:10E850001CBF900190FBF8F0129A27F81100012AD2
:10E8600092D04A1C19F8023019F80160B3421CBF5B
:10E87000980190FBF8F0129B27F81200022B3FF44E
:10E8800083AF0F9B023119F801205B5C9A421CBFD9
:10E89000900190FBF8F027F8110075E748462E46E6
:10E8A00008F0AEF916A8FAF74BF80B9DA8B20128AC
:10E8B00012D1DDF844A0DDF84C80002E00F0CC80B1
:10E8C00006FB06F00128014698BF0121042801F04B
:10E8D000010061D200217CE00A980FFA86F900F06D
:10E8E0000104484641465A4616F0D2FF281901B2A3
:10E8F00006FB06F501293DDDDDF844A0DDF84C807E
:10E90000344695B388B24FF47F52B2FBF0F7042D32
:10E9100005F0030C80F0208200230E9CBCF1000F58
:10E9200023D03BF813203AB1FF2A384602D0900199
:10E93000B0FBF1F02BF81300BCF1010F15D00BEB7D
:10E940004302538833B1FF2B384602D09801B0FB05
:10E95000F1F05080BCF1020F07D093882BB1FF2B50
:10E9600002D09801B0FBF1F7978048465A4616F05E
:10E970008FFF04E0DDF844A0DDF84C803446002C25
:10E980006AD0012D294698BF0121042D01F0030012
:10E9900038D200214DE000BF21F00302ABF10203A9
:10E9A000002100BF5F880BEB0105BF090BF8017068
:10E9B0000BEB41077E880431B6096E70BF888A422E
:10E9C0004FEA9717AF7033F8087F4FEA9717EF7049
:10E9D000E8D1002840D03BF8112001284FEA9212DC
:10E9E0000BF8012038D04A1C3BF8123002284FEABD
:10E9F00093130BF802302FD0881C3BF810108909B4
:10EA000028E000BF21F00302ABF10203002100BFA8
:10EA10009F780BEB01050BF801700BEB4107BE78FB
:10EA200004316E703F798A42AF7013F8087FEF703F
:10EA3000EED188B11BF8112001280BF801200BD072
:10EA40004A1C1BF8123002280BF8023004D0881C34
:10EA50003BF810100BF800102BA8F9F793FF40B902
:10EA60000C98C078FF2804D10C988078002800F01A
:10EA7000A9810D9D21AC2AB227A920460123FAF7CE
:10EA80000FFE2046002100221592F9F7E3FC0690C4
:10EA9000BDF8AC00BDF8B010081A013000B207F0A4
:10EAA00059FF044616A81C2108F06AFD0C9ABDF80F
:10EAB000B030908DBDF8B260ADF8600092F83600CD
:10EAC00092788DF87000BDF8AC008DF871201A1A9C
:10EAD000013297B202EBD732BDF8AE7012B200EB42
:10EAE0006200F21B013296B202EBD632ADF88030F2
:10EAF000A3EB080312B20133A8F101061FA907EB2B
:10EB000062021BB2ADF87E70374400B216911B91C1
:10EB1000129419940A963FB283420890D8BF0346D4
:10EB200010B2ADF87C3087420B90A8BF0746DAF8E8
:10EB300008201DA8ADF88270E9F7CAF8002828B2AD
:10EB40000D9034D00D9A1DA827A9E9F7F1F870BBF4
:10EB5000BDF87800BDF974401599BDF97620BDF96E
:10EB6000AE90BDF9B050A0EB040731B116460D9A36
:10EB70001DA827A9E9F748F93246B8B247F6FE7151
:10EB8000884214D8BDF87400BDF87810ADF87C0048
:10EB9000BDF97660BDF97A00ADF880101299864211
:10EBA0004FF0020019918DF8680040F30F81BDF815
:10EBB000B000BDF8B210ADF88000A0EB0800013045
:10EBC000A1EB0802ADF88210089900B28842D8BFC4
:10EBD00008460B990132ADF87C0010B20131814238
:10EBE0000991C8BF0846DAF80820ADF87E001DA8D4
:10EBF0001FA9E9F76DF8A0B30D9A1DA827A9E9F799
:10EC000097F870BBBDF87800BDF974401599BDF94F
:10EC10007A20BDF98290BDF9B050A0EB040731B164
:10EC200016460D9A1DA827A9E9F7EEF83246B8B2A4
:10EC300047F6FE71884214D8BDF87400BDF878100C
:10EC4000ADF87C00BDF97600BDF97A60ADF88010B2
:10EC5000129986424FF0020019918DF8680080F2F7
:10EC6000E980BDF8AC00BDF8B0104044ADF87C00C0
:10EC7000A1EB0800BDF8AE10ADF880000A98ADF821
:10EC80007E1008440B9900B28842A8BF0846DAF803
:10EC90000820ADF882001DA81FA9E9F719F800287F
:10ECA00000F021810D9A1DA827A9E9F741F8002855
:10ECB00040F01981BDF87400BDF87810159ABDF9BF
:10ECC0007650BDF97E70A1EB000422B10D9A1DA80B
:10ECD00027A9E9F799F8A0B247F6FE71884200F239
:10ECE000028115980028129818BF0020BDF87410F2
:10ECF0001990BDF97660BDF97A00ADF87C10BDF8C9
:10ED000078108642ADF8801000F3ED80E81B00FB20
:10ED100008B71598002800F0C18016AC0EE000BFBF
:10ED20008DF8700050462146FBF7B2FE701CBDF90D
:10ED30007A1006B28E42474400F3D580ADF87E606B
:10ED4000ADF8826007993878FD29E9D80C9991F8D7
:10ED500036104843000AE3E725F003060BF10402EE
:10ED6000002306E0508004339E4202F108023FF483
:10ED7000D4AD32F8044C3CB1FF2C384602D0A0018F
:10ED8000B0FBF1F022F8040C32F8024C3CB1FF2C3D
:10ED9000384602D0A001B0FBF1F022F8020C148832
:10EDA00034B1FF2C384602D0A001B0FBF1F0108046
:10EDB0005488002CD7D0FF2C3846D3D0A001B0FB0C
:10EDC000F1F0CFE701200D9D159061E6A2EB09005F
:10EDD00000FB08B0E94340447A1C0844129D0FFA36
:10EDE00082F9071916AC0CE0199750462146FBF73B
:10EDF0004FFE701CBDF97A1006B28E4247443FF7B1
:10EE0000D6AE1598ADF87E600028ADF88260EBD1E3
:10EE100028463946424607F0B9FFBDF9741032B2B0
:10EE200028464B46F9F75AFD012808BF02208DF805
:10EE30006800DAE7A9EB020000FB08B0E9434044B0
:10EE40007A1C0844129D0FFA82F9071916AC0CE0DF
:10EE5000199750462146FBF71BFE701EBDF9761030
:10EE600006B28E424744FFF6FCAE1598ADF87E60C0
:10EE70000028ADF88260EBD128463946424607F0BB
:10EE800085FFBDF9741032B228464B46F9F726FDCE
:10EE9000012808BF02208DF86800DAE7601C129D87
:10EEA00004B20DF15809ADF87E60ADF88260397892
:10EEB0002846224608F0AAFABDF9741032B2284654
:10EEC0002346F9F70BFD012808BF02208DF86800E2
:10EED00050464946FBF7DCFD701CBDF97A1006B2BE
:10EEE0008E424744DFDD0C98BDF8AC1090F8360038
:10EEF0008DF8700001EB0800BDF8B010ADF87C0093
:10EF0000A1EB0800BDF8B210ADF88000A1EB08003D
:10EF10000130ADF88210099900B28142C8BF08469D
:10EF2000DAF80820ADF87E001DA81FA9E8F7D0FE8A
:10EF3000002800F084800D9A1DA827A9E8F7F8FEA4
:10EF400000287CD1BDF87420BDF8781047F6FE7714
:10EF5000881A83B2BB4272D8BDF98230BDF97A708B
:10EF6000DB1B03FB08B6159BD3B30D9A1DA827A97D
:10EF7000E8F74AFFBDF97620BDF97A40BDF8740084
:10EF8000BDF87810002394421993ADF87C00ADF8D9
:10EF9000801054DB0DF1740927AD16AF0DE000BFF2
:10EFA0008DF8700050463946FBF772FD601EBDF9C2
:10EFB000761004B28C42464441DB0D9A48462946FD
:10EFC000ADF87E40ADF88240E8F71EFF0799307833
:10EFD000FD29E5D80C9991F836104843000ADFE77F
:10EFE000129BADF87C201993BDF97630ADF88010F6
:10EFF0009F4224DB0130129D04B20DF15809ADF897
:10F000007E70ADF8827031782846224608F0FEF90D
:10F01000BDF974103AB228462346F9F75FFC01287F
:10F0200008BF02208DF8680050464946FBF730FDC6
:10F03000781EBDF9761007B28F424644DFDA0C988D
:10F04000BDF8B01090F83600ADF880108DF8700063
:10F05000A1EB0800BDF8AE10099B4144BDF8B220F9
:10F0600009B28B42B8BF1946A2EB0802ADF87E1078
:10F070000B9912B201308A42D8BF0A46089900B2F1
:10F08000ADF882208842D8BF0846DAF80820ADF8EB
:10F090007C001DA81FA9E8F71BFEB8B30D9A1DA898
:10F0A00027A9E8F745FE88BBBDF87800BDF97410C4
:10F0B0000A9A441ABDF9B00002FB08B2C0434244A8
:10F0C000104400EB010915980028129805D00D9AFC
:10F0D0001DA827A9E8F798FE4846A1B247F6FE7298
:10F0E0009142199012D8BDF87400BDF97660ADF860
:10F0F0007C00BDF87800BDF97A10ADF880008E4232
:10F100004FF002008DF8680040F39482B8F1020FCE
:10F1100080F22482BDF8AC000A99ADF87C00084466
:10F12000BDF8AE10099B4144BDF8B22009B28B4234
:10F13000B8BF1946A2EB0802ADF87E100B9912B2C7
:10F140008A42D8BF0A46089900B2A1F10109ADF878
:10F1500082208145B8BF4846DAF80820ADF8800023
:10F160001DA81FA9E8F7B4FDA8B30D9A1DA827A9EB
:10F17000E8F7DEFD78BBBDF87800BDF974100A9A97
:10F18000441ABDF97C0002FB08B2081A02EB000821
:10F1900015980028129805D00D9A1DA827A9E8F700
:10F1A00033FE4046A1B247F6FE729142199012D842
:10F1B000BDF87400BDF97660ADF87C00BDF878004C
:10F1C000BDF97A10ADF880008E424FF002008DF844
:10F1D000680040F35982BDF8AC000A9AADF87C0093
:10F1E000BDF8AE10104400B2ADF87E108145B8BF36
:10F1F00048461144ADF880000B9809B28142B8BF6F
:10F200000846DAF80820ADF882001DA81FA9E8F723
:10F210005FFDA8B30D9A1DA827A9E8F789FD78BB63
:10F22000BDF87800BDF974401599BDF97670BDF947
:10F230007C30BDF97E50A0EB040831B10D9A1DA8B9
:10F2400027A91E46E8F7E0FD33461FFA88F047F687
:10F25000FE7188421298199012D8BDF87400BDF959
:10F260007660ADF87C00BDF87800BDF97A10ADF895
:10F2700080008E424FF002008DF8680040F32E822D
:10F28000BDF8AC000A9AADF87C00BDF8B21010448D
:10F29000139AADF882108A1A013211B2099A00B29B
:10F2A0008A42C8BF1146ADF87E108145B8BF4846B6
:10F2B000DAF80820ADF880001DA81FA9E8F708FDBE
:10F2C00090B30D9A1DA827A9E8F732FD60BBBDF8E1
:10F2D0007800BDF974401599BDF97A90BDF97C802C
:10F2E000BDF98250A0EB040721B10D9A1DA827A9F2
:10F2F000E8F78AFDB8B247F6FE7188421298199075
:10F3000012D8BDF87400BDF97610ADF87C00BDF8D8
:10F310007800BDF97A60ADF880008E424FF00200AF
:10F320008DF8680080F21082BDF8AC00139ABDF829
:10F33000B0101044ADF87C00881ABDF8AE10ADF8DE
:10F3400080008818BDF8B210ADF87E00881AADF8BC
:10F3500082001298DAF8082019901DA81FA9E8F772
:10F36000B7FCC0B30D9A1DA827A9E8F7E1FC90BB34
:10F37000BDF87420BDF8781047F6FE77881A83B27E
:10F38000BB4228D8BDF97660BDF97A30ADF87C2053
:10F390009E42ADF880101EDC0130129F04B216AD03
:10F3A00038462146ADF87E60ADF8826008F02AF953
:10F3B000BDF9741032B238462346F9F78FFA8DF84A
:10F3C000680050462946FBF763FB701CBDF97A10B4
:10F3D00006B28E42E4DD159828B921A8F9F7B0FAF3
:10F3E0000698FAF7BBFC584607F00AFC129807F09B
:10F3F00007FCDDF83080DDF814B0504641465A462F
:10F40000ECF7C6FC504641465A46ECF72FFF98F8F9
:10F410002200032855D3B8F82010002951D098F8BD
:10F42000232012F03E0F4CD012F0010349D1BBF85B
:10F430000060BBF80450BBF802E0AB1BBBF806C091
:10F4400001331FB2ACEB0E0301331CB2B8F900302C
:10F45000A742B8BF3C46B3EB640FA8BF63101707C1
:10F4600001EB03040F46C4F1000458BF27463E4495
:10F47000ADF85860D6060E4658BF2646AD1BADF80F
:10F480005C5055070D4658BF254605EB0E07920701
:10F49000ADF85A7048BF0C46ACEB0402591AADF8EF
:10F4A0005E2009B2B8F81E2098F8027021EAE171D6
:10F4B000CDE90012029016AA504659460397EDF77F
:10F4C00001F898F82A00032844D3B8F82610002938
:10F4D00040D0B8F82860BBF80020BBF80230BBF879
:10F4E0000470BBF80650013E921B9B1B37442E4410
:10F4F000551AADF884507D18ADF85820ADF85A3043
:10F50000ADF888505D1ABA1AF31A01320133ADF81A
:10F510005C7012B21BB2B8F90070ADF88650751865
:10F520009A42ADF85E60ADF88A50B8BF1346B7EBAB
:10F53000630FA8BF5F10B8F8242098F80260394420
:10F54000CDE9007202900BB221A916AA504603968B
:10F55000ECF7B8FF2DB0BDE8F08F00BF4FF0FF30E3
:10F5600000EB58024FF6FC70C3F6FF70C8F341037E
:10F5700000EA58004FF000094746DE4600260E908C
:10F58000CDE90F3207E000BF013630B24744804575
:10F59000C1447FF7BFAD7546C644032A74462FD3D6
:10F5A0000E9D4B463C4600BF0BEB040818F801AC1F
:10F5B0001BF803C00BEB03010BF803A008F801CC08
:10F5C00018F8020C4A78487008F8022C18F8030C56
:10F5D0008A78887008F8032C18F8040CCA78043C60
:10F5E000043D03F10403C87008F8042CDCD10BEBD4
:10F5F0000305DDF844A0DDF84C80DDE90F325C4402
:10F60000002BC1D014F8010C2978012B287004F8C4
:10F61000011CB9D014F8020C6978022B687004F848
:10F62000021CB1D014F8030CA978A87004F8031CCC
:10F63000AAE700BF601C129D04B216AF0BE000BF2A
:10F6400050463946FBF724FA701CBDF97A1006B211
:10F650008E423FF75BAD1598ADF87E600028ADF89F
:10F660008260EDD128464946224607F08FFBBDF95E
:10F67000741032B228462346F9F730F9012808BF42
:10F6800002208DF86800DBE7601C129D04B216AF03
:10F690000BE000BF50463946FBF7FAF9701CBDF984
:10F6A0007A1006B28E423FF796AD1598ADF87E609F
:10F6B0000028ADF88260EDD128464146224607F089
:10F6C00065FBBDF9741032B228462346F9F706F9F6
:10F6D000012808BF02208DF86800DBE7139A781B29
:10F6E00000FB02B008F10101E21ADDF8488009B21E
:10F6F000871816AC11910DE0139D199750462146BD
:10F70000FBF7C6F9701CBDF97A1006B28E422F4481
:10F710003FF7B6AD1598ADF87E600028ADF8826071
:10F72000EAD1139D404639462A4607F02FFBBDF922
:10F730007410119B32B24046F9F7D0F8012808BF87
:10F7400002208DF86800D9E7139AA5EB090000FBA9
:10F7500002B0791CA4EB0802129C0FFA81F88718FA
:10F760000DF158090EE000BF139D19975046494608
:10F77000FBF78EF9701EBDF9761006B28E422F444B
:10F78000FFF6D2AD1598ADF87E600028ADF8826026
:10F79000EAD1139D204639462A4607F0F7FABDF90B
:10F7A000741032B220464346F9F798F8012808BF92
:10F7B00002208DF86800D9E72DE9F04FA7B0329804
:10F7C0000E46B0F90050B0F802A0D0F8048049F617
:10F7D0009910CFF6FF706843811401EBD07738465B
:10F7E00022931F9212F02CFB0446781C12F028FB87
:10F7F000814607F15A0012F023FB834607F15B00B4
:10F8000012F01EFB7188F28847F6FE73511A8AB215
:10F810009A4201F2A580AAB210924FF48032B64605
:10F82000B2FBFAF607EB87025242C5EB4202C2F185
:10F830000A0303FB04F703FB0BF346F2676C02FBBE
:10F84000003002FB0977C6F2666C50FB0CF057FBE8
:10F850000CF78310BD1003EBD07005EBD772441189
:10F860004FEA084057110FFA88F200120A920990E5
:10F87000BEF80400BEF800200131821A89B2501C83
:10F880000C914FF6FC7101404FEA284C0FFA80F8BA
:10F890001C9181B200F0030002904FEA0C20079007
:10F8A00007FB06F0019004FB06F00090A8F10100B0
:10F8B00003902298DDF8C0A00692319A01381F9B70
:10F8C0002091DDE934191590AAF101000AFB02F23A
:10F8D00005904FEA4800354603EB42020B90881D25
:10F8E00000231492CDF820C0CDF8608021911790AC
:10F8F000CDF844E00F96CDE90D4717E0002109F857
:10F90000001000BF21980B99169B0844219018986D
:10F91000013381440C98DDF844E0834217980F9D31
:10F92000DDE90D470844179001F01A80BEF9020086
:10F93000109ABEF900101844CDF88C901693BAB303
:10F940000A9EB5F5807FA1EB06030899A0EB0100A4
:10F9500003FB04F100FB171100FB07F838D17B43D0
:10F9600000FB0433DDF81CB000FB04FC0BEBA30030
:10F97000BEF90430099A9B1B03FB04F603FB07C383
:10F98000A6EB080602EBA10902EBA6020BEBA30310
:10F99000189902293FDBA2EB09020399120292FB9C
:10F9A000F1F21B1A25921A0292FBF1FC37E000BF1C
:10F9B000B5F5807F40F0BE80BEF9042000024FEA1A
:10F9C00001291202034618990229E4DA23E000BF54
:10F9D000DDF804A001FB05F9009903FB0AF300FB25
:10F9E0000133DDF81CB000FB01FC0BEBA320BEF9DA
:10F9F000043009999B1B03FB04F6A6EB080203FBEA
:10FA00000AC36A4301EBA92901EBA2220BEBA32352
:10FA100018990229BFDA002125914FF0000C09F155
:10FA20008001269132998030097D2490C80733984F
:10FA30004FF0000BA0F10400CDF878C05ED1DDE9F5
:10FA4000227910283FF65EAFDFE810F01400D200F4
:10FA50001400120012001200120012001200120014
:10FA60001200120012001200120012008A0000BFE1
:10FA700048E700BF069884B2E9F7DCFF00681899F0
:10FA8000B0F83880484607F0BDFD1E9E47F6FE7070
:10FA900084423FF637AF3398062840F09B82209887
:10FAA000042880F04984002002991E9D00293FF41B
:10FAB00029AF2599269A414302EB212109120029F9
:10FAC00000F1B885B94280F2B585249B00FB05F2B0
:10FAD00003EB22221212002A00F1AC85309B9A42DD
:10FAE00080F2A885319B5A431F9B03EB420232F8F8
:10FAF0001110219A22F8101000F0A1BDDDE9227941
:10FB000010283FF6FFAE0021129102211D91002224
:10FB10001392DFE800F0B10B61090909090909092D
:10FB2000090909090909AB00ECE600BF012013909F
:10FB300003209EE00A9B099EC91A089A01FB0569E9
:10FB40000799801ABEF9042000FB0510D21A02FBA7
:10FB50000562034618990229BFF61DAF5BE700BF97
:10FB6000069847F6FE7180B288423FF6CBAE2098E9
:10FB7000042880F06182002002991E9D00293FF434
:10FB8000C1AE2599269A414302EB21210A12002A8F
:10FB900000F1B485BA424FF0000115DA249E00FB53
:10FBA00005F306EB23231B12002B0DD4309EB3422A
:10FBB0000ADA319903FB01211F9A219B32F81120A7
:10FBC00023F81020149A515C029A09F80010012AB7
:10FBD0003FF498AE00F099BDE9F72CFF0068DDF81E
:10FBE00078C0008F12900120139002201D9043E0F6
:10FBF000069847F6FE7180B288423FF683AE2098A1
:10FC0000042880F0D782002002991E9D00293FF42D
:10FC100079AE2599269A414302EB21210A12002A46
:10FC200000F19C85BA424FF0000116DA249E00FBD9
:10FC300005F306EB23231B12002B0ED4309EB34298
:10FC40000BDA319903FB01211F9B01EB41015A5A49
:10FC50001944219B23F810208978029A09F8001092
:10FC6000012A3FF44FAE00F080BD00BF0120139089
:10FC700002201D9000201290069847F6FE7180B277
:10FC800088423FF63FAE31981D99002348430490C7
:10FC9000002000220CE000BFDDF88C9009F802B0D3
:10FCA0002599013208442099634491423FF42AAED9
:10FCB000269901EB20214FEA212ABAF1000FEBD45B
:10FCC000BA45E9DA249E06EB23242612002EE3D45B
:10FCD000309DAE42E0DA5FFA81FB1A945FFA84F954
:10FCE0006FF0FF0404EB4B05BBF1800F4FF0FE07F4
:10FCF00038BFA7EB4B051B954FF0010504EB4904FA
:10FD0000DDF8C48038BF4FF0FF35B9F1800F38BF40
:10FD1000A7EB49044FF0010E199406FB08A438BF65
:10FD20004FF0FF3E1F9FDDF874C006FB08F804FB90
:10FD30000C7C15EB0A0433D4229FBC4230DA1EEB54
:10FD400006042DD4309FBC422ADA049F1D9907FB7C
:10FD50000ECE139F05FB01C1002F00F08980339F59
:10FD6000DDF88C90142FCDF868C000F0F180DDF83C
:10FD70008880DDF878C0062F00F0D480052F4FF082
:10FD8000000B40F0E1801A9F0EF10205023701F1ED
:10FD9000020C2D783F78BD4240F0EE80F5E000BFC8
:10FDA000339CBCF80050219F142C27F8125013D01C
:10FDB000062C09D0052CDDF888800CBF9CF802E0E9
:10FDC0004FF0FF0E0FE000BF129FB5EB070E18BFFC
:10FDD0004FF0FF3E05E000BF149F07EB080515F844
:10FDE0000AE0DDF88880BBF1800F4FF000054FF08E
:10FDF000000438BF0125B1F5807F38BF0124159973
:10FE0000BAEB010118BF01212C421DD129431BD09F
:10FE10000021B9F1800F38BF01211A9F0025B7F5E5
:10FE2000807F38BF0125059FF71B18BF01270D42B2
:10FE30000CD139430AD0DDF88C904FF0000B4746C7
:10FE400009F802B010E000BF1B9F00E0199F5FFAA5
:10FE50008EF1C7F1FF077943DDF88C90090A09F8A4
:10FE6000021047464FF0000BDDF878C018E700BFDE
:10FE7000DDF88C90FF27BCF800500988BEF80040E0
:10FE800009F80270229FDDF878C04FF0000BA54200
:10FE900008BF8D4200F09980BC46199F05EB0546CE
:10FEA00004EB04451B9C4FF61F0E07F0FC07C0F245
:10FEB000E07E04F0FC0401EB0141043706EA0E0683
:10FEC00005EA0E05043401EA0E01FF08AD1BE40843
:10FED000891B6F43614306EB57174FF4FC6806EB31
:10FEE00051114FF61F0408EA174508EA1146214050
:10FEF000274031442F4407EB074701EB014107EA54
:10FF00000E0701EA0E01C91B07EB510101EA0E01C0
:10FF1000219E6746DDF878C041EA114126F81210AB
:10FF2000BEE600BF1A9C129D27884FF0000BAF421F
:10FF300006D0BEF80070AF4202D00F88AF4203D1A6
:10FF400009F802B04746ABE6FF25FF262CE000BFCC
:10FF5000DDF850C0319E0CEB080704FB06C6574481
:10FF6000DDF8888007EB050C06EB0A054FF0000B67
:10FF70002D783F78BD4208D0199C04FB05F6C4F5E6
:10FF8000807505FB0766C6F307259CF80060BE4236
:10FF900008D01B9C04FB06FCC4F5807606FB07C753
:10FFA000C7F30726DDF878C077197F0809F80270D3
:10FFB00047463FF475AE1A9C09882588BEF8004074
:10FFC000A54208BF8D427FF467AF219921F81250F6
:10FFD00066E600BF2098042880F07E820020029907
:10FFE0001E9D00293FF48EAC2599269A414302EBD1
:10FFF00021210912002900F15183B94280F24E8378
:020000040802F0
:10000000249B00FB05F203EB22221212002A00F1CE
:100010004583309B9A4280F24183319B5A431F9B18
:1000200003EB420232F81110219A22F810100299C3
:1000300001293FF467AC37E325980CEB4C0100EB4A
:10004000400B4FEA800A1D9141004FEA4C00DDF859
:100050005C804FEA8C031B904FF0000C4FF0000EB9
:1000600000200BE00025E5701C9C0430229FD64444
:100070009C44844208F108083FF47EAD269A02EBC6
:100080002E242512002D17D4BD424FF0000414DA9F
:10009000249A02EB2C263612002E0ED4309A964269
:1000A0000BDA319C06FB04541F9D35F8145028F8D8
:1000B000065C149D2C5D00E00024259A09F80040A0
:1000C00002EB0E05269A02EB25252E12002E1DD4DA
:1000D000BE424FF000051ADA1E9A02EB0C04249A75
:1000E00002EB24242412002C11D4309A94420EDA0C
:1000F000319D04FB05641F9D219E35F8145006EBCD
:1001000040067580149D2D5D01E000BF0025269AF4
:1001100001EB0E0602EB2626361209EB0004002E38
:1001200065701DD4BE424FF000051ADA1B9A02EB2F
:100130000C07249A02EB27273F12002F11D4309A84
:1001400097420EDA319D07FB05651F9E219F36F809
:10015000156007EB4007BE80149E755D01E000BF8F
:100160000025269A0BEB0E0602EB26263612002EF1
:10017000A5703FF577AF229DAE424FF00005BFF668
:1001800072AF1D9A02EB0C07249A02EB27273F124D
:10019000002F3FF568AF309A9742BFF664AF319DAC
:1001A00007FB05651F9E36F81560A8F80060149ED1
:1001B000755D58E725980CEB4C0100EB400B4FEABE
:1001C000800A1D9141004FEA4C00DDF85C804FEA47
:1001D0008C031B904FF0000C4FF0000E00200BE042
:1001E0000025E5701C9C0430229FD6449C44844228
:1001F00008F108083FF408AD269A02EB2E242512D8
:10020000002D19D4BD424FF0000416DA249A02EBF7
:100210002C263612002E10D4309A96420DDA319CDC
:1002200006FB04541F9E04EB4404355B344428F859
:10023000065CA47801E000BF0024259A09F800407C
:1002400002EB0E05269A02EB25252E12002E1DD458
:10025000BE424FF000051ADA1E9A02EB0C04249AF3
:1002600002EB24242412002C11D4309A94420EDA8A
:10027000319D04FB05641F9E04EB44043519345B77
:10028000219E06EB40067480AD7800E00025269A9A
:1002900001EB0E0602EB2626361209EB0004002EB7
:1002A00065701DD4BE424FF000051ADA1B9A02EBAE
:1002B0000C07249A02EB27273F12002F11D4309A03
:1002C00097420EDA319D07FB05651F9F05EB45053B
:1002D0007E197D5B219F07EB4007BD80B57800E06C
:1002E0000025269A0BEB0E0602EB26263612002E70
:1002F000A5703FF575AF229DAE424FF00005BFF6E9
:1003000070AF1D9A02EB0C07249A02EB27273F12CD
:10031000002F3FF566AF309A9742BFF662AF319D2E
:1003200007FB05651F9F05EB45057E5B3D44A8F86F
:100330000060AD7855E700BF2598DDF85CE08100EE
:100340001D9106EB460100EB400A1B914100700035
:10035000B3001A904FF0000C0022002016E000BFFE
:1003600009EB000484F803B0BEF80040444504BF24
:1003700009EB000484F803B01D9C043022441C9C4B
:100380009C4484420EF1080E3FF48EAB269C04EB95
:1003900022242412002C15D4BC4213DA249D05EB30
:1003A0002C252D12002D0DD4309EB5420ADA319E37
:1003B00075431F9E06EB450535F814402EF8064C94
:1003C00004E000BF09F800B03EF8064C444508BF01
:1003D00009F800B0259C269D144405EB2424241222
:1003E000002C19D4BC4217DA1E9D249E654406EBEE
:1003F00025252D12002D0FD4309EB5420CDA319EEA
:1004000075431F9E06EB450535F81440219D05EB0D
:1004100040056C8008E000BF09EB000484F801B0DF
:10042000219C04EB40046488444504BF09EB0004AC
:1004300084F801B0269D8C1805EB24242412002C8E
:1004400018D4BC4216DA1A9D249E654406EB252575
:100450002D12002D0ED4309EB5420BDA319E75431D
:100460001F9E06EB450535F81440219D05EB400520
:10047000AC8007E009EB000484F802B0219C04EB97
:100480004004A488444504BF09EB000484F802B08A
:10049000269D0AEB020405EB24242412002C3FF5D0
:1004A0005FAFBC42BFF65CAF1B9D249E654406EB6C
:1004B00025252D12002D3FF553AF309EB542BFF6D6
:1004C0004FAF319E75431F9E06EB450535F814402E
:1004D000AEF800404AE700BF259806EB460100EB66
:1004E000400A82001D9141007000DDF85C80B3007D
:1004F0001B904FF0000C4FF0000E00200DE000BFED
:1005000009EB000484F803B01C9C043096449C441E
:10051000844208F108083FF462AD269C04EB2E24C7
:100520002412002C14D4BC4212DA249D05EB2C2595
:100530002D12002D0CD4309EB54209DA319E754340
:100540001F9E06EB450535F8144028F8064C01E0DF
:1005500009F800B0259C269D744405EB2424241240
:10056000002C19D4BC4217DA1E9D249E654406EB6C
:1005700025252D12002D0FD4309EB5420CDA319E68
:1005800075431F9E06EB450535F81440219D05EB8C
:1005900040056C8004E000BF09EB000484F801B062
:1005A000269D01EB0E0405EB24242412002C19D403
:1005B000BC4217DA1B9D249E654406EB25252D12AF
:1005C000002D0FD4309EB5420CDA319E75431F9E2C
:1005D00006EB450535F81440219D05EB4005AC8040
:1005E00004E000BF09EB000484F802B0269D0AEB8A
:1005F0000E0405EB24242412002C3FF581AFBC42ED
:10060000BFF67EAF1D9D249E654406EB25252D1269
:10061000002D3FF575AF309EB542BFF671AF319EEC
:1006200075431F9E06EB450535F81440A8F80040B9
:100630006AE700BF219909F800B031F81010414570
:1006400008BF09F800B0029901293FF45BA9259A77
:10065000411C269B4A4303EB22221212002A00F17E
:10066000AD80BA4280F2AA80249E01FB05F306EB1E
:1006700023231B12002B00F1A180309EB34280F295
:100680009D80319F7B431F9F07EB430333F812206C
:10069000219B229F23F8112095E000BF09F800B0AC
:1006A000029901293FF42EA9259A411C269B4A4311
:1006B00003EB22221212002A00F1B280BA4280F229
:1006C000AF80249E01FB05F306EB23231B12002BB6
:1006D00000F1A680309EB34280F2A280319F7B431E
:1006E0001F9F07EB430333F81220219B229F23F81F
:1006F0001120029902293FF405A997E00021029AEE
:1007000009F80010012A3FF4FDA8259A411C269BF8
:100710004A4303EB22221312002B00F1AD80BB42AF
:100720004FF0000280F2A980249E01FB05F706EB42
:1007300027273F12002F00F1A080309EB74280F2A1
:100740009C80319A07FB02321F9B219F33F81230A5
:1007500027F81130149B9A5C8FE000BF0021029AA9
:1007600009F80010012A3FF4CDA8259A411C269BC8
:100770004A4303EB22221312002B00F1AF80BB424D
:100780004FF0000280F2AB80249E01FB05F706EBE0
:1007900027273F12002F00F1A280309EB74280F23F
:1007A0009E80319A07FB02321F9F02EB4202BB5A26
:1007B0003A44219F27F81130927890E0219A09F865
:1007C00001B032F81120424508BF09F801B0029982
:1007D00002293FF497A825990230269A414302EB5B
:1007E00021210912002900F1AB80B94280F2A880D2
:1007F000249B00FB05F203EB22221212002A00F1D7
:100800009F80309B9A4280F29B80319B5A431F9B72
:1008100003EB420232F81110219A22F8101094E0F2
:1008200009F801B0029902293FF46CA82599023019
:10083000269A414302EB21210912002900F18C8004
:10084000B94280F28980249B00FB05F203EB22224F
:100850001212002A00F18080309B9A427CDA319B90
:100860005A431F9B03EB420232F81110219A22F8DF
:100870001010FFF747B800BF0022029B229F022BF7
:1008800009F801203FF43EA825990230269A4143F9
:1008900002EB21210A12002A3FF530A8BA424FF09C
:1008A0000001BFF62CA8249E00FB05F306EB2323D2
:1008B0001B12002B3FF523A8309EB342BFF61FA8A2
:1008C000319903FB01211F9A219B32F8112023F853
:1008D0001020149A515CFFF712B800BF0022029B4F
:1008E000229F022B09F801203FF40CA82599023021
:1008F000269A414302EB21210A12002A3EF5FEAF5F
:10090000BA424FF00001BEF6FAAF249E00FB05F399
:1009100006EB23231B12002B3EF5F1AF309EB342B2
:10092000BEF6EDAF319903FB01211F9B01EB4101A5
:100930005A5A1944219B23F810208978FEF7DFBF0B
:10094000219909F800B031F81010414508BF09F8A5
:1009500000B0FEF7D7BF00BF09F800B0FEF7D2BF66
:1009600027B0BDE8F08F000070470000C0B1D0F89C
:100970002CC0BCF1000F08BF70472DE9F04186B0D4
:10098000DDE9108EDDE90E65DDE90C47CDE9026594
:10099000CDE90047CDE9048EE04706B0BDE8F0811F
:1009A000FEE70000416B002908BF704708470000C0
:1009B00010B50121044608F09FFB4FF6FF71606AF5
:1009C0006187012107F040FD204620210022BDE87B
:1009D000104000F063BC000070B50C4691F83C106C
:1009E000002636A0C4E90B0601F0C0000022383012
:1009F000CFF6FF7284F83C0020464FF48061C4E9D2
:100A00000966C4E90D6207F01FFD41F23805C0F622
:100A10000405681C03E000BF0136A686043010F808
:100A2000011C0A290CD0E1B101780A290DD0C1B10D
:100A300041780A290ED0A1B181780A290FD1EBE7BC
:100A40000136A68601780A29F1D10136A6864178B9
:100A50000A29F0D10136A68681780A29DCD000293E
:100A6000DCD194F83C10701CA0860020CA06C4F8A3
:100A7000360005D4206B18B106F01CF994F83C1030
:100A800041F0100084F83C00204625630AF010FD78
:100A9000606A002818BF0AF00BFD204609F0D0F963
:100AA000014640F22860C0F6040008F015FA054639
:100AB00008F0A4FA65626C6270BD00BFEF81B800F7
:100AC00010B5014640F20C60C0F6040008F004FACC
:100AD000044608F093FA204610BD000010B5486A9D
:100AE0000C4618B108F062FB0020606294F83C00EC
:100AF000C00648BF10BD206B06F0DCF80020206364
:100B000010BD000070B540F20C60C0F604000D4648
:100B100009F018F8012840F06280284600F0A2FB96
:100B20000646284600F0B6FB0E2E044614D1204699
:100B300009F022F901F056FC054603F039F903F0FB
:100B400083F9042840F04B80002D29D02046BDE8D1
:100B5000704000F0E1B900BFA6F10F00012821D9D3
:100B6000A6F1080024283AD8DFE800F07D393939A9
:100B70003940393939393939393A393939393939DD
:100B8000393939393939393939393939391414391F
:100B90002E0000BF2046BDE870400BF0F9BD00BF3D
:100BA000208FE0862046012108F0A6FA4FF0FF31A1
:100BB000606A6187012107F047FC2046202100225E
:100BC000BDE8704000F06ABB284600F061FB0546B6
:100BD00020460021572209F00DFF0089688070BD72
:100BE0002846BDE87040ECF765BD00BF284600F020
:100BF0004FFB007800F0FE0112290DD1606A01213F
:100C00000AF016F900287FF4A1AFE08EA28E411CF5
:100C10009142E4D21BE000BF0A381128DFD8DFE898
:100C200000F01D0909090909090B09090B0909093E
:100C300009090927D3E700BF606A01210AF0F8F823
:100C400000287FF483AFE08E0028C8D0411E2046E4
:100C5000E186BDE8704011F0FFBF00BF03F0BCF8B3
:100C6000A04208BF70BD2046BDE87040EAF790BBC7
:100C7000218F2046E186BDE87040FFF799BE000055
:100C8000016B41F21E00C0F60400002918BF08469F
:100C900070470000C08E70472DE9F04782B00846CB
:100CA0000C4600F0DFFA182824D1204600F0F2FAB2
:100CB000204600F0EFFA476A204600F0D9FA0546D0
:100CC000786AA9686E4600F114023046E7F700F82A
:100CD000002800F0ED80D5F80880AE603E4636F87A
:100CE0003A2FB078800673D43846294620234FF037
:100CF000200977E0054640F22860C0F6040021464E
:100D000008F020FF012840F0DA80204600F0C2FA07
:100D1000466A012D72D0092D68D0082D40F0CF8091
:100D2000044603F045F803F083F8002840F0C7803C
:100D3000646A03F03DF8054603F086F804280CD1F8
:100D4000E08E2087204609F017F8064601F04AFB9E
:100D500018B13046002101F01BFC284603F074F85E
:100D6000012805D0284603F06FF8032840F0B5802D
:100D70006946284603F036F8606A002800F0AA8029
:100D8000BDF802600021002508F0FCFE002800F0FC
:100D9000A280C18A5722761A0021054609F02AFE50
:100DA000078928460021592209F024FE81B200EB70
:100DB000D13109B206EB5101384409B200B291FBBE
:100DC000F0F5A08EA9B2814228BF451E83E000BF86
:100DD000BA463AF8360F82424ED138462946212388
:100DE0004FF02109EBF798FE5AE000BF4FF0FF31BA
:100DF000718702B0BDE8F0470AF05ABB044602F022
:100E0000D7FF00285BD0054603F01EF8012804D068
:100E1000284603F019F8032851D16946284602F004
:100E2000E1FF706A00284DD0BDF802700021002556
:100E300008F0A8FE002846D0C18A5722A7EB010877
:100E40000021054609F0D6FD0789284600215922D0
:100E500009F0D0FD81B200EBD13109B208EB5101AC
:100E6000384409B200B291FBF0F5B08EA9B28142CC
:100E700028BF451E27E000BF384629462023EBF750
:100E80004BFE7A8F384629462023EBF79DFEFA8EDB
:100E90003846294601234FF00109EBF73DFE56463F
:100EA0003288384629464B46EBF78EFEC5F8088057
:100EB00040F22860C0F60400214608F043FE02B06C
:100EC000BDE8F0870025204675870AF0F1FA02B0E8
:100ED000BDE8F0870025E58625872046012108F03A
:100EE0000BF94FF0FF31606A6187012107F0ACFA1E
:100EF00020462021002200F0D1F9A06A10B9204636
:100F00000AF0D6FAE08E6A46009020461C2100F0D6
:100F1000C5F902B0BDE8F0872DE9F04182B00121AA
:100F2000044607F0DFFA656A204608F089FF0146AB
:100F300028460CF0A1F8606A4FF0FF310AF088FCF7
:100F4000606A012108F098F820461F2100224FF026
:100F5000000800F0A3F9606A18B1002108F012FE41
:100F60008046216B404605F029F9606A42F2D17152
:100F70000CF076FB40460CF0FBFB606A09F0E6FEE5
:100F80000646204609F0E2FE86420FDC94F83C005B
:100F900000F00F00082801D0042807D1666A204617
:100FA00009F0D4FE014630460CF05AFB404608F0EA
:100FB000E9FE616A064608460021322209F01AFD60
:100FC000616A074608460021102209F013FD616A94
:100FD000054608460021112209F00CFD06EB4701E9
:100FE00094F83C202944084402F00F05042D06B271
:100FF0001AD0082D2ED1B4F91A008519F6F712FA75
:10100000F6F780FA854230463BDDB4F91650F6F724
:1010100009FAF6F777FAB4F91A10401AA84229DA51
:10102000E08A01383BE000BFB4F916503046B542C3
:1010300035DAF6F7F7F9F6F765FAB4F91A10401A47
:10104000A8422BDDF6F7EEF9F6F75CFA618B401A51
:1010500017E000BF606A31460BF0C6FF204611F072
:10106000FBFD012D04D0022D2CD1132223E000BF63
:10107000102220E0F6F7D6F9F6F744FA618BC9435F
:10108000084401B2606AB142B8BF0E4631460BF067
:10109000ABFF204611F0E0FD0D220CE0E08A01B22A
:1010A000606AB142B8BF0E4631460BF09DFF204644
:1010B00011F0D2FD0A22606A002721460023009722
:1010C00007F01AFB606A0CF053FB94F83C0000F048
:1010D0000F00013801281AD8606A09F05DFE616AC4
:1010E0000646084609F078FE0746F6F79BF9F6F73C
:1010F00009FA87420BDB656AF6F794F9F6F702FA0C
:10110000F9433144084401B228460CF0D5FA226B69
:101110004046002107F0C4FE0146032818BF012104
:10112000022808BF014640460022002302B0BDE865
:10113000F04107F0B5BA000070B529B104460020AF
:101140004A1CA08605E000BFFEE700BF0130A08674
:10115000043212F8013C0A2B0CD0E3B113780A2BAD
:101160000DD0C3B153780A2B0ED0A3B193780A2BBC
:101170000FD1EBE70130A08613780A2BF1D10130B3
:10118000A08653780A2BF0D10130A08693780A2BE1
:10119000DCD0002BDCD10130A0860020C4F8360062
:1011A00008460D46DFF712F9216B013051B194F872
:1011B0003C20D20606D40646084605F07BFD3046A4
:1011C0000021216305F078FB206398B12946DFF701
:1011D000D9F894F83C0000F0EF0084F83C00204679
:1011E0000AF066F9606A002808BF70BDBDE870406B
:1011F0000AF05EB9FEE70000C28E8A4208BF70475F
:10120000828E914228BF511E426AC186002A018700
:1012100008BF0AF04DB910B5044611F01DFD204677
:10122000BDE810400AF044B910B50C4608464FF42A
:10123000806107F021FF2046042107F01DFF2046B2
:101240004FF4003107F000F92046012107F0FCF8C7
:101250002046BDE8104003F009BD0000486A0021A7
:1012600041627047007A00F07F0070474068704725
:10127000017A1439052994BF0069002070470000E5
:10128000017A01390F2994BF0069002070470000DE
:101290000069704700687047C06870472DE9F043E7
:1012A00087B0002800F0DC8040F2E869C2F2000953
:1012B0008DF80810D9F8001042F2FF78CDE900004F
:1012C00000206C46C0F60F38CDE903028DF81800F7
:1012D0000591C9F8004002E001984168019102F0CF
:1012E00067FD68B10068826812B19DF808109047E8
:1012F0009DF81800810700F1B180C00740F0B6806A
:101300000198816800291CBF8A7E5FEA826241D110
:1013100001460968C9B10A6962B90968A9B10A69CF
:1013200042B9096889B10A6922B9096869B10A69CB
:10133000002AEED0002508462146039590479DF8E7
:101340001800C00740F093800198816800291CBFF5
:101350008A7E5FEA826251D1416800297ED09DF881
:10136000182052077AD49DF80820233A022AB5D3D0
:101370004FF4804109F05CFD00286FD09DF8080013
:101380001138C0B21C28A7D228FA00F0C007A3D099
:1013900064E000BFC9680029BAD000250C2700BF4F
:1013A0000A68CAB191F90830B3F1FF3F14DCDBB22F
:1013B000802B05D09DF8086003F07F03B3420BD16A
:1013C00048680390204690479DF81800810745D44F
:1013D000C0074BD1019800BF816800293FF498AF46
:1013E0008A7E013502F03F029542BFF491AFCA6890
:1013F000D1190C37002AD3D18AE700BFC968002968
:10140000AAD000250C2700BF0A68AAB191F90830BC
:10141000002B11D4DBB21BB19DF80860B3420BD195
:1014200048680390204690479DF81800810715D41E
:10143000C0071BD1019800BF816800293FF48CAF21
:101440008A7E013502F03F029542BFF485AFCA683B
:10145000D1190C37002AD7D17EE700BF012506E05D
:101460000125284607B0BDE8F08300BF0025059898
:10147000C9F80000284607B0BDE8F083027A132AB5
:1014800018BF70470069B0F900208A42C8BF1146F2
:101490000180704780B500F005F8BDE8804000F09D
:1014A000FBBD000010B54FF6F130C0F60000002182
:1014B00004F0A4FE40F2F424C2F2000420800020D4
:1014C0000EF08EF8608004200EF08AF8A0800420D0
:1014D0000EF086F8E08004200EF082F820810420CF
:1014E0000EF07EF8608110BD10B50469092908BFAF
:1014F0002021EFF79DF8014600284FF000000BD0A7
:10150000628AB0EB923F18BF10BDD4E9000252F8D6
:1015100031106FF31F51084410BD000010B1426834
:10152000104700BFFEE700002DE9F04740B10C4630
:1015300041B19A469046002781460546276008E05B
:10154000FEE700BFFEE700BF002F08BF2F466D6912
:1015500075B12E682846214642465346B0470028BA
:10156000F5D0A07BC006EFD401202560BDE8F08750
:1015700057B13E683846214642465346B04701209F
:101580002760BDE8F08700BFB8F1200F07D34FF602
:10159000FF00804503D042F20C00804510D10020AE
:1015A0006060B9F808102181A17B002001F0E00102
:1015B00011312060C4F80A00A173BDE8F08700BFB4
:1015C000B9F8081001EBD13000B24210E2800222DB
:1015D00002EB6000A080E6E72DE9F04383B00C4603
:1015E0001146D0F810801F4615460646092A08BF46
:1015F0002021EFF71DF8002800F09780D8F80C1094
:1016000041B3814630463946EFF712F820B3014620
:101610003069428AC7689004484621D4BA680023DA
:10162000B3EB927F2CD13E6800EB012042F2E97CC3
:10163000ADF80A00C0F6010C0DF10A003146022394
:10164000CDF800C0E8F7DEFDC0B3801B796840101C
:1016500030E000BF002137E00021484634E000BF01
:101660007A68135C002273B3BE68715C59B33A6840
:101670007F7B013B13FB0722114411F8012C22E070
:1016800002F04043B3F1804F1CD13E6800EB0140B3
:1016900042F2D57C019022F04042C0F6010C01A834
:1016A00031460423CDF800C0E8F7ACFD30B1801B13
:1016B000796880100A5C484605E000BF0022484671
:1016C00001E000BF002251B2D8F80430B5F10902A0
:1016D00003EBC00753F83030B2FA82F2B8F810606A
:1016E0004FEA52124FEA135306FB01F103FA02F2DA
:1016F00002EB111101F108017A794FEA1111A18071
:101700003979228197F9062097F90730E1806281C3
:10171000A381B8F81220A37BC2F3432203F0E003B5
:101720001A44A27304BF4900E180002818BF0120B9
:1017300003B0BDE8F08300002DE9F04784B038B174
:1017400015468A460026E84681460746009603E08D
:10175000FEE700BF7F697FB13C683846414652468C
:101760002B46A0470028F5D09DF80E00C0060AD5EC
:10177000002E08BF3E46EDE756B137686946304651
:1017800052462B46B847BDF8040004B0BDE8F087C8
:10179000BAF1200F08D20020ADF80400BDF8040013
:1017A00004B0BDE8F08700BF42F20C0082454FF064
:1017B0000000F1D04FF6FF018A45EDD0B9F80800DE
:1017C000022100EBD03000B201EB6000ADF8040064
:1017D000BDF8040004B0BDE8F0870000B0B50446D1
:1017E0004068B8B1C268BAB1216890476168498859
:1017F00059B1A16849B10546C86810B105F05AFA57
:10180000A168084605F056FA28460021C4E90011EF
:10181000A160B0BD0B20B0BD0920B0BDB0B505467C
:10182000DEF7D4FD80B3014641F21E006A1EC0F609
:10183000040053185C782E2C35D02F2C22D05C2C31
:1018400018BF01291ED0545C2E2C23D02F2C19D068
:101850005C2C18BF022915D013F8014C2E2C1DD07A
:101860002F2C0FD05C2C18BF03290BD013F8023C8F
:101870002E2B17D02F2B08BFB0BD5C2B18BFB1F19A
:101880000401D6D1B0BD00BF41F21E00C0F6040075
:10189000B0BD00BF013968180130B0BD0239681809
:1018A0000130B0BD033968180130B0BD2DE9F043F7
:1018B00081B0E9B1804640F2F4300C78C2F2000009
:1018C00091460F46E7F780FD70B140F2F4360146CD
:1018D000C2F200060D682878A0420DD03046E7F726
:1018E0009BFD01460028F5D1032001B0BDE8F0833F
:1018F0000B2001B0BDE8F083696811B12846884724
:1019000090B1AB68A3B1394611F8010F4A463A28A5
:10191000284608BF01319847411C02290CD20C20EF
:1019200001B0BDE8F08300BF012001B0BDE8F08345
:10193000092001B0BDE8F083698800294146C1E96A
:10194000000510D0102004F0B7FFC8F8080078B1E7
:10195000102105F015FED8F808004FF0FF316FF0A8
:101960000102C0E90012002001B0BDE8F08300BF11
:10197000FEE700002DE9F04F85B01C468946002B9C
:101980001CBF00212160934642687AB316698EB36A
:101990005788002102918FB3836801901968D3E9B9
:1019A00002588D4232D35B68AB422FD9681A81B29C
:1019B000791A5E1BB14238BF0E46B34518FA80F162
:1019C0005ED94846324605F0E1F901980022D0E997
:1019D0000010BB45056904925AD909EB0602ABEB2E
:1019E000060304AF0097A8476DE000BF0B2005B0C9
:1019F000BDE8F08F092005B0BDE8F08F016802AFA7
:101A000010464A465B460097B0476CE0BB4509D993
:101A1000016802AF10464A465B460097B04700286F
:101A200061D158E0B8F1000F0AD10646384604F0FB
:101A300043FFB1688046C86000B3726830461669DB
:101A40000023016803930DF10C0C824610464246B8
:101A50003B46CDF800C0B047DAF8081006460D60E6
:101A6000039A5019486048464146934538BF5A4644
:101A7000029205F08BF93046A8BB2CE0FEE700BFD0
:101A800048465A4605F082F9CDF808B025E000BF77
:101A90000DF1100C42463B46CDF800C0A847019915
:101AA000074689684A680A60049B98184860ABEB4F
:101AB0000600984238BF034609EB06009AB2414639
:101AC00005F064F9384604993144594538BF8B46CE
:101AD000CDF808B038B9DDF808B0019880688168A1
:101AE000594481600020002C1CBF0299216005B080
:101AF000BDE8F08FB0B582B08446406890B184698B
:101B0000A4B113460A464188A1B1022B32D0012B61
:101B100018D05BBBDCF808100B688A609A4219D2B7
:101B20001BE000BF0B2002B0B0BD00BF092002B017
:101B3000B0BD00BFDCF80010A44602B0BDE8B04064
:101B4000604700BFDCF808108B680D681A44AA4291
:101B50008A6002D349688A4208D9DCF80010002361
:101B6000A44602B0BDE8B040604700BF002002B00C
:101B7000B0BD00BFDCF8001002236546A047002876
:101B8000D1D1D5E9001001AAC36998470028CAD16C
:101B90000199AA68916002B0B0BD00002DE9F04F34
:101BA00083784B43B2EB232F38DD037A00EB8307B6
:101BB00017F8026C4E43B2EB262F33DA022B53D3C5
:101BC000A3F1010EC3F100084FF0010C0023002423
:101BD00000EB8406B5794D43B2EB252F26DD08EBEB
:101BE0000407BD1C40D0B57A4D43B2EB252F21DD53
:101BF000FD1C39D0B57B4D43B2EB252F20DD3D1DBB
:101C000032D0B57C4D43B2EB252F1FDD04340CF1EF
:101C1000040CA64503F11003DAD125E00088BDE8E5
:101C2000F08F00BF381F0088BDE8F08F03442D12ED
:101C3000043310E003440CF1010C2D1208330AE0C8
:101C400003440CF1020C2D120C3304E003442D125A
:101C5000103304F1040C00EB8C0010F8027C794383
:101C600009128D4202D100BFFEE700BF1E8843F675
:101C70000008071FF00AC0F2080800FB08F000F592
:101C800060504FEA104CC6F345144FF00C0940F277
:101C90000C4A06F01F064FF0070B40F20710A5EBA9
:101CA000010E14FB0A9416FB00B6511A730944EA9C
:101CB00056143E8809B2C1EB0121F70AC6F3451557
:101CC00006F01F0691FBFEF115FB0A9516FB00B00E
:101CD00007FB08F7460945EA5010C9B207F56057F7
:101CE000000A81F0FF02240A3F0C5643504311FBC7
:101CF000036348F2810611FB04007A437343704387
:101D00004FF4FC6511FB0C21C3F3846305EA10500A
:101D100071434FF4FC32184402EAD1310844BDE863
:101D2000F08F00004168B1F1FF3FC8BF704704F079
:101D3000C1BF00002DE9F04F85B08246407A10F017
:101D400007000FD040F2E024C2F20004904622784F
:101D500040F2C837012AC2F2000707D1D4F8089030
:101D60001CE000BF002005B0BDE8F08F38680D46CC
:101D700004F0A0FF00204FF0000904F09DFD386042
:101D8000606068B3002105F0FBFBC4F808909AF886
:101D900009100120207001F007002946464602285C
:101DA00008BF0E468AEA61003A686768B9F1000F19
:101DB00080EA060C18BF002A2AD103204145C8BF7B
:101DC000884600EB480020F003001030B91A0144A7
:101DD000494507D2796821F00041796028E100BFC8
:101DE000FEE700BF484529D9E146054604F064FDF9
:101DF00060B10746406840F2E02440F00041C2F282
:101E00000004CC462846796016E100BFFEE700BF1B
:101E1000032310464568AC00CFD00468644500F049
:101E20003381B0F90C5003EB450525F00305284438
:101E30001030B842C1D20028ECD1BEE74945CDF8F8
:101E40000C8040F2ED804FF003086FF00F0ECDE9EB
:101E5000010C06E03B46811A194449451F4640F2F1
:101E6000E080B9F1000F18BF002AF3D04FF0FF3423
:101E700011464B6833F040434CD0B1F90C50A342AB
:101E800038BF1C4608EB450323F003030B4403F162
:101E90001001B9423ED200291CBF5D6935F04045B2
:101EA00038D0B3F91C30A54208EB430323F00303F9
:101EB0000B4403F1100138BF2C46B9422AD2002945
:101EC0001CBF5D6935F0404524D0B3F91C30A542F4
:101ED00008EB430323F003030B4403F1100138BF65
:101EE0002C46B94216D200291CBF5D6935F0404529
:101EF00010D0B3F91C30A54208EB430323F00303D1
:101F0000194401F1100138BF2C46B94202D2002910
:101F1000AFD100BF154600BF696831F0404199D08C
:101F2000B5F90C30A14208EB430323F0030309D0B9
:101F3000E91801F11005BD42BFF48CAF002DEBD1C3
:101F400088E700BF03F1100104912944AEEB030BB5
:101F500040F2E02407EB0B038F42C2F200046360FF
:101F60003FF479AFA7EB010928464A4604F00EFF7B
:101F700040F2E020C2F20000406885423AD02A4692
:101F80009168B2F90C3001EB0B0408EB430121F02E
:101F9000030111441031814294602BD08A68B1F959
:101FA0000C3002EB0B0408EB430222F003020A445C
:101FB00002F1100383428C601CD09169B2F91C407D
:101FC00001EB0B0708EB440121F00301194401F177
:101FD0001003834297610DD0B1F91C208F6908EB83
:101FE000420222F003021A44103207EB0B03824232
:101FF0008B61C5D1049905EB090005F0C1FA40F2E7
:10200000E02440F2C831C2F20004C2F20001D4E977
:1020100001390A68DDE9010C6FF00F0E1BE700BF04
:102020003B465968DDF80C8021F0004159601F469D
:1020300040F2E024C2F200040122002962F31E01F2
:102040003A46C7E900C1A7F80C80FE8102D4626855
:102050001118616031B202F110000129B8600FDB84
:10206000002500BFBC6831B22AB25046FFF796FD8A
:1020700024F81500B7F90E000135854286B2F1DB70
:10208000384605B0BDE8F08F691CAA0F62F39F7156
:10209000416005B0BDE8F08F10B540F66170C0F644
:1020A0000100002104F0AAF840F20034C2F200045A
:1020B000208004200DF094FA608004200DF090FA46
:1020C000A08004200DF08CFAE08004200DF088FA46
:1020D000208104200DF084FA608104200DF080FA44
:1020E000A08104200DF07CFAE08104200DF078FA44
:1020F000208204200DF074FA608204200DF070FA42
:10210000A08210BDF0B581B0002861D00446084619
:102110000D4600F079F92046E7F756F948B1014637
:102120000868A84254D02046E7F776F9014600280F
:10213000F6D1284607F020FEC0B3A9688968A9B384
:10214000C9680968A94231D1077F47F008017A07B9
:10215000017711D449F2C93149F21942C0F60001A0
:10216000C0F600020646EDF7BFFF3146B8B94A692E
:10217000AAB13046012110E049F2294149F2214239
:10218000C0F60001C0F600020646EDF7ADFF31468D
:1021900028B94A691AB13046002190473146087F74
:1021A00007F0080200F0F70010440877A86818B993
:1021B000284606F061FDA86884602046E7F78AF9A2
:1021C00040B1056005462046E7F7FEF8A84203D077
:1021D00001B0F0BDFEE700BF257F45F008006907AC
:1021E000207711D449F2C93149F21942C0F60001F1
:1021F000C0F600022046EDF777FFB0B96269A2B1E0
:102200002046012110E000BF49F2294149F2214254
:10221000C0F60001C0F600022046EDF765FF20B9C8
:10222000626912B1204600219047207F05F0080125
:1022300000F0F7000844207701B0F0BD10B549F276
:10224000C93149F21942C0F60001C0F60002044645
:10225000EDF74AFF002818BF10BD626922B1204681
:102260000121BDE81040104710BD00002DE9F043EA
:1022700081B0002800F09480074607F07DFD00281B
:1022800000F08E800446007FC00740F08980204621
:10229000002100F07DF92046E7F796F8002800F0CD
:1022A0007F8005462868B84208D020462946E7F7CF
:1022B000B3F805460028F5D172E000BFE068A8B386
:1022C000D0F80080474531D0002001F077FDF0B113
:1022D000074600264FF0000907E000BFB9463E461A
:1022E000384601F06BFD074660B1384601F0ACFDA1
:1022F000796DA142F4D10428F0D002283E46EFD1F6
:10230000B94608E0B9F1000F05D1B1461EB9002069
:1023100001F054FD814640460F214A46FEF7BEFFBC
:1023200001283DD1E068006809F0C2F82169E56044
:1023300011B120468847E568D5F80080002001F0FB
:102340003DFDD0B107460026002506E03D463E464D
:10235000384601F033FD074660B1384601F074FDA0
:10236000796DA142F4D10428F0D002283E46EFD185
:102370003D4606E02DB935461EB9002001F01EFD90
:10238000054640460E212A46FEF788FF012807D160
:10239000E068006801B0BDE8F04309F089B800BF0B
:1023A00001B0BDE8F083000010B549F2294149F2BF
:1023B0002142C0F60001C0F600020446EDF794FE8B
:1023C000002818BF10BD626922B120460021BDE877
:1023D0001040104710BD000040F2E050C2F2000073
:1023E0000068704700280EBF0020007FC0F3400047
:1023F0007047000020B1C06800281CBF006870470B
:1024000000207047E6F7E6BF2DE9F04381B00446AF
:1024100007F0B2FC00285DD00546C06800284AD00D
:102420000068A04243D1287FC1071CBF00F0FE0016
:1024300028772846E6F7C8FFE968884205D128468C
:10244000E6F7F2FFE968884258D02E7F46F0080090
:102450007107287710D449F2C93149F21942C0F600
:102460000001C0F600022846EDF73EFEA8B96A69F1
:102470009AB1284601210FE049F2294149F221424F
:10248000C0F60001C0F600022846EDF72DFE20B987
:102490006A6912B1284600219047287F06F008019A
:1024A00000F0F70008442877E86820B10068A042EF
:1024B00004BF0020E8602846E6F786FF50B10646D4
:1024C0003068A0420AD028463146E6F7A5FF064606
:1024D0000028F5D101B0BDE8F08300BF28463146A1
:1024E000E7F71CF8304604F0E5FBA0680028F1D0BF
:1024F0000021816001B0BDE8F08300BFD1F8008009
:10250000002001F05BFCF0B1074600264FF0000907
:1025100007E000BFB9463E46384601F04FFC07468B
:1025200060B1384601F090FC796DA942F4D10428DD
:10253000F0D002283E46EFD1B94608E0B9F1000FCD
:1025400005D1B1461EB9002001F038FC8146404655
:102550000F214A46FEF7A2FEE8680028A6D1AAE7A6
:1025600010B582B0019140B1C06830B1046824B1A7
:102570002046802108F06AFC10B1012002B010BD95
:1025800001AA20460D21FEF789FE02B010BD000011
:102590002DE9F041002847D00546007F012300F0D7
:1025A000020283EA520291EA020F3DD100F0FD02DD
:1025B000E86861F341022A77B0B3D0F80080B8F13F
:1025C000000F08BFBDE8F081002001F0F7FBD0B19B
:1025D00007460026002406E03C463E46384601F009
:1025E000EDFB074660B1384601F02EFC796DA9423B
:1025F000F4D10428F0D002283E46EFD13C4606E054
:102600002CB934461EB9002001F0D8FB04464046E0
:102610000E212246FEF742FE012805D14046BDE8C4
:10262000F04108F045BF00BFBDE8F08170470000F1
:102630000438C0B20A288EBF002001A1085C704790
:10264000101810010204080102040800B0B591F846
:102650003800002500F08000033081F8380008467B
:102660000C464D6208F072FBA085204607F08AFBFD
:10267000E0854FF48070E08694F8380094F83910C3
:1026800040F0800084F8380001F0FC0084F8390044
:10269000204602212586A562C4F8325006F0ECFCE3
:1026A00020464FF48031BDE8B04005F0CDBE0000BB
:1026B00010B5014640F26060C0F6040006F00CFC64
:1026C000044606F09BFC204610BD0000B0B54D6AE4
:1026D000002D08BFB0BD087C0C46012802D1284659
:1026E000FFF77CF8E868002818BF04F0E3FA2869CF
:1026F000002818BF04F0DEFA284604F0DBFA0020B8
:102700006062B0BD70B584B0084614460D4601F055
:1027100005FB02283AD001282AD098BB287800F07F
:102720001F00043810282DD8284630F801CF224643
:1027300032F8013F867891784CEA064643EA014137
:10274000B30863F38C010B0C1180937003888078BD
:1027500003F460436FF35F3119449070118028785F
:10276000217800F01F0001F0E00108441FE000BFE5
:102770002846FFF753F840F6A441C0F60401DDF700
:1027800017FFC8B1002004B070BD00BF204630F86C
:10279000011F827841EA024140F6010262F39F0183
:1027A00022780180090C817002F0E0000B3020706B
:1027B000012004B070BD00BF01A829460222FFF726
:1027C00075F878B901AD6B46284621460422FFF71B
:1027D000D1F806462846FFF701F8002ED2D100981E
:1027E0000428CFD1207800F01F00153810F1110F08
:1027F000C8D3DDE72DE9F04383B0087C0C4688B1EF
:10280000012813D16068FFF709F840F6A441C0F62B
:102810000401DDF7CDFE002854D0002003B0BDE850
:10282000F08300BF606880680028F6D0217D01F049
:102830001F00142801D00E2830D1217CD1B3E17DB6
:10284000B4F81520142842EA0141C2F38A024FEA83
:10285000513102FB01F14FF0010208BF032202FBDC
:1028600001F6304604F028F80028D6D0676A0546FD
:10287000384604210022FFF73DF938462946324602
:102880000023FFF777F8002800F0B080284604F016
:1028900011FA002003B0BDE8F08300BF01F01E0173
:1028A000042918BF06284DD1207C18B1012003B09F
:1028B000BDE8F08360688068A061012003B0BDE8D6
:1028C000F08300BF616868460222FEF7EFFF002830
:1028D000A3D1606A40B9142003F0EEFF606278B3C0
:1028E000142104F04DFE606A9DF8001001709DF8FF
:1028F000011041709DF8021081709DF80310C170A5
:102900009DF8041001719DF8051041719DF80610A5
:1029100081719DF80710C1719DF8081001729DF832
:10292000091041729DF80A1081729DF80B10C17256
:10293000217D01F01F0014287FF47DAF7DE700BFEB
:10294000FEE700BFC11F032956D8FFF771FE656A75
:1029500080464DB9142003F0AFFF0028606243D0D9
:10296000142104F00DFE656A022000FA08F003F05D
:10297000A3FFE860A0B3012000FA08F9484603F07D
:102980009BFF286170B3E868002855D0207C01289F
:102990005AD12846042100220027FFF7ABF86C46E5
:1029A0002846214604220023FEF7E4FF9DF801207B
:1029B0009DF800109DF8023002F0FC02D200E86899
:1029C00042EAD10103F0F80241EA022120F817108F
:1029D0009DF803002969C8550137B945E0D165E77D
:1029E000FEE700BFFEE700BFFEE700BFA5610120D4
:1029F00003B0BDE8F08300BF0B380328FFF456AFE7
:102A0000656A002D3FF409AF207C012802D12846D9
:102A1000FEF7E4FEE868002818BF04F04BF92869C7
:102A2000002818BF04F046F9284604F043F90020B6
:102A3000606203B0BDE8F0832146FFF747FE002047
:102A400003B0BDE8F08300BF6068B8F1020FD0F8B2
:102A500008C001D2002158E029F0030EACF11003A8
:102A6000002113F8104FE8685F789A7807F0FC07A8
:102A7000FF0047EAD40402F0F80244EA022220F8F8
:102A80001120D8782A690CEB810450545A799F7927
:102A9000267902F0FC02E868D20042EAD60207F08A
:102AA000F80600EB410042EA062242802869DA7902
:102AB000084442705E7A1A7A9F7A06F0FC06E8684B
:102AC000F60046EAD20207F0F80600EB410042EABF
:102AD000062282802869E27A08448270A27B5C7BAD
:102AE0001E7B04F0FC04E868E40044EAD60402F02B
:102AF000F80200EB410044EA0222C2802869DA7B36
:102B0000084404318E45C270ABD1B8F1010F3FF6D5
:102B1000CDAE0CEB81035F789E781CF8214007F066
:102B2000FC07FF00E86847EAD40706F0F80647EA22
:102B3000062720F8117009F00302D8782B69012AC2
:102B400058543FF4B3AE481C0CEB80077E78BC7839
:102B50001CF8203006F0FC06F600D5F80CE046EA3A
:102B6000D30304F0F80443EA04232EF81030FB7872
:102B70002F69022A3B543FF499AE881C0CEB80026B
:102B8000537897781CF8206003F0FC03DB00E968B9
:102B900043EAD60307F0F80743EA072321F8103089
:102BA000D1782A691154012003B0BDE8F0830000F8
:102BB0002DE9F04F85B0087D8A4600F01F010E29EF
:102BC0004FF000005FD891460122DDE90E848A4073
:102BD0009B4612F4F06F11D112F4F04F30D0B8F1DF
:102BE000010FC0F27B80BAF80800B8F1040F4FEA79
:102BF000102108F0030249D200235DE00846FFF7E8
:102C000017FD9AF8141001F01F010739032900F28B
:102C10006981DFE801F003C9ABBD00BF0746BAF820
:102C20001500C0F38A000730C60806FB0BF000EB66
:102C3000E90000F10805072020EA090456E100BF79
:102C400001228A4012F0700F1DD09AF8100001285E
:102C500040F06881DAF824600846FFF7E9FCBAF82A
:102C600015100546C1F38A0010FB0B906843042140
:102C700001EBE00130460022FEF73CFF0146002058
:102C8000002900F0A78205B0BDE8F08FC8F38C03DF
:102C900003EB43039F000026002300BFA519A055A6
:102CA0000C36B74203F104036970E8702971A8710A
:102CB000E9716872A972F1D162B103EB4307E319BC
:102CC000012AE055597005D0D870022A19711CBF2D
:102CD0009871D9719AF8140000F01F010846464611
:102CE000FFF7A6FC9AF81410804601F01F010B397B
:102CF00003296BD8DFE801F0022A1222BAF8150086
:102D0000C0F38A000730C70807FB0BF000EBE905AA
:102D1000072020EA09040FF2F8405BE0BAF815003A
:102D2000C0F38A000130470807FB0BF000EB690590
:102D3000042020EA89040FF2C4404BE0BAF81500E1
:102D40000024C0F38A0717FB0B9542E0BAF8150080
:102D5000C0F38A000330870807FB0BF000EBA905DE
:102D6000062020EA49040FF2A44033E00746BAF8EF
:102D70001500C0F38A000130460806FB0BF000EB9B
:102D8000690000F14005042020EA8904AEE000BF9C
:102D90000746BAF815000024C0F38A0616FB0B900C
:102DA00000F58065A2E000BF0746BAF81500C0F341
:102DB0008A000330860806FB0BF000EBA90000F147
:102DC0001005062020EA490490E000BF00250024F9
:102DD000002700200390DAF82490384603F0BAFD6B
:102DE0000028019000F09E809AF8101081B1291DF2
:102DF000019D48460022FEF77DFE484629463A4698
:102E00000023FEF7B7FD2F46012E07DA62E000BF70
:102E1000DAF8041089684F19012E5BDB4FF0FF319F
:102E200001FA08F16FEA0109C8F1080B042E06F057
:102E30000300009080F0948000230098002849D07F
:102E40003878E1B2C8409AF814100F9A01F01F01C7
:102E500002F1020E0E2900EA090601D00398865DF0
:102E6000A4EB080103EB430548B20B46002848BF1A
:102E70005B4600980EF8056001282BD0C8B207EB1E
:102E8000D01738789AF81420D9B2C84002F01F0140
:102E90000E2900EA090401D00398045D00987544E6
:102EA0000228EC7016D0A3EB0800C2B241B2D209DE
:102EB000002958BF8346B85C9AF814205FFA8BF15A
:102EC000C84002F01F010E2900EA090101D0039851
:102ED000415CA971019803F093FE012005B0BDE8A3
:102EE000F08F00BF0746002500240026DAF824B042
:102EF000304603F02FFD0290A0B19AF81010A9B14E
:102F0000291D029D58460022FEF7F4FD5846294629
:102F100032460023FEF72EFDAE463B46B8F1010FC8
:102F20000EDA50E1002005B0BDE8F08FDAF80410A9
:102F3000896801EB050E3B46B8F1010FC0F24381F1
:102F40004FF0FF31994040466FEA0108C3F1080A8B
:102F5000042800F00301019178D24FF00009E8E065
:102F600047F6FC7106EA01000023029011E000BF61
:102F700004EBD710A6EB080462B2E972E1B2002AB2
:102F800048BF5C46029A04339A4200EBD1173FF4E3
:102F900054AF39789AF81460E5B2E94006F01F059D
:102FA0000E2D01EA090601D00398865D0F9803EB08
:102FB00043014518AE70A4EB080671B2F4B20029C3
:102FC0004FEAD41148BF5E46795C9AF814E05FFA84
:102FD00086FC21FA0CF10EF01F000E2801EA09010F
:102FE00001D00398415CA6EB080607EBD41470B23D
:102FF000F7B200284FEAD710697148BF5E46205CDF
:103000009AF81420F1B2C84002F01F010E2900EA1C
:10301000090101D00398415CA6EB080604EBD71424
:1030200070B2F7B200284FEAD710297248BF5E4647
:10303000205C9AF81420F1B2C84002F01F010E295A
:1030400000EA090194D00398415C91E7C0F38C0138
:1030500001EB4101880000264FF00009039000BFFA
:103060009EF80010E2B2D140DBF80C2001EA080122
:1030700032F811200F9809F104098253DBF810206F
:10308000525C81198A70E21AD7B254B24FEAD71C47
:10309000002C48BF52461EF80C40D5B224FA05F564
:1030A000DBF80C4005EA080534F81540D21AA1F8FF
:1030B0000340DBF810400EEBD717655DD4B24D71BD
:1030C00055B2E009002D48BF5246385CD5B2E84001
:1030D000DBF80C5000EA080035F8105007EBD41765
:1030E000CD80DBF810500C36285C0872D01AC5B2BF
:1030F00042B2EC09002A48BF50463A5DC4B2E240F1
:10310000DBF80C4002EA080234F8124007EBD5174E
:10311000A1F80940DBF81040A25CC41A60B2CA7280
:10312000E1B2002848BF5446039807EBD11EB042D5
:1031300096D1019D0F9F002D45D09EF80000E1B271
:10314000C840DBF80C1000EA080031F8101009EB59
:103150004902B952DBF81060B918305C012D887053
:1031600031D0E71A78B2FEB200284FEAD61048BF35
:1031700057461EF80000FAB2D040DBF80C2000EAF7
:10318000080032F81020022DA1F80320DBF81020EF
:10319000105C487117D0FA1A53B2002B58BF9246F0
:1031A000D2B20EEBD610D209805C5FFA8AF2D04020
:1031B000DBF80C2000EA080032F81020CA80DBF8A7
:1031C0001020105C0872029803F01AFD012005B06F
:1031D000BDE8F08FE90801FB08F5049004AB304628
:1031E00021462A46FEF7C6FB049969400843B0FA17
:1031F00080F0400905B0BDE8F08F00BF0011223318
:10320000445566778899AABBCCDDEEFF0055AAFF2E
:1032100000FF000010B50446006860B1C2680AB142
:1032200021469047207C012818BF10BD606803F03C
:1032300041FD0020606010BD2DE9F0410C460546BF
:103240000846042104F09CF945B3284600F066FDC9
:1032500008B9A86810B340F21840C2F20000E6F7BF
:10326000B3F8D8B140F2184807460026C2F2000869
:1032700006E000BF40463946E6F7CEF8074670B193
:103280003B68002BF6D0384629462246984706462A
:103290000128EFD10126F0B2BDE8F0810026F0B29E
:1032A000BDE8F0812DE9F04F81B0884628211C4609
:1032B0001546814604F064F9B8F1000F1CD0404671
:1032C00000F02CFDF0B14F4607F8100F012827F849
:1032D000085C47F8044C21D14046DDF777F801300F
:1032E00003F0EAFAC9F8040020B141460097DDF77F
:1032F00049F816E0FEE700BF0026F0B201B0BDE8D5
:10330000F08F00BFD8F8080000260028F5D04F46FF
:1033100007F8106F27F8085C47F8044C0097C9F8C5
:10332000048040F21840C2F20000E6F74DF84FF07A
:10333000000BA8B340F21844074609F1140509F13F
:10334000180AC2F20004002610E000BF0646284614
:10335000042104F015F9CAE900BBCAE902BB00BFA9
:1033600020463946E6F758F80746D0B13B68002BAF
:10337000F6D078680028F3D0384641462A46984768
:1033800006460128ECD17A6838464946C9F80070EB
:1033900090470128DAD10126F0B201B0BDE8F08FE4
:1033A0000026009800780128A7D1D9F8040003F07E
:1033B00081FCF0B201B0BDE8F08F0000B0B582B082
:1033C0008646006884684CB1069D9C4613460A46B2
:1033D0007146CDE900C5A04702B0B0BD002002B0E3
:1033E000B0BD000091F8380000F00300013801285A
:1033F00088BF704710B5486A0C4603F05BFC94F830
:1034000038100020606241F0030084F83800BDE805
:10341000104070472DE9F04F99B008460D46FDF772
:1034200021FF044615280BD0182C09D040F260600B
:10343000C0F60400294606F085FB012840F06683AB
:103440002846FDF727FFA4F111011B2900F25E8336
:103450000446DFE811F0DB001D0013015B031D00D3
:103460005B035B031D005B035B035B035B035B03AD
:103470005B035B035B035B035B035B035B035B035C
:103480005B035B035B035B03A1005B03AF0000BF57
:103490002846FDF7E7FE07462846FDF7FBFE122FFC
:1034A000804625D12846FDF7F3FE0178022900F079
:1034B0002D8398F838108A0715D4C1F384010129A7
:1034C00001D004290FD1074640460021462207F0CB
:1034D00091FAC0B2FF2840F00E83B8F830000028FF
:1034E00000F0E88138460121017019B0BDE8F08F85
:1034F000182F02D0152F40F00983404607F026FC14
:103500008246404606F03EFC81464046002132227B
:1035100007F070FA064640460021122207F06AFAC8
:10352000841940460021132207F064FA05904046B2
:103530000021102207F05EFA06960644404600215C
:10354000112207F057FAC3463BF8321F04900819BE
:10355000ADF860009BF80700BBF8021000F0030014
:10356000012801EB060007940896ADF8620040F0D0
:10357000CB8016A9404606F0A3FBB8F81400B8F8B3
:1035800016600990BDF85800BDF85A10BDF85C20CF
:10359000BDF85E30DEE000BF94F8380000F00300B4
:1035A000022840F0AB80616A204619B0BDE8F04FB8
:1035B00000F0FABA2846FDF76BFE94F8391005467C
:1035C00001F00301012940F03B81B4F92C10B4F95A
:1035D0002E20B4F93030E78E04F132060AA8CDE986
:1035E0000076E5F78DF8BDF82800BDF82C10BDF881
:1035F0002E20081ABDF82A100130511A0131C0EAF4
:103600000140286019B0BDE8F08F00BF2846FDF7E3
:103610003FFEA68D0546204607F098FB80B2864205
:1036200023D1E68D204606F0ADFB80B286421CD148
:10363000E08EB0F5807F40F00981208E002840F0B8
:103640000581A08D618E00EBD03000B2C0F34F0039
:10365000814240F0FB80E08DA18E00EBD03000B2C3
:10366000C0F34F00814240F0F1800AAE204631465F
:1036700006F09EFA2968304615E100BF2846FDF79E
:1036800007FE218E804621B9E08EB0F5807F00F0E4
:103690003D82204607F05AFB0646204606F072FBA4
:1036A0000746B4F93030E58E32340AA831463A463E
:1036B000CDE90054E5F724F8BDF92810B8F9000069
:1036C000BDF92A20BDF92C304942BDF92E5088425F
:1036D000C8BF014608B252429042D8BF114608B254
:1036E0009A1B8242A8BF114608B2EA1B8242A8BFB9
:1036F0001146A8F8001019B0BDE8F08F204619B0A7
:10370000BDE8F04F09F014B8B8F93030B8F83640D9
:103710000DF1600C16A851464A46CDE9004CE4F77D
:10372000EFFFB8F81430BDF85800BDF85C2018441D
:10373000B8F81660BDF85A1009931A44BDF85E3007
:1037400031443344ADF85800ADF85A10ADF85C2060
:10375000ADF85E30444624F8140F40F26060B4F8CF
:103760000490B4F806A06180C0F604002946A28047
:10377000E38006F0E7F9012840F0C8810998152F89
:10378000A8F81400A8F81660A8F81890A8F81AA0CD
:1037900040F0BC81B8F82E00002800F0B781B8F8DE
:1037A0002C00002800F0B281B8F83600002800F0A4
:1037B000AD812846FDF75CFDB8F81A10B8F92E2047
:1037C0000991B8F92C10B8F93030B8F83650B8F87B
:1037D0001460B8F816A0B8F8187081460AA8CDE9A8
:1037E000005BE4F78DFFBDF82800BDF82C10BDF894
:1037F0002A20BDF82E30081A991A98F8392000F1BD
:10380000010B02F00300012801F101035ED1B8F9B8
:103810002C100FFA8BF0081A0130B8F92E2000EBAB
:10382000D070A6EB6006A7EB600518B2101A013045
:10383000099900EBD070AAEB600AA1EB600152E09D
:10384000E06A286019B0BDE8F08F00BF204607F09D
:103850007DFA8146204606F095FAB4F93030E78EBD
:103860000DF12808024604F1320640464946CDE9EA
:103870000076E4F745FFA08ABDF82810E28ABDF87B
:103880002A300144ADF828109918BDF82C30ADF855
:103890002A10BDF82E101844ADF82C008818ADF889
:1038A0002E00296840460022E4F702FB287119B077
:1038B000BDE8F08F2846FDF7EBFCB8F83610B1F5FF
:1038C000807F40F0E58008F1140110E1BDF8580058
:1038D000BDF85C10301A4518BDF85A00BDF85E10EE
:1038E000AAEB0000014498F83800089F00F003009C
:1038F000022880F0B780CDE90256CDE90813DDE952
:1039000005100AAC0E1804990D182046F4F79CF91E
:1039100040460021224607F047FBB8F83600D8F8A9
:103920003210ADF82A00B8F830000B91ADF828003D
:103930009DF83C0098F8381000F0FE0040EAD110E5
:10394000BDF858108DF83C00079806960844BDF85D
:103950005A10ADF85000C819BDF85C10ADF852000F
:10396000881BBDF85E10D9F80860ADF85400481BFC
:1039700014ACADF85600204631462246E4F7A8F9CB
:10398000002800F0C38005960899C9F808400AEBA2
:103990000700B8F92A30B8F92E70491B0FFA81FADE
:1039A00093FBF7F100B201FB1731B8F9282001446D
:1039B0000DB2B8F92C308542C8BFC91B08B2ADF8AA
:1039C0004A103944099C01395045ADF84E1080F237
:1039D000E480079F039E92FBF3FE37440EFB132205
:1039E0003FB2029E069D3A44A6EB050C16B20FFAB2
:1039F0008CF5BE42A2F10102089240F38B800AAF1F
:103A000012AC0AE0099BC21810B219445045ADF837
:103A10004A20ADF84E1080F2C080B8F82C20B21ABF
:103A200013B2ADF84820089AAB42ADF84C20E9DA61
:103A3000D8F82430484639462246F3F79BFFBDF8B4
:103A40004800BDF84C105844ADF8480000B2594445
:103A5000A842ADF84C10EBDBBDF84A00BDF84E10A3
:103A6000D0E700BF4CD10AAF3846F4F761FC4046BE
:103A700000213A46002507F0EFFAD8F824304846EE
:103A8000394622460095F4F7F3F819B0BDE8F08FF7
:103A90008146404607F05AF98246404606F072F9E0
:103AA000B8F836400AAE024608F1320530465146B3
:103AB0000023CDE90045E4F723FEB8F81400BDF873
:103AC0002810B8F81620BDF82A300144ADF82810A7
:103AD0009918BDF82C30ADF82A10BDF82E101844F6
:103AE000ADF82C008818ADF82E004846314600226B
:103AF000E4F71EF950B90120387019B0BDE8F08F15
:103B00004846002122460023F3F734FF19B0BDE8F0
:103B1000F08F00BFAE422DDA0AAC12AFB8F82C001D
:103B20000899ADF848600844ADF84C00D8F8243046
:103B3000484621463A46F3F71DFFBDF84800BDF858
:103B40004C105844ADF8480000B25944A842ADF8B2
:103B50004C10EBDBBDF84A00099BBDF84E10184431
:103B600002B2ADF84A00C8185245ADF84E00D5DB98
:103B700013E000BF21190A19131907193FB257455D
:103B80000BDA47183FB2574507DA87183FB2574557
:103B900003DA184400B25045EFDB0598C9F8080075
:103BA00019B0BDE8F08F00002DE9F04385B00E4656
:103BB000044607F07DFC304600F0B0F8032815D12C
:103BC00094F8380000F003010139012904D8606A33
:103BD00003F070F894F83800002140F003006162AF
:103BE00084F8380005B0BDE8F08300BF054604A99D
:103BF0003046FFF721FB002D56D0022D5FD8676AB3
:103C0000B74217D094F8380000F0030001380228BA
:103C1000304628BF0027DCF7D9FB013002F04CFE0C
:103C200000283FD03146DCF7ADFB606217B1384663
:103C300003F040F8022D42D12046002157224FF0D8
:103C4000000906F0D7FE804620460021582206F0E3
:103C5000D1FE074620460021592206F0CBFE41F650
:103C6000FF7100B2CDE900013BB203A831464246E4
:103C7000CDF808900EF014F9BDF81100BDF80C1045
:103C800041F6FC7300F00300BDF80E2003EA810149
:103C9000084440EA4230D1088DF81310ADF8110005
:103CA0000DE000BFFEE700BF94F8380000F003000D
:103CB0000138012802D8606A02F0FCFF666294F8BD
:103CC000380005F0030100F080009DF81030084432
:103CD0009DF81310BDF8112063F3860042EA0141FC
:103CE00084F83800C2F3C900C2F38A076086880BE3
:103CF000A7854F0BA0862046E78508F049FD208E5A
:103D000018B9E08EB0F5807F02D0204608F010FD93
:103D1000204607F0CDFB05B0BDE8F083002804BFC6
:103D20000320704790F900001F28CEBF0120022118
:103D300001EA90107047000010B52021044603F0FE
:103D40001FFC0020207040F60A2020836420E083BE
:103D500043F20320C0F29010C4F81A0010BD000016
:103D6000B0B50546006918B9F3F75CFB2861E8B106
:103D700040F2E830C2F20000E5F764FBA0B15C213C
:103D8000044603F0FDFB60791E2140F002006071E3
:103D900043F67560C0F60200224625600DF0B8FCBF
:103DA000216848612046B0BDFEE700BF0020B0BDDD
:103DB00040F2D020C2F200000068704730B10146E6
:103DC00040F2E830C2F20000E5F726BB40F2E830EE
:103DD000C2F20000E5F7F8BA40F2D020C2F20000CB
:103DE0004068704750B10268127842F00202032A1C
:103DF00008D102890A8040894880704700200880E5
:103E0000488070474FF0FF3008804FF6FF704880C1
:103E10007047000050B10168097841F002010329A0
:103E200004D190F8440000F00F0070470020704764
:103E300038B10168097841F00201032904BF006B21
:103E4000704700207047000000280EBF0020006867
:103E50000078704700220A6050B10268127842F080
:103E60000202032A18BF7047028B0A80408B4880E9
:103E7000704700002DE9F04F85B0C06840F2D028AF
:103E8000C2F20008C8F8000001680A69DAB1427994
:103E9000930713D590F84470002307F0F00702F061
:103EA000FC02C0E90A3303638364C36480F844708E
:103EB000C0E9073303644271C8F80430520702D4E2
:103EC0000969496911B105B0BDE8F08F01AE4FF045
:103ED000000903E0BAF1000F00F0A4833146E4F7D3
:103EE000E9FCD8F800409DF813A06079810714D54B
:103EF00094F8441000F0FC0001F0F001C4E90A99C4
:103F0000C4F83090C4F84890C4F84C9084F8441039
:103F1000C4E90799C4F8409060719DF81200C8F890
:103F200004900128207106D021680A78042A0BD158
:103F3000BDF8100040B10DF073FBD8F800402168C7
:103F40000B690A78C3F86401501E032800F2BC8292
:103F5000DFE800F002824A74BDF80400BDF80620D4
:103F60000B69A082E2821B681F69BE0609D51E8804
:103F7000C04330445E88D2433244ADF80400ADF80B
:103F80000620022646EA171707F00307032F01AEA3
:103F900006D1ADF806005888D2431044ADF80400AD
:103FA0000869F3F759FA20680069F3F7ABFA206D56
:103FB000BDF90410BDF9062068B1238A8FB2BB4257
:103FC00003D1638A97B2BB4205D009F0D5F8BDF89A
:103FD0000410BDF806202379201D012B2181628168
:103FE00042D1EEF755F841E0A06D002800F06C8258
:103FF0000399251D00EB810230F821609DF8120025
:104000005788012808D1208AB04202D1608AB8427C
:1040100002D02846EEF772F96079800766D42681CF
:1040200067819DF81200012840F0DC802846EEF7F9
:104030002FF8607901AE800718D543E29DF8120091
:104040006179012803D111F0080240F03D820A078E
:1040500050D4257A56E000BF9DF8121060790129EE
:1040600008D100070FD52FE2EEF748F9A0682061CC
:104070002AE200BF010706D500F0F600C4F8489018
:10408000607184F80890656D002D00F01D8228464F
:10409000FEF7B0F90028C8F8040000F0158280216E
:1040A00006F0D4FE029BE168E3609DF81270227A6C
:1040B000012F277208BF002A00F09E80012F80F098
:1040C000010040F0AD80002800F0AA80012A40F0F5
:1040D000A7800A2B40F0D080D8E900200221FDF70C
:1040E000DDF86079810740F1C880EBE1C8F8049001
:1040F00001AEE9E1002501F0F600607125729DF83E
:104100001200A564D4F854B020720298BBF1000FDD
:10411000E06000F0D9815846FEF76CF90028C8F835
:10412000040000F0D1819DF812000028584618BF05
:10413000ADF81090FEF75EF90028C8F8040000F012
:10414000C3819DF81210012908BF002D00F0B28034
:10415000012908BF012D00F0ED80002908BF012DC5
:1041600040F0098202990A2940F0FF8107F0EAF93C
:1041700038B9D8F80400102106F05AFE002800F0E3
:10418000C7815846FEF72EF9617900284FEAC170C1
:1041900000F0B88128B15846FEF734F9012800F242
:1041A000DF81D8E900200821FDF778F860798007E1
:1041B00000F18881D8E900200421FDF76FF86079CB
:1041C000800700F17F81D8E900200721FDF766F81C
:1041D0006079800700F1768158460A21FEF7C0F920
:1041E000ADE100BF2846EEF789F8607901AE80079F
:1041F0007FF53CAF66E100BF06460DF011FA02996B
:10420000A0640B2900F07480092940F07B802846C7
:104210000021FEF7BDF92846FEF710F801AE51E186
:10422000002F80F0010018BF0127384308BF012A82
:1042300040F048810A29029140F0CE80D8E9002060
:104240000821FDF72BF86079810700F13B81C00759
:1042500008D1D8E900200421FDF720F86079800713
:1042600000F13081D8E900200721FDF717F86079C7
:10427000810740F1B28025E16079C00740F093806A
:10428000A06C0DF0B5F921688A8B6179904240F2FB
:10429000878041F00100607102980A2840F0128185
:1042A0000DF0BEF9D8E90021E06408460521FCF7CD
:1042B000F5FF07E10DF0B4F90299A064A1F10A023B
:1042C000112A00F2C780DFE802F009C5C5C5C5C5DF
:1042D000C5C5C5B9BFC5C5C5C5C5C593D8F8040012
:1042E00007F030F9002800F0D7800025DBE000BFA0
:1042F00028460021FEF74CF92846FEF755F801AE96
:10430000E0E000BF002E01AE40F0DC801B2900F091
:10431000B5800A2968D128460A21FEF721F960797B
:10432000800700F1CF80D8E900200121FCF7B6FF1B
:10433000C8E000BF6079C00769D1A06C0DF058F9E2
:1043400021688A8B617990425ED941F001006071E9
:104350000DF066F90299E0640A2940F0FD80D8F872
:10436000040007F0EFF838B9D8F80400102106F07F
:104370005FFD002800F0E8805846FEF743F8022869
:10438000C0F0EA805846FEF72DF880F0010158464B
:10439000FEF7FEF8D8F80400202104F0ADFEDBE0C3
:1043A000C80700F08F80E06C0DF022F92168C98BFE
:1043B000884240F287800DF033F90299E0640929C0
:1043C00054D00B294AD00A290ED1D8E90020062161
:1043D000FCF764FF76E000BF607900F0FE00C4F8EF
:1043E000489060716EE000BF2846FEF7B9F869E0BA
:1043F00058461B21FEF7B4F86079800762D4D8E9EB
:104400000020202159E000BFC80700F0B480E06C14
:104410000DF0EEF82168C98B884240F2AC800DF0B7
:10442000FFF80299E06414290ED0132906D00A2956
:1044300010D1D8E9002006213FE000BFBDF81000F0
:104440000130ADF8100098E0BDF810000138ADF86B
:10445000100092E05846FEF783F830E0284600212D
:10446000FEF796F82846FDF79FFF2BE0284600212F
:10447000FEF78EF82846FDF7E1FE23E028461B21D3
:10448000FEF76EF8607980071CD4D8E9002020215F
:10449000FCF704FF16E000BFD8F80400102106F076
:1044A000C7FC80F001055846FDF79CFF002808BFB7
:1044B000002D60D0D8E900200121FCF7EFFE6079E3
:1044C000800758D5C8F80490D8F8000041798A07C9
:1044D0007FF500AD90F8442001F0FC0102F0F002FD
:1044E000C0E90A99C0F83090C0F84890C0F84C90E4
:1044F00080F84420C0E90799C0F840904171C8F89D
:104500000490E7E488BB58460121FEF741F82CE00F
:10451000D8E900200821FCF7C1FE60798107D1D4D9
:10452000C10705D1D8E900200421FCF7B7FE607966
:104530008007C7D4D8E900200721FCF7AFFE6079D7
:104540008007BFD411E000BFD8E900200521FCF7A7
:10455000A5FE60798007B5D4607940F0010009E0DC
:10456000D8F80400202104F0C7FD6079C4F8489011
:1045700020F001006071BDF810000004C8F804903C
:10458000A2D05846FDF72EFFBDF81010A0B108B21A
:10459000B0F1FF3F26DD002996D0002558461321B3
:1045A000FDF7DEFF607980073FF58CAFBDF91000A5
:1045B00001358542F2DB87E708B2B0F1FF3F21DD2C
:1045C00000293FF481AF00255846FDF737FE60799A
:1045D00080073FF577AFBDF9100001358542F3DB69
:1045E00072E700BF002558461421FDF7B9FF607936
:1045F00080073FF567AFBDF91000013540428542A5
:10460000F1DB61E700255846FDF7CEFE60798007B3
:104610003FF558AFBDF91000013540428542F2DB4D
:1046200052E700BF0020C8E9000005B0BDE8F08FE8
:1046300070B50C4620B340F2D0214279C2F200019D
:104640000B6842F002028342427104BF00224A60BA
:10465000016809780139012954D8CCB3416BA142D2
:1046600004BF00214163816AA14204BF002181622D
:10467000C16AA14218BF70BD00F12C0540E000BF27
:104680000020FFF79BFB40F2D021C2F2000101F1B4
:104690000405A8B314B3002603E000BFFFF78EFBA8
:1046A00070B34179026841F002014171117801391A
:1046B0000129F3D8416BA14208BF4663816AA14238
:1046C00008BF8662C16AA14208BFC662E6E700BFB2
:1046D00000214163816200F12C0511E0002400BF3C
:1046E0004179026841F002014171117801390129D3
:1046F0009CBF4463C0E90A44FFF760FB0028EFD188
:104700000020286070BD000010B50446407900F01C
:10471000FE0060710CF084FFE0640CF081FFA06487
:1047200010BD0000002841D00C293BD003293DD109
:104730002421435AD3B380B5006848F21F5C407E01
:10474000C5F2EB1CC0F1640E002000BF1EFB03F29B
:1047500052FB0CF2511101EBD272110418441DD01E
:104760001EFB02F151FB0CF14B1103EBD173190449
:10477000104413D01EFB03F151FB0CF14A1102EB64
:10478000D1721104184409D01EFB02F151FB0CF147
:104790004B1103EBD17319041044D7D1BDE880400D
:1047A00000B270472621435A002BC4D1002000B22A
:1047B00070470000F0B581B00D460121044606F0B7
:1047C00037FB18B10024204601B0F0BD28686E46C2
:1047D0000090204631460022012308F089FF204640
:1047E000314606F039FB054604F11400314600223B
:1047F000E3F75EFB28B920464FF4002106F018FBD2
:10480000B0B1204605F0CEF9471E6E46002F0FD4FA
:10481000A0683146006850F82700FFF7CBFF00285A
:10482000A7F10107F2D00446204601B0F0BD00BF59
:10483000002D08BF2C46204601B0F0BD002808BF5F
:104840007047417941F008014171704710B540F659
:104850004604C2F200042078002818BF10BD02F000
:1048600043FAE5F71BF9E3F73BFFE3F775F9E3F7E5
:104870003FFFF3F7FBF9E4F78FFF40F2DC30C2F2C1
:1048800000004FF4B471E4F7D5FD40F2E830C2F215
:1048900000005C21E4F7CEFDE5F7D2F8E3F7E4FF92
:1048A000FCF7F8FD0120207010BD000010B50C468B
:1048B0000846042104F0E0FB94F83D100020A063BA
:1048C00084F83C0001F0FE0084F83D0020460521FC
:1048D0000022002303F0E4FE44F61511C0F60201A5
:1048E00020461C22002303F069FD204600210022FF
:1048F00008F080FE94F83C0040F20C01C2F2000186
:1049000051F820102046F0F7CBFA2046BDE81040C1
:1049100000F02AB970B5FCF7BDFC0446F0F7DCF9ED
:104920004FF6FF71884200F0B3802046F0F7D4F9CB
:1049300001462046F0F73AF9002800F0A98040F639
:10494000E571C0F604010546DBF732FE002867D0AA
:1049500040F6AB71C0F604012846DBF729FE0028BB
:1049600066D02878312806D16878232803D1A87822
:10497000002800F08F8079A12846DBF719FE002877
:1049800066D041F21701C0F604012846DBF710FE9D
:1049900000285DD041F20701C0F604012846DBF78C
:1049A00007FE002864D0A66B002E71D06CA12846AB
:1049B000DBF7FEFD002875D041F21B01C0F60401B3
:1049C0002846DBF7F5FD00286CD041F20B01C0F65C
:1049D00004012846DBF7ECFD002875D041F20F01F9
:1049E000C0F604012846DBF7E3FD002872D041F24F
:1049F0001301C0F604012846DBF7DAFD00286FD06A
:104A000040F68971C0F604012846DBF7D1FD002885
:104A10006CD030462946BDE870400BF0ADBE00BFFB
:104A200040F20C01C2F200010968002006E000BF5C
:104A300040F20C01C2F200014968012084F83C00F8
:104A40002046F0F72DFA2046BDE8704000F08CB803
:104A5000204620210022FCF721FC012818D1A06B60
:104A6000B0B120210022BDE87040FCF717BC00BFA8
:104A700020461F210022FCF711FC012808D1A06B61
:104A800030B11F210022BDE87040FCF707BC00BF19
:104A900070BD00BF40F20C01C2F200018968022023
:104AA000CCE700BF30460A210BF094FDA06B0CF060
:104AB00039FB002808BF70BDA06B1F210022BDE894
:104AC0007040FCF7EBBB00BF3046BDE870400BF018
:104AD000C9BF00BF3046BDE870400BF0CBBF00BF80
:104AE0003046BDE870400BF0F7BF00BF30460CF019
:104AF00017FBA16B054608460CF01AFB0178A06B6A
:104B00002B290BD02D2919D101210CF025FBA06BED
:104B10000BF0E2FFA06B2B2108E000BF01210CF09D
:104B20001BFBA06B0BF0D8FFA06B2D210BF052FDEF
:104B3000A06BA9B2BDE870400CF00EBB00210CF0D8
:104B40000BFBA06B2D210BF045FDA06B012111FA91
:104B500085F1BDE870400CF0FFBA00BFEF808D001A
:104B6000456E74657200000090F83D10C90749D188
:104B7000B0B5018E05464900084601F09DFE044689
:104B800095F83C0040F20C01C2F2000101EB8000FC
:104B90002A8E416A5200204602F0F8F8298E2846F3
:104BA00039B3211D032200BF31F8043C951E23F4C4
:104BB000806321F8043C038E9D421AD231F8023CF6
:104BC000551E23F4806321F8023C038E9D4210D2CF
:104BD0000B8823F480630B80038E9A4209D24B88A2
:104BE000551C23F480634B80038E043208319D42B0
:104BF000DAD32146F0F746F92046BDE8B04002F08E
:104C000059B800BF90F83C1040F20C02C2F200020A
:104C100002EB8101496AF0F735B9000010B50C4686
:104C200091F8481000206064C4E90900C4E90D004F
:104C300001F0A0004FF0FF324FF6FF7384F84800F8
:104C400020460221C4E90B22C4E90F3304F014FA10
:104C50002046002101F0B2F902A12046BDE8104033
:104C600001F038BA546578740000000010B50146B0
:104C700040F29860C0F6040004F02EF9044604F0F7
:104C8000BDF9204610BD0000B0B50C4691F84810A3
:104C9000480605D5A06A18B102F00CF894F848103F
:104CA00001F0BF0084F8480000250807A56202D47F
:104CB000606A01F0FFFF6562B0BD00002DE9F043BE
:104CC00091B040F29860C0F604000C4604F03AFF40
:104CD000012840F07F822046FCF7C4FA05462046B2
:104CE000FCF7D8FAA5F11301192900F27382DFE865
:104CF00011F01B00710289007102710271027102D0
:104D0000710271027102710271027102710271020B
:104D100071027102710271027102710271022D0041
:104D2000CF0071023D0100BF0021572205F062FE55
:104D3000B0F90800C0F34171084400B28110204668
:104D400011B0BDE8F043FCF799BB00BF90F84810E4
:104D500001F00701012940F00481C16A4A1C00F0FA
:104D6000008140F29002C2F200021368426A0339E5
:104D700080461046984798F8483008F1280C5B06A2
:104D800001464046634648BFDCF80030476A7E5C17
:104D90007D18002E4FF0000700F0CB800026DF5D6D
:104DA0002F70446A46F00105EFB20C44E25D54FAFC
:104DB00085F5002A00F0BD80DA5D2A70456A46F06C
:104DC0000202D7B20D44EC5D55FA82F5002C00F0DA
:104DD000B080DA5D2A70456A46F00302D7B20D440E
:104DE000EC5D55FA82F5002C00F0A380DA5D043604
:104DF0002A70426AF7B20A44D55D002D52FA86F550
:104E0000CDD196E02046FCF745FA05462046FCF752
:104E10002FFA04460FA9284604F0E8FE95F848004A
:104E20000021C0F301172846012205F0E3FD80B2FE
:104E300042F2D171884203D1688C000558BF043713
:104E400007AE3046F3F774FA686C0021CDF83200F3
:104E5000284632468DF8397006F0FEF89DF8380085
:104E60004FF6FF71002804BF01208DF83800D5E906
:104E70000F208A420892099018BF884240F0C680ED
:104E800095F8480000F00601022900F0DB80FDE003
:104E900090F8481001F00701012962D1C16A4A1C4B
:104EA0005FD040F29002C2F200021368426A0339F6
:104EB00080461046984798F8483008F1280C5B0661
:104EC00001464046634648BFDCF80030476A7E5CD6
:104ED0007D184FF0000766B30026DF5D2F70446A2F
:104EE00046F00105EFB20C44E25D54FA85F502B3D9
:104EF000DA5D2A70456A46F00202D7B20D44EC5DD5
:104F000055FA82F5ACB1DA5D2A70456A46F00302C3
:104F1000D7B20D44EC5D55FA82F554B1DA5D043632
:104F20002A70426AF7B20A44D55D002D52FA86F51E
:104F3000D3D1D95D297090F84830590608D5DCF8EE
:104F4000001029B1084601F0B5FE98F848304046F7
:104F500003F0BF0180F8481000214FF0FF32C0E994
:104F60000A1211B0BDE8F04300F032BD0021572213
:104F7000064605F03FFD804630460021582205F0E8
:104F800039FD814630460021592205F033FD96F85F
:104F9000481005463046C1F3011704F075FE30464F
:104FA0000021012205F026FD80B242F2D17290422A
:104FB00006D1708C3146000502D441F6FF7003E043
:104FC000304604F061FE3146496A2AB2CDE900203C
:104FD0000FFA89F307A8424602970CF061FF2046BA
:104FE000FCF756F9B0F90010BDF91C30B0F90220F9
:104FF000BDF91E709942C8BF0B460380BA42C8BFB4
:105000001746478011B0BDE8F08300BF28464FF433
:105010008021552205F0EEFC024628464FF48021FF
:10502000E4F7EEFAADF82A0028464FF4802120225A
:1050300005F0E0FCADF82C0095F8480000F0060102
:10504000022923D19DF8381001F0FE0102291DD15B
:10505000BDF92E00696A079ABDF9303041F6FF7636
:10506000CDE9000605A802970CF01AFFBDF83C0038
:10507000BDF84010BDF91420081A013000B2824278
:10508000C4BF01208DF8380095F8480000F00700F3
:10509000032809D0BDF83E00BDF84210081A0130BF
:1050A00000B2B0F5806F03DA4FF0000802E000BFF5
:1050B00005F13008A26805AE0FA93046E2F708FEF8
:1050C000002800F0878095F8480041070DD1284658
:1050D00005F064F8404202B20FA80021EEF716FC7A
:1050E000698B95F84800ADF8421000F006000228E0
:1050F0000CD1D4F80890A6606B6A07A90FAA2046C5
:10510000CDF80080F2F7B4FD0AE000BF6B6A07A992
:105110000FAA2046CDF80080F2F7AAFDD4F8089037
:10512000A66095F8480000F00700032850D1BDF9AB
:105130002E00696A079ABDF9303041F6FF76CDE955
:10514000000604A802970CF0ABFEBDF83C00BDF8C9
:105150004020BDF91010101A013000B2814218DD54
:10516000B5F844200798561820212022FCF7E4FACD
:1051700000EB40003044ADF83200B5F846006B6AF1
:10518000ADF8340007A90FAA2046CDF80080F2F749
:105190006FFDBDF83E10BDF84220BDF91200511A56
:1051A000013109B2884213DDB5F84410B5F8462044
:1051B000ADF832100799104409896B6A0844ADF8BC
:1051C000340007A90FAA2046CDF80080F2F750FD61
:1051D000C4F8089011B0BDE8F0830000002900F089
:1051E00085802DE9F04F91B0044608880D46059062
:1051F00020460021122205F0FDFBB5F802A0049024
:1052000020460021102205F0F5FB08900FA920464A
:1052100004F0ECFC606ABDF83C900790BDF840508B
:1052200020460021572205F0E5FB064620460021D6
:10523000592205F0DFFB074620460021582205F0E1
:10524000D9FB804694F848000A96B6F908B0C0F336
:10525000011620460021012205F0CCFB80B242F26B
:10526000D171884203D1608C000558BF0436626A50
:105270002046002103F014FE079A06961178B9B370
:105280000290A5EB0900013000B209900898414650
:10529000AAEB000000B2A0EB0B080BFA87F05FFA54
:1052A00086FA0EB2002500240890039102EB050B4C
:1052B0000A99099B5846914632460027CDE9007A63
:1052C000E4F754FC21B2414500EB050728DA19F850
:1052D0000700089A002801EB02043D464A46E5D142
:1052E000DDF80C80D4193D462EE000BFFEE700BF7C
:1052F00000251446002703282AD10A9A791BF6B202
:105300000FFA88F3204600960CF036FEBDF83C10EC
:10531000BDF840200844101A079A00F1010A37E04E
:1053200040F29800C2F2000002680EA948460E97AB
:1053300090470A2804D019F80700002808BF013751
:10534000DDF80C804A465C46069E02980328D4D0BD
:1053500002281BD10A9A791BF6B20FFA88F320466D
:1053600000960CF009FEBDF83C10BDF8402083B259
:10537000511A01318AB201EBD23109B200EBD330BC
:10538000079A491000B2A1EB600A01E04FF0000A51
:105390000021002F8DF837100E9118BFAF420FD8A3
:1053A000204640F29404C2F200042268904722682A
:1053B0000446079829469047204411B0BDE8F08F75
:1053C000DDE9041002EB050B401A069906B2C90785
:1053D0004FF0000922D100BF20460CA90BAA0EAB4A
:1053E000E4F7A6FB0C99DDE90A02FCF7A5F900B287
:1053F00000FA8AF0B04237DC0E994A19BA4233D02B
:105400001BF8093083B300EB080ABA428946E3D39C
:10541000C6E700BF0E994819B842C1D220460CA970
:105420000BAA0EABE4F784FB0E98215C0DF137005C
:10543000E4F7AEFE0028EDD10C99DDE90A02FCF795
:105440007BF900B200FA8AF2B2420DDC0E994819DB
:10545000B84209D01BF8093033B102EB080A89467B
:10546000B842DBD39CE700BFCDF83890494697E7B8
:10547000002A69D02DE9F04F8FB0456A174689465A
:1054800000212A460646002403F00AFD2978002957
:105490005CD006900DA93046089704F0A7FBBDF834
:1054A0003480BDF838A030460021572205F0A2FA1A
:1054B000074630460021592205F09CFA04903046F8
:1054C0000021582205F096FA044696F848003989DA
:1054D000C0F3011003910C903046002101220B977C
:1054E00005F088FA80B242F2D171884205D1708C01
:1054F00000050C9858BF04300C9040F29000C2F2A6
:105500000000026828464946CDF81C90904729784B
:1055100006464FF00007059441B3AAEB080001309E
:105520000B99B0460C9E03B222B22846CDE909235E
:10553000CDE90076E4F71AFB4646834680451BD248
:105540000024B6BB49E000BFFEE700BF03287C8013
:1055500000F09C80022800F08D80012840F08680B9
:10556000002038800FB0BDE8F08F00BF00244FF05E
:10557000000BF6B931E000BFDDE90310002701EBB5
:105580000009002415F80B00DA4618B3DDE90923F9
:10559000DDE90B1605EB0A0000244F44CDE9004677
:1055A000E4F7E4FA00EB0A0B4646D8455446E9D244
:1055B0009EB1A81910F8011CDDF814A00D2901D026
:1055C0000A290CD1007850B9DDE9031034460844AB
:1055D000074404E0D346002EEBD1DDF814A005EB20
:1055E00004090FFA8AF80B9A0C9D311B4846434672
:1055F00000950CF0C1FC05460798A04218BF554421
:10560000069803281ED002282DD10B9A0C9EABEBD6
:1056100004014846434600960CF0AEFCBDF8341039
:10562000BDF8382083B2511A01318AB200EBD33071
:1056300001EBD23100B209B2A5EB600000EB6105CD
:1056400011E000BF0B9A0C9EABEB040148464346A9
:1056500000960CF091FCBDF83410BDF838200844D9
:10566000281A1044451C0898058047800FB0BDE8F3
:10567000F08F00BF304604F007FB81B200EBD13061
:1056800000B2400838800FB0BDE8F08F304604F01B
:10569000FBFA38800FB0BDE8F08F000090F84800AA
:1056A000C0F3001070470000406A7047006C7047FC
:1056B000C06B70472DE9F04142B3044690F84800B2
:1056C000000748BFBDE8F08120461546884605F032
:1056D000EFFE666A3046DAF779FE07462846DAF7C3
:1056E00075FE3844411C304601F00EFB606278B113
:1056F0004FF6FF7290450DD140F29C01C2F20001BD
:1057000009688847626A0146104604E0FEE700BF68
:10571000FEE700BF41462A46E4F7A2FC20460021EE
:10572000BDE8F04100F0D6BC2DE9F04F91B0002962
:10573000099100F097800FA9064604F057FA706AA5
:10574000BDF83C800890BDF84070304600215722DB
:1057500005F050F9054630460021592205F04AF976
:10576000044630460021582205F044F9B5F90810E6
:10577000726A07910590304600210A9503F090FB6C
:1057800096F848100546C1F3011930460021012260
:1057900005F030F980B242F2D171884204D1708CA8
:1057A000000558BF09F104090899087800285BD062
:1057B000A7EB08000130039505B20798CDF81090CB
:1057C00000FA84F0069005985FFA89FB06B24FF064
:1057D00000084FF0000A894609EB08040A992046A0
:1057E00032462B460027CDE9007BE4F7BFF9099943
:1057F000079AB1F9021002FA8AF28A4200EB08070E
:105800000CDA19F80710069A0FFA8AF000EB020A70
:105810000029B846E0D109EB0704B846DDE9035991
:10582000032D27D0022D39D105980A9AA7EB08013C
:105830005FFA89F603B2204600960CF09DFBBDF896
:105840003C10BDF8402083B2511A01318AB201EBFD
:10585000D23109B200EBD330491000B2A1EB600A9B
:105860001EE000BFFEE700BF4FF000080C46002717
:10587000032DD7D105980A9AA7EB08015FFA89F69C
:1058800003B2204600960CF077FBBDF83C10BDF843
:1058900040200844101A00F1010A01E04FF0000A0C
:1058A000089800218DF83B10CDE90C180B915FB1E1
:1058B0005FEAC971A7F1010B0AD1059CD8453BD914
:1058C0004FF0000A68E000BF059C4FF0000A63E05B
:1058D000089F00200DF130090BAC0DAD0DF13B061A
:1058E00052460790924600BF0D98584520D838463A
:1058F000494622462B46E4F71BF90D98395C3046A1
:10590000E4F746FC0028EFD10C99DDE90A02FBF729
:1059100013FF09995044B1F9001000B2814255DBE0
:105920000599DDF834804218CDF81CA0DAE700BFF5
:10593000DDF81CA0059C2FE00CA90BAA0DABE4F729
:10594000F7F80C99DDE90A02FBF7F6FE09995044D5
:10595000B1F9001000B281421CDB0DF130090BAD32
:105960000DAE00BFDDF83480D84515D800EB040A31
:10597000089849462A463346E4F7DAF80C99DDE9F7
:105980000A02FBF7D9FE09995044B1F9001000B2A0
:105990008142E7DACDF834800C99DDE90A02FBF7A1
:1059A000CBFE0146099823B2B0F900200FFA8AF71E
:1059B000F81A90424FF0000005DC3B4419440131D5
:1059C0009142A8BF012011B0BDE8F08F059CE1E72E
:1059D0002DE9F04F99B00446406A002800F0F181AB
:1059E0004FF0FF30206317A9204604F0FFF8BDF800
:1059F0005C00BDF860105722081A013005B220463D
:105A0000002104F0F7FF834620460021592204F0CC
:105A1000F1FF804620460021582204F0EBFF94F865
:105A200048100746C1F3011620460021012204F068
:105A3000E1FF80B242F2D171884203D1608C00054F
:105A400058BF0436616A0FFA88F0CDE900053BB211
:105A500016A85A4602960CF023FA204606F098FE45
:105A600094F8480000F00700012800F0B1800328F6
:105A700058D0022840F0A28120460021662204F07E
:105A8000B9FF804600040AD1204604F01FF9F1F75F
:105A9000CFFC45F256514843010C01EBD07805A8E4
:105AA000EDF7B4F8BDF85C10BDF86020BDF9587092
:105AB000511A01314FF0FF300EB2ADF854004FF4DF
:105AC0009670B74205941290149040F3AD80002177
:105AD000F01BCDE90D1145F679010F90C0F60301D9
:105AE00020460691EDF762F8002800F0F780016B80
:105AF000109A914280F2FD8090F842209DF8560065
:105B0000119100F0FE0192078DF8561040F1F180DE
:105B100000F0FC0002308DF856000F980D990D90A2
:105B20000F91E6E020460021642204F063FF8046E6
:105B300020460021662204F05DFF824600040AD15F
:105B4000204604F0C3F8F1F773FC45F25651484380
:105B5000010C01EBD07A05A8EDF758F8BDF85C0010
:105B6000BDF86010BDF95860081A013007B24FF057
:105B7000FF32BE420594ADF8542047DD584620213F
:105B80002022FBF7D9FDA0EB800045F67909821BA6
:105B90000025C0F603091FFA8AF00021CDE90D5552
:105BA0000F92CDF81890EDF7A3F8109020464946D3
:105BB000ECF7FCFF002818BF056BB8F1000F41D0CF
:105BC000D8F83000D8F83C101190149144E000BF90
:105BD000BDF85E10BDF86220BDF95A00511A0131BE
:105BE00009B288420DDDBBF90810884209DD40F298
:105BF0009C00C2F200000168606A8847032800F236
:105C0000E3804FF0FF30E062D8E000BF45F6790155
:105C1000C0F603012046ECF7D3FE0020A4F84400B0
:105C2000BE421FDDA8E000BF45F67901C0F60301C2
:105C30002046ECF7C5FE0020A4F84400B74265DD1D
:105C40009AE000BF1098854206DA9DF8560011953B
:105C500000F0FE008DF8560005A8EDF757F8BE429B
:105C600000F38A80BDF85E10BDF86220BDF95A00CD
:105C7000511A013109B288427EDDBBF9081045F6A0
:105C80008105084442420026C0F603051FFA8AF047
:105C90000021CDE90D660F920695EDF729F81090D9
:105CA00020462946ECF782FF002818BF066BB8F1A2
:105CB000000F07D0D8F83000D8F83C10119014919C
:105CC00079E000BF1098864275DA9DF8560011966B
:105CD00000F0FE008DF856006DE000BF109801281E
:105CE00007DB9DF856100020119001F0FE008DF8A2
:105CF00056000D990F9A1FFA88F0ECF7F9FF1090F3
:105D0000139005A8EDF702F8B74235DCBDF85E1038
:105D1000BDF86220BDF95A00511A013109B288421A
:105D20002ADDBBF908201044081A0021CDE90D1125
:105D300045F681010F90C0F6030120460691ECF76D
:105D400035FF28B3016B109A91422CDA90F842206B
:105D50009DF85600119100F0FE0192078DF8561043
:105D600021D500F0FC0002308DF856000F980D99F7
:105D70000D900F9117E000BF45F68101C0F60301B9
:105D80002046ECF71DFE0020A4F8460016E000BFF8
:105D90001098012807DB9DF856100020119001F0A3
:105DA000FE008DF856000D990F9A1FFA88F0ECF757
:105DB0009FFF1090139005A8ECF7A8FF204605F070
:105DC00077FB19B0BDE8F08FBDF85C50BDF860609E
:105DD00058462E212E22FBF7AFFC4FF0FF313844FE
:105DE0000239721B00FB0120BDF85E100130BDF8C6
:105DF0006220ADF81400501ABBF90810013002B24D
:105E000001FA88F392FBF3F707FB1322871A0F447A
:105E100008EB02038A42B8BFC71A05A92046ADF8AD
:105E20001670FFF7DBF9666A05463046DAF7CEFAF8
:105E300040F29001C2F200010A68814630462946CC
:105E40009047C71C4F45049012D940F2980AC2F2FD
:105E5000000A0DF1100800BFDAF80020606A414620
:105E60009047049E013DF71C4F45F5D801E000BF67
:105E7000064640F2540AC2F2000A606ADAF80010DC
:105E80003044884740F2580BC2F2000B626ADBF8DC
:105E90000030804604A910469847B8F1030F3AD85D
:105EA0000498484537D8616ADAF8002008449047DA
:105EB0008044DBF80020606A04A95FFA88FA904702
:105EC000BAF1030F27D8049840F254024845C2F2B1
:105ED000000220D8616A1268084490478044DBF8C9
:105EE0000020606A04A95FFA88FA9047BAF1030FAC
:105EF00011D8049840F254024845C2F200020AD870
:105F0000616A126808449047626ADBF80030804496
:105F100004A910469847606A5FFA88F28119204602
:105F200000F012F800283FF449AF606A2E21815535
:105F3000606A30444170606A30448170606A002158
:105F4000C155E81C5FE60000F0B581B090F848301C
:105F50000446154658060E4605D5A06A18B100F04D
:105F6000A9FE94F848300021274603F0BF0047F807
:105F7000281F052D87F8200018D3681C00F09CFC12
:105F80000146386000284FF0000015D00846314621
:105F90002A46002700F0FAFEA06A475594F8480008
:105FA00040F0400084F8480005E000BF3846314624
:105FB0002A4600F0EBFE012001B0F0BD2DE9F041D2
:105FC000884645F67901C0F603010446ECF7F8FC73
:105FD00045F68101C0F603012046ECF7F1FC94F888
:105FE00048100020A8F10202606401F0DF00032ADB
:105FF00001F0070138BF2030012984F848005DD145
:10600000E16A4A1C5AD040F29000C2F200000268D5
:10601000606A0339904794F8481004F1280C490647
:10602000624648BFDCF80020616A0B5C0D18002B4B
:106030004FF000032ED00021D35C2B70666A41F034
:106040000105EBB20644F75C56FA85F517B3D35C4D
:1060500041F002072B70666AFBB20644F55C002D26
:1060600056FA87F516D0D35C41F003072B70666AA9
:10607000FBB20644F55C002D56FA87F50AD0D35CD6
:1060800004312B70676ACBB20744FE5C57FA81F586
:10609000002ED1D1D05C287094F84810480606D55F
:1060A000DCF8000018B100F005FE94F8481001F08B
:1060B000BF0000214FF0FF32C4E90A1208F00701C7
:1060C00000F0F8000144204684F84810BDE8F04193
:1060D000FFF77EBCB0B50D46044605F0E9F9606AED
:1060E000014615B1A842294614D194F848200D461E
:1060F00012070FD40546DAF769F9411C284600F06B
:1061000003FE606220B12046BDE8B040FFF760BCEE
:10611000FEE700BF38B194F84810090703D400F037
:10612000C9FD002060622846DAF750F9013000F01E
:10613000C3FB606270B12946DAF724F994F848008D
:1061400000F0F70084F848002046BDE8B040FFF7B3
:106150003FBC00BFFEE7000082B0B0B582B006923F
:10616000079309B30D46044605F0A2F9606A38B1F9
:1061700094F84810090703D400F09CFD00206062E9
:1061800006A928460191E4F71FF894F848106062C8
:1061900001F0F70084F848002046FFF719FC02B030
:1061A000BDE8B04002B07047FEE70000016405F0B2
:1061B0007FB90000C16305F07BB9000090F848206A
:1061C00012070DD4426A5AB1B0B5044610460D46C6
:1061D00000F070FD2946204600226262BDE8B04012
:1061E000002908BFFFF7F4BB90F84820416242F055
:1061F000080280F84820FFF7EBBB0000F0B581B043
:1062000040F63406C2F200060C46316840F2B83758
:10621000C2F200070546013138683160C90000F05C
:1062200073FD386060B1316800EBC10040F8085C74
:10623000386800EBC102084642F8044C01B0F0BDDA
:10624000FEE7000010B508460C460BF0BBF9A08431
:10625000FF2084F8260010BD2DE9F04FA9B00846B4
:106260000C46FAF7FFFF0546173810F1030F0FD859
:1062700040F2B460C0F60400214603F063FC01283C
:1062800040F0A981204629B0BDE8F04FFBF702B8E5
:106290002046FAF7FFFF152D40F09D811BAD064605
:1062A00007902846F3F788FD304600212A4604F07F
:1062B0008DFFBDF87080072108F01F0040F207171E
:1062C000BDF872A010FB071006900AF01F00BDF881
:1062D00076E010FB0710BDF8986005900EF01F00E7
:1062E00010FB071006F01F02049012FB0710BDF808
:1062F0008AC002900894BDF890400CF01F0204F090
:106300001F03C8F3451512FB071213FB07100C23DC
:1063100040F20C49C6F3451715FB093B17FB09353D
:10632000CCF34517CAF3451117FB0937039011FB4E
:106330000930CEF345110097C4F3451711FB09311D
:1063400017FB093301934FEAD82343F60008C0F244
:10635000080803FB08F303F56053069F1B0C4BEA88
:10636000571903EB430303EB5713C9F3072703EB59
:1063700087094FEADA2707FB08F707F56057059BFF
:106380003F0C40EA531007EB470707EB5317C0F3E6
:10639000072307EB83004FEADE23069003FB08F395
:1063A00003F5605304981B0C41EA501103EB4303BF
:1063B00003EB5013C1F3072103EB8101F30A03FB45
:1063C00008F303F5605302981B0C03EB430345EA03
:1063D000501703EB50134FEADC20C7F3072700FBED
:1063E00008F003EB870E00F56050009B000C43EAB9
:1063F000521300EB400000EB5210C3F30722DDF80C
:106400001CB0C9F3451600EB8209042202EB86009A
:10641000BBF82470C308E00A00FB08F44FF61F0025
:1064200007EB0747C0F2E07007EA000604F5605783
:10643000039D019C3F0C44EA551407EB470707EB0B
:106440005517C4F3072407EB8405069CC1F34511D7
:10645000C4F3451402EB8404E40804FB06F7CEF30E
:10646000451402EB8404E40804FB06F8C9F3451460
:10647000C5F3451502EB810102EB840402EB8502B2
:10648000C908E408D20873436FF01F0C71437443CA
:1064900072434FF61F060CEA535A9BF826E006EAB1
:1064A000531353440EF1040503EB0343ED0803407B
:1064B0006B4300EA531343EA1343ADF870300CEA20
:1064C000575306EA57173B4403EB034303406B4320
:1064D00000EA531343EA1343ADF872300CEA515308
:1064E00006EA5111194401EB01410140694300EAF8
:1064F000511141EA1141ADF876100CEA545106EA07
:106500005413194401EB01410140694300EA511160
:1065100041EA1141ADF88A100CEA585106EA5813C5
:10652000194401EB01410140694300EA511141EA7C
:106530001141ADF898100CEA525106EA521211447A
:1065400001EB01410140694300EA511040EA10406B
:10655000ADF89000BDF99A00AEF1500147F29132CA
:106560004843C5F69F5250FB02F0830903EBD070FD
:10657000BDF9A030ADF89A0001FB03F050FB02F02A
:10658000810901EBD070ADF8A0000898FAF770FE11
:1065900007460DF124084046394602F0A5FE40F2B8
:1065A000B461C0F604010A9100210BF114060B91AD
:1065B0001BAC169158461A2142460C960D94FAF7D8
:1065C0006DFE384621463246F3F7DCFB58461B2168
:1065D0004246FAF763FE29B0BDE8F08F084690F80E
:1065E0002A2000210185416202F0FE02022180F88A
:1065F0002A2002F041BD00002DE9F04F89B040F2A1
:10660000D060C0F604000D4603F09CFA012840F06B
:10661000B1802846FAF726FE06462846FAF73AFEE3
:106620002C2E834600F08E80152E15D0132E40F0B0
:10663000A18058460021492204F0DCF9044606B244
:106640002846FAF725FEB0F90010B14280F2928098
:10665000048009B0BDE8F08F2846FAF709FEBBF8C0
:106660002810002900F086800446DBF8240000286A
:1066700000F0808007A9584603F022FBBDF81C50AB
:10668000584603F093FDBDF81E608046584603F05F
:1066900095FD8146584603F075FB0DF112078246C1
:1066A0003846F1F7CBFE584600213A4604F02EFD5D
:1066B000BBF8280002285DD3A6EB0906A5EB080766
:1066C00006EB0A054FF000080DF10A0A4FF0000929
:1066D00020E000BF691AADF81010C088281AADF884
:1066E0000C0020460DF112010DF10E025346F1F798
:1066F00095FE9DF81B0009F1010900F0FB008DF8E3
:106700001B00BBF828001FFA89F10138884208F104
:1067100004082FDDDBF824009BF82A2030F808104D
:1067200040443944ADF80E108188CB19D107418817
:10673000ADF80A30CED13144ADF81010C0883044E5
:10674000CDE700BFBBF82800A0B1DBF8240088B17A
:106750002846FAF79DFDBBF82820804672B1DBF889
:106760002490042A02F0030001900BD2002200279B
:10677000002645E009B0BDE8F08F00BF00260027E5
:106780006AE000BF6FF00C0009F1080A00EA820E0F
:10679000002500220027002639F9051009EB050025
:1067A0003FB2B942C8BF0F46B0F9021036B2B0F9D5
:1067B0000430B0F90A40B0F90CC0B142C8BF0E466F
:1067C0000AEB050131F9021CBB42C8BF1F463AF96A
:1067D0000530B142C8BF0E46BB42C8BF1F46B442D7
:1067E000C8BF2646B0F90E00BC45C8BF6746B042D8
:1067F00005F11005C8BF0646AE4502F10402CBD133
:10680000019B4BB339F9221009EB82003FB2B94228
:10681000C8BF0F46B0F9021036B2B142C8BF0E462B
:10682000012B19D0B0F904103FB2B0F90620B942DB
:1068300036B2C8BF0F46B242C8BF1646022B0BD0B5
:10684000B0F908103FB2B0F90A00B94236B2C8BF79
:106850000F46B042C8BF064658460021492204F000
:10686000C9F839183044A8F80010A8F8020009B097
:10687000BDE8F08F80B5DDF808C08A42A8BF90421D
:1068800018DA884204DC8A4202DB184680BD00BF69
:106890008A42D8BF90420DDD884201DB8A42F4DD96
:1068A000A2EB010EACEB0302401A504390FBFEF04A
:1068B00000EB030C604680BDA0B1B0B540F230459E
:1068C000C2F200050446286821460BF09FF978B112
:1068D000D5E901122144914288BF0A46C5E9011257
:1068E000B0BD00BF40F2F000C2F20000704700BF30
:1068F0000020B0BD2DE9F04140F6480540F2F00817
:1069000040F230470024C2F20005C2F20008C2F291
:10691000000700260EE000BF05EBC600817945F8B0
:10692000364001F0FE01817184800136102E08BFCF
:10693000BDE8F08155F836100029F6D04145EBD07E
:1069400038680BF09BF87968081A38BF20467860E1
:10695000E2E700002DE9F04100286DD040F648083C
:10696000FF220021C2F20008002306E02A4600BFF1
:106970000433102B01F1200162D008EBC304A57988
:10698000EE070DD1A688B0420AD875D055B2002DB9
:106990001ED4D5B208EBC505AD88AE4238BF1A4645
:1069A000A57BEE0718D1A689B04215D86CD055B298
:1069B000002D03F1010523D4D7B208EBC707BF8828
:1069C000BE4238BF2A46A57DEF0708D020E000BFB1
:1069D0001A46A57BEE07E6D0A57DEF0718D1A68A5B
:1069E000B04215D85AD057B2002F03F102050DD48A
:1069F000D7B208EBC707BF88BE4238BF2A4607E0B8
:106A00002A46A57DEF07EAD002E000BF2A4600BF74
:106A1000A57FEF07ACD1A68BB042A9D848D057B21A
:106A2000002F03F10305A1D4D7B208EBC707BF8835
:106A3000BE4238BF2A469BE70020BDE8F08100BF78
:106A400051B2B1F1FF3F0BDDD0B208EBC0018A7942
:106A500058F8300042F001028A71BDE8F08100BFB1
:106A600098F80610C90700F09B8098F80E10C90727
:106A700028D108F1080893E04144086845F0010274
:106A80008A71BDE8F08100BF08EB010000F1080148
:106A9000086845F001028A71BDE8F08108EB010049
:106AA00000F11001086845F001028A71BDE8F0812B
:106AB00008EB010000F11801086845F001028A7135
:106AC000BDE8F08198F81610C90703D108F1100845
:106AD00066E000BF98F81E10C90703D108F1180836
:106AE0005EE000BF98F82610C90703D108F120081E
:106AF00056E000BF98F82E10C90703D108F1280806
:106B00004EE000BF98F83610C90703D108F13008ED
:106B100046E000BF98F83E10C90703D108F13808D5
:106B20003EE000BF98F84610C90703D108F14008BD
:106B300036E000BF98F84E10C90703D108F14808A5
:106B40002EE000BF98F85610C90703D108F150088D
:106B500026E000BF98F85E10C90703D108F1580875
:106B60001EE000BF98F86610C90703D108F160085D
:106B700016E000BF98F86E10C90703D108F1680845
:106B80000EE000BF98F87610C90703D108F170082D
:106B900006E000BF98F87E10C9072FD108F17808E9
:106BA00040F23045D8F8001040F2F002C2F2000581
:106BB0000446C2F200022868914205D022460BF03A
:106BC0003FF868B918E000BF21460BF01FF898B1F4
:106BD000D5E901122144914288BF0A46C5E9011254
:106BE00098F80610A8F8044041F0010188F8061052
:106BF000C8F80000BDE8F081FEE700BFFEE7000036
:106C000040F64801C2F200010A68824250D00A46AA
:106C100052F8083F834246D00A4652F8103F83425A
:106C200041D00A4652F8183F83423CD00A4652F8F7
:106C3000203F834237D00A4652F8283F834232D061
:106C40000A4652F8303F83422DD00A4652F8383F68
:106C5000834228D00A4652F8403F834223D00A4656
:106C600052F8483F83421ED00A4652F8503F8342B2
:106C700019D00A4652F8583F834214D00A4652F8B7
:106C8000603F83420FD00A4652F8683F83420AD0E1
:106C90000A4652F8703F834205D051F8782F82425D
:106CA0000A4618BF7047907900F0FE009071704757
:106CB0000A46F8E7014640F2F000C2F200008142C5
:106CC00018BF002900D1704710B540F23044C2F21D
:106CD000000420680AF0D2FE6168081A38BF00205C
:106CE0006060BDE81040704780B540F6C800C2F251
:106CF00000004FF400410AF06BFE40F23041C2F256
:106D00000001086080BD0000B0B50C4600290146B6
:106D100010D040F2304540F2F002C2F20005C2F25B
:106D20000002286891420FD02246BDE8B0400AF028
:106D300087BF00BF40F2F000C2F20000814218BFDE
:106D400000290FD1B0BD00BF21460AF05FFFD8B1C6
:106D5000D5E901122144914288BF0A46C5E90112D2
:106D6000B0BD00BF40F23044C2F2000420680AF017
:106D700085FE6168081A38BF0020606040F2F000AC
:106D8000C2F20000B0BD00BF0020B0BD70B500F081
:106D9000030401F00303A3420AD1002C18BF002A08
:106DA00058D1944686460B46BCF1210F70D294E22E
:106DB000212AC0F09780A2F1210C5FEA8C6300F1D8
:106DC00097800B78203A03704B7843708B788370F0
:106DD000CB78C3700B7903714B7943718B798371D5
:106DE000CB79C3710B7A03724B7A43728B7A8372BD
:106DF000CB7AC3720B7B03734B7B43738B7B8373A5
:106E0000CB7BC3730B7C03744B7C43748B7C83748C
:106E1000CB7CC3740B7D03754B7D43758B7D837574
:106E2000CB7DC3750B7E03764B7E43768B7E83765C
:106E3000CB7EC3760B7F03774B7F43778B7F837744
:106E4000CB7F2031C37700F12003BCF1200F55D256
:106E500058E100BF0B4613F8016B86460EF8016B34
:106E6000032CA2F1010C18BFBCF1000F0CD04B7821
:106E700000F1020E43708B1C022CA2F1020C18BF11
:106E8000BCF1000F40F0B682BCF1210FC0F02582AA
:106E9000ACF12101012202EB511212F0030200F0C9
:106EA000B0811C68012ACEF800405C68CEF804402E
:106EB0009C68CEF80840DC68CEF80C401C69CEF81F
:106EC00010405C69CEF814409C69CEF81840DC692B
:106ED000CEF81C4040F03C810EF1200E2033ACF186
:106EE000200C8EE1002A034640F00C8181E200BFB5
:106EF0000346BCF1200FC0F0058100BF11F8405BD4
:106F0000403A03F8405B11F83F5C202A03F83F5CED
:106F100011F83E5C03F83E5C11F83D5C03F83D5C03
:106F200011F83C5C03F83C5C11F83B5C03F83B5CFB
:106F300011F83A5C03F83A5C11F8395C03F8395CF3
:106F400011F8385C03F8385C11F8375C03F8375CEB
:106F500011F8365C03F8365C11F8355C03F8355CE3
:106F600011F8345C03F8345C11F8335C03F8335CDB
:106F700011F8325C03F8325C11F8315C03F8315CD3
:106F800011F8305C03F8305C11F82F5C03F82F5CCB
:106F900011F82E5C03F82E5C11F82D5C03F82D5CC3
:106FA00011F82C5C03F82C5C11F82B5C03F82B5CBB
:106FB00011F82A5C03F82A5C11F8295C03F8295CB3
:106FC00011F8285C03F8285C11F8275C03F8275CAB
:106FD00011F8265C03F8265C11F8255C03F8255CA3
:106FE00011F8245C03F8245C11F8235C03F8235C9B
:106FF00011F8225C03F8225C11F8215C03F8215C93
:1070000011F8205C03F8205C11F81F5C03F81F5C8A
:1070100011F81E5C03F81E5C11F81D5C03F81D5C82
:1070200011F81C5C03F81C5C11F81B5C03F81B5C7A
:1070300011F81A5C03F81A5C11F8195C03F8195C72
:1070400011F8185C03F8185C11F8175C03F8175C6A
:1070500011F8165C03F8165C11F8155C03F8155C62
:1070600011F8145C03F8145C11F8135C03F8135C5A
:1070700011F8125C03F8125C11F8115C03F8115C52
:1070800011F8105C03F8105C11F80F5C03F80F5C4A
:1070900011F80E5C03F80E5C11F80D5C03F80D5C42
:1070A00011F80C5C03F80C5C11F80B5C03F80B5C3A
:1070B00011F80A5C03F80A5C11F8095C03F8095C32
:1070C00011F8085C03F8085C11F8075C03F8075C2A
:1070D00011F8065C03F8065C11F8055C03F8055C22
:1070E00011F8045C03F8045C11F8035C03F8035C1A
:1070F00011F8025C03F8025C11F8015C03F8015C12
:107100003FF6FCAE12F00304A2F1010C0ED08E4645
:107110001EF8016B1D46012C05F8016B0CD12B46A6
:107120006246BCF1030F3DD263E100BF8E46BCF165
:10713000030F37D25DE100BF4E78022C5E7027D17D
:10714000023301F1020E023ABCF1030F2AD250E1E0
:107150001C6A022ACEF820405C6ACEF824409C6A61
:10716000CEF82840DC6ACEF82C401C6BCEF83040BC
:107170005C6BCEF834409C6BCEF83840DC6BCEF8BC
:107180003C4021D10EF1400E4033ACF1400C38E0D0
:107190008E7801F1030E9E700333033ABCF1030FA6
:1071A000C0F02781AEF10401043B00BF11F8046F69
:1071B000043A03F8046F4E785E708E789E70CE7835
:1071C000DE70F3D115E100BF1A6CACF1600CCEF8A3
:1071D00040205A6CCEF844209A6CCEF84820DA6CE5
:1071E000CEF84C201A6DCEF850205A6DCEF85420AF
:1071F0009A6DCEF85820DA6D6033CEF85C200EF12F
:10720000600E602969D300BF1968ACF1800CCEF81C
:1072100000105968BCF1200FCEF804109968CEF820
:107220000810D968CEF80C101969CEF810105969F9
:10723000CEF814109969CEF81810D969CEF81C1040
:10724000196ACEF82010596ACEF82410996ACEF83F
:107250002810D96ACEF82C10196BCEF83010596B63
:10726000CEF83410996BCEF83810D96BCEF83C10AC
:10727000196CCEF84010596CCEF84410996CCEF8C9
:107280004810D96CCEF84C10196DCEF85010596DCD
:10729000CEF85410996DCEF85810D96DCEF85C1018
:1072A000196ECEF86010596ECEF86410996ECEF853
:1072B0006810D96ECEF86C10196FCEF87010596F37
:1072C000CEF87410996FCEF87810D96F03F180035F
:1072D000CEF87C100EF1800E96D8BCF1050F13D3BA
:1072E000ACF10501012202EB910212F003050FD06F
:1072F0001C4654F8046B7246012D42F8046B0DD104
:10730000ACF1040C1FE000BFBCF1000F37D170E0FE
:107310001C4672460C29234619D230E05A68022DC9
:10732000CEF8042006D10EF1080203F10804ACF1F6
:10733000080C08E09A6803F10C04CEF808200EF15E
:107340000C02ACF10C0C96460C29234617D32346AD
:10735000964600BF1968ACF1100CCEF800105968C1
:10736000BCF1040FCEF804109968CEF80810D96863
:1073700003F11003CEF80C100EF1100EEAD81CF039
:107380000304ACF101010BD01A4612F8016B7546EB
:10739000012C05F8016B05D1AE468C4616E000BF06
:1073A0001A4613E05A78022C8EF8012006D10EF10D
:1073B000020E9A1CACF1020C08E000BF9A78ACF106
:1073C000030C8EF802200EF1030EDA1C032938BFDD
:1073D00070BD111FAEF1040211F8043FBCF1040CA2
:1073E00002F8043F4B7853708B789370CB78D3704E
:1073F000F2D170BD8B7800F1030E8370CB1CA2F12B
:10740000030CBCF1210FBFF443AD66E72DE9F04159
:1074100010F00303884618BF002A07D14FF001314E
:10742000212A08FB01F115D25FE000BF571E83F04F
:107430000304A74238BF3C46661C31464246054617
:10744000D9F75AF8A8193A1B4FF00131212A08FB45
:1074500001F14AD3A2F12103012707EB531717F0DB
:1074600003061BD0012EC0E90011C0E90211C0E9DA
:1074700004118161C16105D12030203A602B0FD207
:1074800033E000BF022EC0E90811C0E90A11C0E9CB
:107490000C118163C16349D14030403A602B24D341
:1074A000803AC0E90011C0E90211C0E90411C0E945
:1074B0000611C0E90811C0E90A11C0E90C11C0E9C0
:1074C0000E11C0E91011C0E91211C0E91411C0E990
:1074D0001611C0E91811C0E91A11C0E91C11C0E960
:1074E0001E11202A00F18000DAD8052A3ED3531F4E
:1074F000012707EB930717F0030509D00646012D76
:1075000046F8041B08D1043A30460C2B23D231E054
:1075100006460C2B1FD22DE0022D416014D100F144
:107520000806083A30460C2B15D223E0C0E91011AA
:10753000C0E91211C0E91411C0E916116030603AB7
:10754000602BADD2D1E700BF00F10C060C3A816090
:1075500030460C2B0ED33046103AC0E90011C0E97A
:107560000211042A00F11000F6D803E0002A08BF37
:10757000BDE8F08111464246D8F7BEFFBDE8F08174
:10758000F0B581B0044610F0030018BF002909D1FE
:10759000212916D2052925D211B12046D8F7BCFFE2
:1075A00001B0F0BD4E1E80F00307BE4238BF374623
:1075B0007D1C20462946D8F7AFFF2C44F11B21291A
:1075C000E8D3A1F1210020F01F0606F12005204696
:1075D0000F462946D8F7C2FFB81B2C44A0F1200162
:1075E0000529D9D3481F20F00306351D20460F4634
:1075F0002946D8F7B3FFB81B2C44011F0029CCD172
:10760000CEE70000F0B581B0044610F0030018BFCB
:1076100000290BD1212919D2052929D219B12046D7
:10762000FF22D8F769FF01B0F0BD00BF4E1E80F009
:107630000307BE4238BF37467D1C20462946FF223D
:10764000D8F75AFF2C44F11B2129E5D3A1F12100E1
:1076500020F01F0606F1200520460F462946FF228E
:10766000D8F752FFB81B2C44A0F120010529D5D32F
:10767000481F20F00306351D20460F462946FF22ED
:10768000D8F742FFB81B2C44011F0029C7D1CAE715
:10769000F0B581B00546F9F7E5FD07280CD128467D
:1076A000F9F7F8FD04462846F9F7F6FD416B8C42E0
:1076B00004D0816C8C4237D001B0F0BD826C90F860
:1076C0006010944280F86110F6D00229F4D300F1E2
:1076D000540507462846E1F777FE06462846314618
:1076E000E1F79AFE0028E7D0044628463146E1F744
:1076F00015FF3046FFF7DEFA97F8600021460138A3
:1077000087F860002846E1F709FF97F860002168D4
:10771000013887F86000384600F034F9204601B09F
:10772000BDE8F040FFF7C6BA90F8601080F861102D
:1077300001B0F0BD70B540F2F420C2F20000028842
:107740000C460846114605F065FC2046002100263F
:1077500005F026FC94F86200042100F0F00084F8A3
:10776000620004F15400A4F86060E1F763FE204673
:1077700001F00EFD0121606200F066FE40F27870BB
:10778000C0F604002146C4E90F66C4E91166E66448
:1077900001F0A2FB054601F031FC284642F26401EB
:1077A00005F022FC2846012105F00CFC28460121A9
:1077B00005F0F6FB28464FF4804100F045FE2846D0
:1077C000022101F059FC40F29470C0F604002946F1
:1077D000A56201F081FB054601F010FC284642F24B
:1077E000640142F2D17205F03BFD2846002105F00C
:1077F000D7FB284600210222022305F0AFFB2846D2
:10780000022101F039FC28464FF4804100F01CFEB3
:1078100028462563ECF764FD47F29161C0F602014A
:1078200007222346054600F0C9FD28464FF4804153
:1078300000F00AFE2846002105F0B2FB28466563E9
:10784000FAF736FF41F20B01C0F60401FCF7ACF980
:10785000206BFDF70BFA0121054600F0F5FD47F618
:107860008121A563E662C0F6020120461C22234660
:107870002665BDE8704000F0A1BD000010B50C46C3
:107880000846002105F08CFB20460021022202233D
:1078900005F064FB20460221BDE8104001F0ECBB7E
:1078A00001F15400E1F75EBD10B508460C4602F048
:1078B000C1FA416A204605F0DFFB2046012105F0B0
:1078C0006FFB204600210222022305F047FB2046E1
:1078D0004FF48041BDE8104000F0B6BD486A002872
:1078E00008BF704710B50C46FFF7E4F9002060624E
:1078F000BDE8104070470000B0B50446006B88B189
:10790000E16A002908BFB0BD94F86210C1F34101DB
:107910000125DFE801F00A03091000BF002100255E
:1079200003E000BFB0BD00BF012103F091FFE06A9A
:10793000294605F047FB206B04F0CEFAE06A04F01C
:10794000CBFA206B05F014FF206B02F081F90146A1
:10795000206B29B10121BDE8B04001F08DBB00BF13
:107960000121BDE8B04000F06FBD000010B50C462D
:107970000846012105F014FB20460221BDE8104015
:1079800001F07ABBB0B50446C06A884208BFB0BDFA
:107990000D4610B1616A05F06FFB04F154009DB112
:1079A000E1F750FD70B194F860100560481CA16AC1
:1079B00084F86000284605F05FFB206DE56258B949
:1079C0000FE000BFFEE700BFE1F7CCFC002084F829
:1079D0006000206DE56220B1216CC9B1012100F089
:1079E00081FD206CD0B194F86210C80709D0A06C5A
:1079F00009071FD4012100F027FDA06C022101F02E
:107A00003BFB94F86010606B02291FD226E000BF98
:107A1000012101F071FB206C0028E4D194F8600092
:107A2000012805D894F86200000701D4606B15E0C6
:107A3000606B0BE0012101F01FFBA06C022100F044
:107A400003FD94F86010606B022907D3012101F057
:107A500013FB606B022100F0F7FC06E0012100F04F
:107A6000F3FC606B022101F007FB20461C21002281
:107A7000F9F714FC2046BDE8B040FFF73DBF000019
:107A800010B5F9F709FCC16A044649B1A06B38B1D9
:107A9000496AD9B1FEF71EFBA06B012101F0ECFA97
:107AA000216CC9B1E06C002808BF10BD496A39B12A
:107AB000FEF710FBE06C0121BDE8104001F0DCBADC
:107AC0000121BDE8104000F0BFBC00BF012100F063
:107AD000BBFC216C0029E5D110BD000010B50C469F
:107AE00001F124002421E1F7A5FC04F130001C2160
:107AF000BDE81040E1F79EBC10B501F130000C4626
:107B0000E1F730FC04F12400BDE81040E1F72ABCA5
:107B10002DE9F04FDBB040F63C06C0F604063046D7
:107B20000C4602F00FF8012840F043842046F9F794
:107B300099FB05462046F9F7ADFB152D40F0398439
:107B400005462046F9F794FB074612A9284602F09D
:107B50004DF80DF1F4084046EFF70EFD28464FF4BE
:107B6000A021512202F046FF9DF80111002818BF04
:107B7000012001F0FB0141EA8000BDF84810BDF88A
:107B80004C208DF80101501A013082B200EBD23046
:107B900004B201EB6400BDF84A10ADF86C0001EBD3
:107BA0006400ADF86E00284600214FF0000902F095
:107BB000E5FE119049A839460A9701F095FB4FF46C
:107BC0000030CDE94A6905F1300656903046CDF8CF
:107BD00044810B95E1F728FC00285DD0DDF82C806E
:107BE00005466010109006E030462946E1F718FC83
:107BF0000546002850D028790328F5D1288B6979CB
:107C0000ADF8F400288A119AADF8F60001FB02F0F5
:107C1000FD29114698BF010A8DF800112C68A8684B
:107C2000B4F92030E78BD4E905121F440097FEF722
:107C300021FEB4F92030E78B8146E868D4E90512CB
:107C40001F440097FEF716FE0446688B10990DF549
:107C5000927B0844ADF860010DF16C0A40461A2190
:107C60005A46ADF8F890ADF8FA405A95CDF848A1CB
:107C7000F9F714FBBDF860310A98A7B21FFA89F42E
:107C80003DA95246CDE90047EFF762FC40461B2173
:107C90005A46F9F703FBA7E7BDF84800BDF84C10BA
:107CA000BDF84A30BDF84E70091A0131FF1A8AB288
:107CB000013701EBD232BDB212B207EBD53552100B
:107CC0002DB20996B2EB650FB8BF0F46B9B207EBFC
:107CD000D1310FFA81FA00EB6A00ADF8200103EB15
:107CE0006A000DF58B79ADF822014846F0F7A6FB46
:107CF0000B9C4FF4C02120464A464FF4C02803F0A5
:107D000005FA9DF81F013DAF40F010008DF81F01EE
:107D10003846F0F70DFB20464FF4C0213A4603F0F9
:107D20009BF90A9F49A8394601F0DEFA40F63C006B
:107D3000C0F604004A9003204B9004F12400CDF8D3
:107D40005881CDF83C910690E1F76EFB002800F0D9
:107D5000D1814FEA6A018046481E04900846822974
:107D6000D8BF822008440DF1DC090DF1C40A0DF1E1
:107D7000AC0B059108901AE00DF1DC094846F0F7CC
:107D8000DFFD0DF1C40A5046F0F7DAFD0DF1AC0B42
:107D90005846F0F7D5FD0C9800B2F1F7DFFF0698D2
:107DA0004146E1F73DFB8046002800F0A381CDF875
:107DB0006881B8F80400059CB8F80C10BDF82021C3
:107DC000201ABDF82231651A111AADF8A410191A3B
:107DD000ADF8A61011181844ADF8A810ADF8AA0017
:107DE000484629A947F6FF720123F1F759FCBDF86F
:107DF0002001BDF82221411BADF89C10511BADF8AC
:107E00009E10691E0844ADF8A0005018ADF8A200FD
:107E1000504627A947F6FF7201230795F1F740FC6A
:107E2000BDF82001BDF82221011BADF89410111BF3
:107E3000ADF89610049900230844ADF89800501846
:107E4000ADF89A00584625A947F6FF72F1F728FCCD
:107E500058460021F0F7FEFAB8F802100C900029FD
:107E60008AD0B8F80A004FF0000A421E002808BF66
:107E70004FF6FF722FE000BFDDF82CB0002049ADB7
:107E80004E90549058461A212A46F9F707FA0A9F4D
:107E900037A80021F0F7DEFA044638460DF58B715D
:107EA00024AA4346F0F7BAFA2046F1F757FF58469E
:107EB00016212A46F9F7F2F910980AF1010AADF8ED
:107EC0001801B9F8021011980F9A8A45C846ADF802
:107ED0001601BFF451AFB8F80A60541CA01B18BFBC
:107EE00020460F90D8E905374FF0FF3010FA81F2A5
:107EF000504600210097FEF7BDFC054659904046CC
:107F0000CDE90D46B44208BF08304446B0F80080C1
:107F10004FF0060008BF0E20DDF824B0275A58465F
:107F2000E1F782FA0028CDE9107845D0DDE9107834
:107F3000814605E058464946E1F772FA8146D8B3D2
:107F400099F804000228F5D1D9F808108D42F1DB28
:107F5000D9F80C209542EDDCB9F81280B9F814007C
:107F6000B9F8103080451F44E4D099F8160000237A
:107F7000C00728464FF0FF0608BFD4E90512009657
:107F8000FEF778FCB9F81410B9F812204FF61F0369
:107F900000F0FC0002EB0242C0F2E07301EB014191
:107FA00004301A401940C008891A484302EB5010A7
:107FB000184040EA1048BDE7E08B61880AFB00F0FA
:107FC00000EB800040000139B4F9202090FBF1F073
:107FD00002EB8201A14600EB4104BDF820010899A3
:107FE000ADF816810844BDF82211ADF8187124AF20
:107FF0000DF59078ADF89000ADF892103846214616
:108000004FF48072434605F007FCDDE90D10CDE921
:10801000528781423DAFCDF85CA14E977FF42CAFE3
:108020000C9800B2F1F79AFEB9F81000079ABDF863
:108030002011101A0844BDF82211ADF88C00ADF8DB
:108040008E1023A821464FF48072434605F0E4FBCE
:108050001BAC204639462022FEF798FE4E9417AC02
:1080600020461021D4A22B4606F03CFEDDF82CB0B1
:1080700049AD58461A212A465494F9F70FF9BDF92B
:108080007E0054991B9ABDF98030009041F6FF7034
:10809000019016A80024029409F002FFBDF85800D0
:1080A000BDF88C1000EBD03212B2A1EB6201BDF82A
:1080B0005A20BDF88E3002EBD2373FB2A3EB6703F4
:1080C00008440A9FADF85010ADF85230ADF8540096
:1080D00098184E99549BADF85600384614AA00944F
:1080E000EFF7C6FD2BA80021F0F7B4F90C9031A8EA
:1080F000CFE600BFBDF84800BDF84C101BAD091A13
:1081000001318AB201EBD2310FFA81F8BDF84A1081
:1081100000EB6800ADF8C40001EB6800ADF8C600E4
:108120002846F0F78BF90B9C4FF4A02120462A46F5
:1081300002F0ECFF3DAD2846EFF786FD20464FF4F8
:10814000A0212A4602F030FF2046002102F016FC52
:10815000814649A8394601F0C7F840F63C00C0F610
:1081600004004A9031A8099E52904FF40030569076
:108170003046E1F759F9002800F0D68004464FEA6E
:10818000680011902BA801300DF592780DF1DC0BF1
:1081900010900CE028461B214246F9F77FF8304644
:1081A0002146E1F73DF90446002800F0BD8027682C
:1081B0005A94207900285DD00128F0D1B7F92030F9
:1081C000FD8BE068D7E905121D440095FEF752FBD0
:1081D0000546B88B119A618A1044471828B209F0F5
:1081E0002FFE40F2030A10FB07F1C8F2010A51FB0F
:1081F0000AF110FB0710810BBDF8C62001EBD0700F
:108200001044ADF8DE0005F15A0000B209F018FE86
:1082100010FB07F151FB0AF110FB0710810BBDF8B1
:10822000C42001EBD070A18A1044ADF8DC00ADF899
:108230006C10208A6179ADF86E0001FB09F0FD2910
:10824000494698BF010A01200B9D4B9031A88DF83B
:1082500074101BAF529028461A2142464F97CDF812
:108260004CB1F9F71BF8529A0A9839465B46F0F779
:10827000D5F88FE72069002891D0B7F92030FD8B21
:10828000E068D7E90512EF180097FEF7F3FA2169C5
:10829000824608462BA9FAF7CFFF109DBDF8C4000F
:1082A000A18AAF782D88401ABDF8C620E38A45EA36
:1082B0000747C5F38A05ADF8DC002844D21A013817
:1082C000ADF8E00002EB57300138ADF8E20060791C
:1082D000ADF8DE2000FB09F2FD28484698BF100AE1
:1082E0008DF8FF000AEB8A00ADF8F8104100ADF8F8
:1082F000FA30BAF5B47F4FF2F012C8BF02EB40017A
:108300000B9D0220ADF8F4104B903DAF28461A218A
:1083100042465097F8F7C2FF23690A9839465A46F1
:10832000EFF728FB36E700BFBDF84800BDF84C105A
:108330000DF59278091A01318AB201EBD23109B2F6
:10834000BDF84A2000EB6106404602EB6105F1F7FB
:1083500033FD0B9C4FF400312046424602F036FFBD
:1083600020464FF40031012202F044FB81B200EBC1
:10837000D13007B220464FF40031042202F03AFB1C
:1083800081B200EBD13000B2A6EB6701ADF8F4107A
:10839000A5EB600105EB6000ADF8F61006EB670198
:1083A000ADF8FA000A98ADF8F8103DAA4146F1F789
:1083B000E9FC5BB0BDE8F08F25640000F0B581B04A
:1083C0001C4615460E46074600F056FCB868817EEE
:1083D0004A1C02F03F0201F0C00111448176B868E6
:1083E000817EC06801F03F0101EB41018900FEF789
:1083F0008BFCB968C86028B38A7E02F03F0202EBAA
:10840000420200EB820242F80C6C8A7E02F03F02CC
:1084100002EB420200EB820202F8045C8A7E02F068
:108420003F0202EB420200EB820242F8084C897ED6
:1084300001F03F0101EB410100EB81000C3801B07C
:10844000F0BD00BFFEE70000F0B585B00D46044664
:1084500003F098F8E907064604D1E0692843E06193
:1084600016E000BF204603F023F8E069218C284382
:108470008907E0610CD5A06850B1876847B13846DC
:10848000F9F7DCFE3846F9F7B5FF08B103F010F84C
:10849000204603F077F815F0C07F08BF90EA060089
:1084A00004D1E8060CD405B0F0BD00BF204601F0B1
:1084B000C1FC03F09BF8204603F098F8E806F2D5DB
:1084C00003AD01AE20462946324601F07FFE20462C
:1084D000294603F01DF82046314603F019F805B08F
:1084E000F0BD0000028C11438A4208BF704704F0BF
:1084F000DFBE00002DE9F04381B00546408C00F45A
:108500007C70B0F57C7F04BF01B0BDE8F08391467C
:108510008846284611464FF6FF720023002711F0C7
:10852000E7FDB5F822C0E868CCF305120AB3534260
:10853000002700EBC706F479A4071AD0DC19611CE8
:108540000FD0F17B89070FD0A11C0AD0F17D8907DC
:108550000CD0E11C05D0F17F890709D00437D91967
:10856000E7D1174605E000BF013702E0023700E01F
:1085700003370CF1100101F47C722CF47C731A4463
:108580006A844FF4FC7202EA5101FEF7BDFB698C6C
:10859000E860C1F30513591EB94268D9F84318447D
:1085A000DA1B10F0030EA2F1020C13D0EE68BEF13C
:1085B000010F06EBC30454E9044206EBC10046F880
:1085C0003140A3F1020642600AD13046BCF1030FEC
:1085D0002AD24BE008461946BCF1030F24D245E0ED
:1085E000E868BEF1020F00EBC10151E9041200EB93
:1085F000C60440F83610A3F10301626006D10846B4
:108600003146BCF1030F0FD230E000BFE86800EB49
:10861000C60252E9042600EBC10440F83120181FBD
:108620006660BCF1030F21D3C20000BFEB6803EB0F
:10863000C10151E904169C1899506660E96811441B
:1086400051E9043641E90236E968114451E9063638
:1086500041E90436E9688B1853E90864C11E0438FF
:10866000B842A2F1200243E90664DFD8E86800EBD3
:10867000C7000821FEF784FFE868494600EBC703FE
:1086800040F837804FEA1940987128464FF6FF723C
:10869000A3F8049001B0BDE8F04304F0ABB80000CB
:1086A00070B582B0164600221C46054604F09CFFB9
:1086B0006A4628460721002301F096FB20B10128D5
:1086C00007D10098B04204D028463146002204F079
:1086D000BBFF01AA28460821002301F085FB20B139
:1086E000012807D10198A04204D028462146002243
:1086F00004F0B0FF02B070BD2DE9F04F89B048F62C
:10870000CC07C2F2000716463A780D468346069318
:108710009AB901203870584601F092FB0446408C0B
:10872000410708D520F0040060842046EAF700F9EC
:10873000608C4107F6D4002038701DB9584601F00E
:1087400079FB0546584601F075FB0021322282462E
:108750004FF0000902F04EF9044650460021122263
:1087600002F048F92044039050460021102205945D
:1087700002F040F9049028460021322202F03AF932
:10878000044628460021122202F034F98046284689
:108790000021102202F02EF9152E00F20D82A044C5
:1087A00000EB0409DFE816F016001302CC001F00EE
:1087B0007B0120015A01DC01BA019000B001680080
:1087C0007E0052014C00BC004200F8009E010C02E9
:1087D00004014C0128460021162202F00BF9C0B218
:1087E000012840F0F48128460021122202F002F90B
:1087F000029028460021132202F0FCF80646284683
:108800000021322202F0F6F8029FA98A2A8B3E4408
:108810003144BBF814C0424401EB4000BBF818409F
:10882000101A6044A0EB0408D1E100BFBBF81800A7
:10883000BBF81410C04301EB00084FF00009C6E17B
:10884000A88A298BBBF81820081A013081B200EBE6
:10885000D130BBF8141000B2511A01318AB201EBC9
:10886000D231EA8A6B8B401009B2A0EB6108981AEA
:1088700000F10109ABE100BFA88A298BBBF81820E1
:10888000081A013081B200EBD130BBF8141000B2ED
:10889000511A01318AB201EBD231401009B2A0EB7A
:1088A000610809E0A88A298BBBF81420BBF81830AE
:1088B000081A1044A0EB0308BBF81A00BBF8161006
:1088C000C04301EB000982E128460021122202F098
:1088D00091F8044628460021132202F08BF8064640
:1088E00028460021322202F085F8A98AA3192A8B92
:1088F000194401EB4000101A013081B200EBD13075
:10890000BBF81410BBF8182000B2511A01318AB21A
:1089100001EBD23109B208EB6000A0EB61081FE166
:10892000A88A298BBBF81420081ABBF81830104409
:10893000E98A6A8BA0EB0308501A00F1010946E1AD
:1089400028460021122202F055F80446284600214C
:10895000132202F04FF8064628460021322202F088
:1089600049F8A98AA3192A8B194401EB4000101A6F
:10897000013081B200EBD130BBF81410BBF81820E5
:1089800000B2511A01318AB201EBD23109B208EBBF
:108990006000A0EB61081AE1BBF81800BBF81410E6
:1089A000EA8A6B8BC04301EB0008981A08E000BF0D
:1089B000A88A298B6A8B081AE98A00F10108501AE3
:1089C000013081B200EBD130BBF81610BBF81A2091
:1089D00000B2511A01318AB201EBD231401009B212
:1089E000A0EB6109F3E000BF28460021122202F04B
:1089F00001F8044628460021132201F0FBFF064639
:108A000028460021322201F0F5FFA98AA3192A8BFA
:108A1000194401EB4000101A013081B200EBD13053
:108A2000BBF81410BBF8182000B2511A01318AB2F9
:108A300001EBD23109B208EB6000A0EB61082EE037
:108A4000A88A298B081A00F1010852E0E88A698B8C
:108A50004FF00008081A00F10109B8E0284600218B
:108A6000122201F0C7FF029028460021132201F0D4
:108A7000C1FF074628460021322201F0BBFF029EBB
:108A8000A98A2A8B3E443144BBF81430424401EB9E
:108A90004000BBF81840101A1844A0EB0408284600
:108AA0000021102201F0A6FF029028460021112289
:108AB00001F0A0FF074628460021322201F09AFF6C
:108AC000029EE98A6A8B3E443144BBF816304A4420
:108AD00001EB4000BBF81A40101A1844A0EB04093F
:108AE00075E000BFBBF81800BBF81410C04301EBE1
:108AF0000008E88A698BBBF81620BBF81A30081A00
:108B00001044A0EB030962E0BBF81A00BBF8161092
:108B1000C04301EB00094FF0000858E0284600214F
:108B2000122201F067FF029028460021132201F073
:108B300061FF019028460021322201F05BFFDDE950
:108B40000176A98A2A8B3E443144BBF81430424452
:108B500001EB4000BBF81840101A1844A0EB0408C1
:108B600028460021102201F045FF04462846002136
:108B7000112201F03FFF064628460021322201F073
:108B800039FFE98AA3196A8B194401EB4000101AD6
:108B9000013081B200EBD130BBF81610BBF81A20BF
:108BA00000B2511A01318AB201EBD23109B209EB9C
:108BB0006000A0EB61090AE04FF0000807E000BF89
:108BC000A88A298B4FF00009081A00F10108129CAD
:108BD00050460021162201F00DFFA98A069BBAF823
:108BE00014201944039BC0B21A440128A1EB0206C9
:108BF000504603D101F050FA02E000BF01F0CAF97B
:108C000030444044EE8ABAF8167005B2504601F07E
:108C1000C5FADDE904211144611A49443144C91BF4
:108C20000C1858460121002204F0DEFC07AA584621
:108C30000721002301F0D8F820B1012807D10798B7
:108C4000A84204D058462946002204F0FDFC08AA98
:108C500058460821002325B201F0C6F820B10128AA
:108C600007D10898A84204D058462946002204F0AB
:108C7000F1FC09B0BDE8F08F10B50446806800280B
:108C800018BF10BD48F6C800C2F2000001680131EB
:108C900001601C20FDF710FEA06068B11C21FEF7EA
:108CA0006FFCA068417E41F00F014176A068017E13
:108CB00041F00301017610BDFEE70000F0B583B07E
:108CC0000C460121054602F0B3F818B100273846DA
:108CD00003B0F0BD284601F0B3F8064600F0F6FFF9
:108CE0000746EEF7F3FB86420ED03846EEF7F8FB68
:108CF000864209D03846EEF7D1FB864204D038468A
:108D0000EEF7C2FB864253D128464FF4002102F011
:108D100097F8C0B92846E0F741FCA98AEA8A2B8B6C
:108D20006F8B091AADF80010111AADF8021019185E
:108D30003844ADF80410ADF806006A4620462146D6
:108D4000DEF7C6FFA0B328462146012200230127F3
:108D500001F07EFF284601F06DF80028B7D00546E7
:108D60006E46002705E000BF284601F063F805467F
:108D700010B32846012102F05BF8C8B928464FF429
:108D8000002102F05DF80028EED1D5E905010122AD
:108D9000CDE9000128463146002301F059FF204665
:108DA00021463246DEF794FF0028DDD18FE700BF71
:108DB0000027384603B0F0BD0127384603B0F0BDA8
:108DC0002DE9F04140220C46054601F013FE06460F
:108DD000000433D028462146452201F00BFEC0B2E4
:108DE00003282BD3B0B206EBD03006B2284621467A
:108DF000432201F0FFFD00EB5608284621464122A0
:108E000001F0F8FD064607B228462146422201F04D
:108E1000F1FD01B286EAE73280EAE130A2EBE73207
:108E2000A0EBE13092B280B2824288BF104640444B
:108E3000013000B220EAE07701E000BF00272846B9
:108E40002146352201F0D6FD0646000412D0284600
:108E50002146372201F0CEFDC0B203280AD32846AE
:108E60002146382201F0C6FD00B200FA86F0B84271
:108E7000C8BF074628462146692201F0BBFD06B25D
:108E8000284621466A2201F0B5FD00B28642C8BFDD
:108E9000304620EAE070384400B2BDE8F0810000BE
:108EA00070B55B220C46054601F0A4FDC6B228460B
:108EB0002146162201F09EFD012E98BF0126304664
:108EC00070BD000000280FBF00200068401AB0FAF3
:108ED00080F018BF40097047F0B581B006460D46D6
:108EE000C8B14FF6F070C0F20F00324691690142EE
:108EF00032D112687AB1916901422DD1126852B112
:108F00009169014228D112682AB19169014223D1A5
:108F10001268002AEAD100273846FDF7CDFC10B3CD
:108F200039460446FEF72CFBC4E9006505B3A96881
:108F300091B30868B8B34A6801324A609100FDF7FE
:108F4000E3FEA9684A68086000EB820040F8044C20
:108F5000204601B0F0BD00BFC1F30F173846FDF742
:108F6000ABFC0028DCD10024204601B0F0BD00BFDE
:108F7000EEF758FA20B30546C06848B3696A013174
:108F800069628900FDF7C0FE696AE86000EB810054
:108F900040F8044C23E000BF2846FFF76DFEA968A7
:108FA00008680028C7D10420FDF786FCA96808607E
:108FB0000460A86801214160204601B0F0BD00BFF7
:108FC0002046FDF777FE0024204601B0F0BD00BF2B
:108FD0000420FDF771FCE860046001206862002055
:108FE0006061EEF739FA013820830020EEF78AFA43
:108FF00001386083204601B0F0BD0000B0B50446E2
:1090000002F0F4FA002000F077F9204608F054FA54
:10901000204600F079F8012000F06EF920464FF468
:1090200070214FF6FF7203F0E5FB204603F0B0FB22
:10903000F9F7D2F958B12146096841B18A6912F0AD
:109040000C02F9D0042A02D12146F9F75BF8204638
:1090500000F0F0FE002808BFB0BD222122460546E0
:10906000F8F71CF9284623212246F8F717F920467D
:10907000BDE8B04002F01CBA2DE9F04184B00D46C5
:10908000044602F07FFAE90680460ED502AF6E462E
:1090900020463946324601F099F82046394602F01A
:1090A00037FA2046314602F033FAE069E90720EA50
:1090B0000500E0610ED0204602F0FAF9204602F0E9
:1090C00061FA38B1204600F0B5FE02F08FFA204672
:1090D00002F08CFA204602F055FA15F0C07F08BF66
:1090E00090EA080004D0204600F0A4FE02F07EFAC8
:1090F00004B0BDE8F0810000028C22EA01018A423E
:1091000008BF704704F0D4B8B0B5056804462868B5
:1091100018B120602046FFF7F7FF6A682560002A33
:1091200008BFB0BD28462146BDE8B040104700004A
:109130002DE9F0414D680C4625B3284600F02AFF82
:109140008046284601F02AF8EE8A07462846002184
:10915000102201F04FFCF11B0844E0820138AE8A76
:10916000608328460021122201F044FCA6EB08018E
:109170000844A082013820834BF67630E061BDE8D8
:10918000F08100BF41F67600E061BDE8F0810000AB
:1091900010B5014640F69000C0F60400FFF79CFEB3
:1091A0000446FFF72BFF204610BD00002DE9F043D9
:1091B00081B0044602F07CF9A4B1656895B12046FF
:1091C00009F0E2FA284603F09FFE284622210022F9
:1091D000F8F764F828462421002201B0BDE8F043E6
:1091E000F8F75CB840F2DC30C2F20000E0F7ECF8CF
:1091F00000283DD040F2DC380546C2F2000805E008
:1092000040462946E0F708F9054688B3686A002811
:10921000F6D0D5F80C90C0F1000C09F10C03A0F1C8
:10922000010E002753F80C1CA14219D0BE45E7D00F
:1092300009EB87025668A64212D00CEB0706B11C58
:10924000DED09168A1420BD0F11CD9D01968A1429F
:1092500006D00437B84203F11003E3D1D0E700BFD2
:109260002E69204609F090FAA64204BF002028612A
:1092700001B0BDE8F083000010B508460C46DFF7EA
:1092800017FA002000F038F84FF6FF72C0F20F0214
:109290002046002103F0ACFB012000F02DF8204611
:1092A0000021E9F78DFBA068E0B1816831B120466B
:1092B000F9F7AAF8A068002808BF10BD016829B115
:1092C0000846FDF7F7FCA06800210160C16829B1DC
:1092D0000846FDF7EFFCA0680021C160FDF7EAFC3D
:1092E0000020A06010BD0000B0B50C464821054626
:1092F000FEF746F92C60B0BD40F2E801C2F2000171
:10930000087070472DE9F047A4B008460D46F7F7FE
:10931000A9FF04462846F7F7A9FF611E292900F294
:109320004A810446DFE811F0EC004701F2004701F2
:1093300047014701470190005C0162014701470175
:10934000AC00F8002001470147012A0084004701D2
:109350002A00470147012A00470147014701470109
:10936000470147014701470147015A0047015000A3
:10937000470147014701470126014A012846F7F7FF
:1093800071FF06462846F7F785FF182E044600F0C1
:10939000D581152E00F04A81122E40F00C8128460E
:1093A000F7F776FF05460078022800F00481204692
:1093B0000021172201F01EFB002800F0418202204C
:1093C000287024B0BDE8F087608C40F00201204690
:1093D000618424B0BDE8F04702F008B920460021BE
:1093E000012201F007FB054620460021042201F07E
:1093F00001FB064620460021092201F0FBFA074640
:10940000204600210A2201F0F5FA00040AD1F8B240
:1094100040B9A9B242F2D170814203D0B1B28142C7
:1094200040F0C980204624B0BDE8F04702F0DEB825
:1094300020460021FFF7C4FC0146284624B0BDE8C1
:10944000F047F8F71BB800BF208C20F020018842BD
:1094500002D0204603F02CFF2846F7F711FFFAF759
:10946000E7FC002840F0A780207F000740F1A380A0
:10947000208CC10740F0D48140F00101D4E100BF4D
:10948000E069010700F1A68100F40160B0F5016F09
:1094900040F09180204602F055F8002840F08B8083
:1094A000204600F077FD0746204600F0F5FD064611
:1094B0002846F7F7EDFE00781138032800F27B808C
:1094C000DFE810F02A03F00204000C03204600F04D
:1094D0002FFD800700F0E682002FD8BF002E40F35A
:1094E000E182204600F062FE0546204601F02EFC97
:1094F000C0F34171084400B205EB900004E300BFE3
:10950000208C40F02001884255D07AE1208C20F058
:10951000200188424FD074E1607F400703D5204688
:10952000012103F09FFCA068002814BF8068002080
:10953000F8F758FF0646FAF73BFC10B92846F7F74C
:109540009FFEFAF781FC0238022110F0FD0F08BFE0
:109550000621208C002E41EA000100F0478141F0F5
:109560000801884227D04CE1208C20F00E0188426F
:1095700021D046E120460021092201F03BFA0546B0
:10958000204600210A2201F035FA80B2E9B20843F0
:1095900002D0204602F02AF8204600F003FB50B12A
:1095A00005460026A068006850F8260002F01EF864
:1095B0000136B542F6D124B0BDE8F087204600F070
:1095C000F1FA0028F7D00546002600BFA068006821
:1095D00050F8260002F00AF80136B542F6D1EAE763
:1095E000208C40F040018842E5D00AE1208C20F038
:1095F0004001884202D0204603F05AFE204601F086
:1096000097F90228D7D16D4612AE20462946324638
:1096100000F0DCFD2046294601F07AFF2046314665
:1096200001F076FF24B0BDE8F08700BF2846F7F7C9
:109630001FFE0DF1480A80465046F0F7BDFB20465C
:10964000002134224FF0000901F0D4F928B19DF82F
:109650006B0040F001008DF86B002046002152465F
:1096600001F0B4FD20460021692201F0C3F905464E
:10967000204600216A2201F0BDF9264636F8141F63
:10968000238BE28A678B491BADF888105919ADF816
:109690008C10111A38446D46ADF88A10ADF88E0062
:1096A00028464146FFF720FE40F69000C0F6040031
:1096B000CDE9010922A8039020461A212A46CDF8B7
:1096C00010A0CDF83490F7F7E9FD204600211722CD
:1096D00001F090F928B3BDF8480010B3169F4FF081
:1096E000000912A922AA4046CDF85890F0F74AFB8B
:1096F0001820FDF72FF9BDF9482031460023054613
:10970000EFF7CEFF04F590712846EEF7A3FE6FB198
:109710008DF84B908DF86A908DF872908DF87E9050
:10972000169712A922AA4046F0F72CFB6A4620465B
:109730001B21F7F7B3FD24B0BDE8F0872846F7F703
:1097400097FD0DF18808814620AA2046414600F089
:109750003DFD4046EAF7B0F828B920A8EAF7ACF892
:10976000002800F0378112AF3846F0F725FB20467D
:109770004FF48031212201F03DF9C1B203298DF867
:109780004B0007D320464FF48031202201F032F9FC
:10979000ADF84C0020464FF48031312201F02AF917
:1097A000C1B203298DF86A00C0F0858020464FF4CD
:1097B0008031322201F01EF901B20129ADF86800B2
:1097C00076DB20464FF48031302201F013F9ADF8FA
:1097D000660070E02846F7F75BFD007800F0FD01B9
:1097E000112915D1208C40F001011BE0884203D0E3
:1097F000204603F05DFD208C20F0080188423FF4F4
:10980000DAAE204624B0BDE8F04703F051BD00BFFA
:109810000A283FF4D0AE142801D0122807D1208C9A
:1098200020F00101884202D0204603F041FD20468D
:109830001C21002224B0BDE8F047F7F72FBD00BF80
:10984000204600210B2201F0D5F880462046002159
:10985000692201F0CFF80746204600216A2201F074
:10986000C9F8A18A238BE28A668BC91BADF8001068
:10987000D919ADF80410111A3044ADF80600686823
:10988000ADF802100FFA88F26946DEF751FA48B1D6
:10989000204600212122002601F0ACF8C0B2FD28AC
:1098A00080F00E8101262E7024B0BDE8F08700BF45
:1098B00000208DF86A0020464FF48031452201F0E7
:1098C00099F8C1B203298DF87E001ED320464FF4CB
:1098D0008031402201F08EF801B20129ADF8760006
:1098E00010DB20464FF48031432201F083F8ADF8BD
:1098F0007C0020464FF48031442201F07BF8ADF823
:10990000740002E000208DF87E0020464FF4803184
:1099100001F034F89DF84B10FD280BD24143090AA1
:109920004843000A02468DF84B108DF86A008DF806
:109930007E0003E09DF86A209DF87E00002908BFA4
:10994000002A45D020464FF480310B224FF4803559
:1099500001F050F8ADF8480068464946FFF7C4FCEE
:1099600040F69000C0F604000190022022AE029062
:10997000304604970D95E9F79FFF80B16F4620466A
:109980001A213A460396F7F789FC12A9484632464F
:10999000F0F7F8F920461B213A46F7F77FFC20AE96
:1099A0003046E9F789FFA8B16F4620461A213A46AA
:1099B0000396F7F773FC12A9484632460396F0F770
:1099C000E1F920461B213A46F7F768FC02E000BFA8
:1099D0000028B7D120460021172201F00BF850B122
:1099E00004F59070F0F712F928B10646EEF7A8FFDB
:1099F0003046FDF705F9204600213422002500F00D
:109A0000F9FF00283FF4D7AD0DF1480A5046F0F7B2
:109A1000D3F92046002152468DF84B508DF8625004
:109A20008DF872508DF87E5001F0D0FB2046002159
:109A3000692200F0DFFF0646204600216A2200F07E
:109A4000D9FFA18A238BE28A678B891BADF8881026
:109A50009919ADF88C10111A38446E46ADF88A1079
:109A6000ADF88E0030464946FFF73EFC40F69000C8
:109A7000C0F604000190012002A981E801052046FA
:109A80001A2132460D95F7F709FC484651464246E1
:109A9000F0F778F920461B213246F7F7FFFB24B098
:109AA000BDE8F087204600F089FB0546204600F01F
:109AB00069F9C0F34171084400B205EB900038E049
:109AC00020460021602200F095FFC0B2FD2838BF7B
:109AD00001262E7024B0BDE8F08700BF204600F0BC
:109AE00027FA800718D0002FD8BF002E14DD20469B
:109AF00000F05CFB0546204601F028F9C0F34171F7
:109B0000084400B2A5EB900001B22046002224B028
:109B1000BDE8F04703F0C4B9204600F04FFB05460E
:109B2000204600F02FF9C0F34171084400B2A5EBC4
:109B3000900001B22046002224B0BDE8F04703F0B7
:109B4000C9B9000010B5002808BF48680068B8B15E
:109B5000026962B9006898B1026942B9006878B1D7
:109B6000026922B9006858B10269002AEED00023C8
:109B7000CB600C469047207E012121EA000010BDF9
:109B8000012010BD806858B14268B1F1FF3F01DC8F
:109B9000891805D4914203D2006850F8210070471B
:109BA000002070478068002814BF4068002070477C
:109BB00010B58368B0F814E0B0F816C0048B408B81
:109BC000002BA1F800E0A1F802C08C80C88008BF7B
:109BD00010BD9B8AAEEB03020A801A198A80ACEB97
:109BE000030218444A80C88010BD0000B0B50C467E
:109BF00000213222054600F0FDFE6969AA69404253
:109C0000216001B2626020460A46E9F76FFE2846ED
:109C10000021122200F0EEFE218813220844208049
:109C20002846002100F0E6FEA1881022081AA08034
:109C30002846002100F0DEFE618811220844608081
:109C40002846002100F0D6FEE188081AE080B0BD69
:109C500070B500211022044600F0CCFE05462046D7
:109C60000021112200F0C6FE0646204600213222C5
:109C700000F0C0FEE18AAB19628B194401EB400091
:109C8000101A013000B270BD70B5002112220446D6
:109C900000F0B0FE054620460021132200F0AAFE87
:109CA000064620460021322200F0A4FEA18AAB190C
:109CB000228B194401EB4000101A013000B270BD34
:109CC000426980690A604860704700002DE9F043EE
:109CD00081B0416871B100BF4168054659B148681B
:109CE0000D4640B14168054629B148680D46002837
:109CF000F2D100E0054640F2DC30C2F20000DFF7AE
:109D000063FB98B340F2DC380146C2F2000804E07D
:109D10004046DFF781FB014640B3486A0028F7D090
:109D2000D1F80C90C0F1000C09F10C04A0F1010E67
:109D3000002754F80C2CAA4219D0BE45E8D009EBF4
:109D400087035E68AE4212D00CEB0706B21CDFD070
:109D50009A68AA420BD0F21CDAD02268AA4206D036
:109D60000437B84204F11004E3D1D1E700210846DA
:109D700001B0BDE8F08300008068002814BF80684F
:109D800000207047C18A408B401A013000B27047F2
:109D9000002804BF0020704780B58646406808B39D
:109DA000D0F808C0BCF1000F18D0DCF80430ABB11B
:109DB000002006E00022724508BF80BD01308342CA
:109DC0000CD0B0F1FF3F024601DC1A18F2D49A42DF
:109DD000F0D2DCF8001051F82220ECE74FF0FF3011
:109DE00080BD00BF002080BD10B5B0F822C0CCF30C
:109DF000051CBCF1000F1BD0C06800F1070E04E089
:109E0000BCF1010C0EF1080E12D09EF80000C00744
:109E1000F6D01EF8010C3EF8034C44EA00408342A1
:109E2000EED15EF8070CBDE8104005F0A5BA00BF02
:109E3000002010BD002814BF4068002070470000BB
:109E4000014607E04A680846002A08BF7047516883
:109E5000104651B1002904BF002070474A680846E7
:109E60001AB1516810460029ECD170472DE9F04F26
:109E700081B083464EF20109FFF794FE4EF20106CF
:109E8000E0B140F2010805460024C0F2040802E0F7
:109E90000134A54212D0DBF808004146006850F8B2
:109EA0002470384600F0CCFF0028F1D1B7F91A0031
:109EB00031B28142C8BF08460646E9E7584600214C
:109EC000102200F097FD804658460021112200F034
:109ED00091FD824658460021322200F08BFDB1B23E
:109EE0004945074606D0BBF81A0006EB0A0139447B
:109EF000A1EB0009584600F023FD05465846FFF740
:109F000041FF0AEB080202EB4702DBF808102A4483
:109F1000101A002914BF498A0021084400B20FFA20
:109F200089F18142C8BF084601B0BDE8F08F00004A
:109F3000806800280EBF0F20407E00F00F007047A1
:109F4000B0B50C4645F2D971C0F603010546E8F7F5
:109F50002DFE08B1008D02E0A868A8B1008A404239
:109F600045F629012080C0F603012846E8F71EFEC9
:109F700020B1008D40426080B0BD00BFA86828B10C
:109F8000408A40426080B0BD0020E9E70020608048
:109F9000B0BD00002DE9F04F83B000211622044629
:109FA00000F028FDC0B201283CD14EF2010B204642
:109FB00000211322CFF6FF7B00F01CFD0646204651
:109FC0000021122200F016FD074620460021322211
:109FD00000F010FD82462046FFF7E4FDD0B30546B1
:109FE000CDE9017641F6FF784FF000090BF58426A4
:109FF00004E000BF09F101094D451BD0A0683146BE
:10A00000006850F82970384600F01AFF0028F1D196
:10A01000B7F914000FFA88F18142B8BF08468046AC
:10A02000E8E700BFA06888B3008A404200B203B0EE
:10A03000BDE8F08F1FFA88F041F6FF71DDE9017687
:10A04000884207D0A08A0AEB0701A1EB0801084467
:10A050000FFA80FB204600F081FC0546204600F008
:10A0600075FEB91901EB4A01A2682944081A002AB1
:10A070001ABF128A52420022104400B28345C8BF60
:10A08000584600B203B0BDE8F08F00BF002000B218
:10A0900003B0BDE8F08F00002DE9F0470021162243
:10A0A000824600F0A7FCC0B2012809D1DAF8080006
:10A0B00000280CBF0020008A00B2BDE8F08700BF76
:10A0C00050464EF20109FFF76DFD4EF20106E8B170
:10A0D00040F2010805460024C0F2040803E000BF76
:10A0E0000134A54212D0DAF808004146006850F861
:10A0F0002470384600F0A4FE0028F1D1B7F918000A
:10A1000031B28142C8BF08460646E9E75046002101
:10A11000132200F06FFC054650460021122200F089
:10A1200069FC804650460021322200F063FCB1B247
:10A130004945074605D0BAF8180071193944A1EB12
:10A140000009504600F00AFC0646504600F0FEFDAD
:10A15000790008EB05031944DAF808203144081A9D
:10A16000002A14BF128A0022104400B20FFA89F1AB
:10A170008142C8BF084600B2BDE8F0878068002869
:10A180000EBF0020007EC0F3810070478068002869
:10A190000EBF0020007EC0F30110704780680028C9
:10A1A0000EBF0020408A404200B2704780680028FD
:10A1B0000EBF0020008A404200B27047806800282D
:10A1C0000EBF0020408A404200B270472DE9F04F98
:10A1D00091B016468B4605464FF0FF3908460021E0
:10A1E00000224FF0FF33CDF80090E9F79FFB304697
:10A1F000002100224FF0FF33CDF80090E9F796FBE5
:10A200002846102100F014FE002800F08D83A86875
:10A21000F0B1007E10F0030400F0868300204FF0C0
:10A22000000AF9F7CBFD022C074618D1002F00F0E9
:10A230007B8300BF3846F9F7FBFDA84200F034816C
:10A240003846F9F7BBFD07460028F3D16CE300BFA1
:10A2500000204FF0000AF9F7B1FD07460324A86873
:10A2600000281ABF408A404200200D902846FFF780
:10A27000FDFD0F902846FFF78DFE0B902846FFF757
:10A280000BFFA9680E9049B1487E00F00F08B8F1A5
:10A29000040F1FD3012C05D115E000BF4FF00F08AC
:10A2A000012C10D0032C06D10D9800B200280ADC36
:10A2B0000F98002807DCBAF1000F0BD03846F9F7E9
:10A2C000A9FD0C2806D1012010905FEA887006D104
:10A2D00022E000BF002010905FEA88701CD0012CA3
:10A2E00020D0032C08D10B9800284FF001000A90D1
:10A2F0001ADC0E98002817DCBAF1000F0CD0384693
:10A30000F9F788FD0338B0FA80F0410910980A91F6
:10A31000084300F0098307E01098002800F0048348
:10A32000002000E001200A9028464FF480311622D8
:10A3300000F060FB824628464FF48031102200F086
:10A3400059FB079028464FF48031112200F052FB50
:10A35000089028464FF48031122200F04BFB8046D3
:10A3600028464FF48031132200F044FB044628466F
:10A370004FF48031012200F03DFB0C902846FFF79E
:10A3800001FD0746284600F0E1FC099028464FF4FD
:10A390008031212200F02EFB10F0FE0F09D128465B
:10A3A0004FF48031312200F025FB10F0FE0F00F059
:10A3B000BB825FFA8AF006900F980D9900EB010AB4
:10A3C0000AEB070081B2002918BF0121109A0594F9
:10A3D000114001290C990BB240F01E81E98A069ABE
:10A3E0007180698B0FFA80FC012AF18006D1A98A5D
:10A3F00001EB08020C991144013904E0298B0C9AF5
:10A40000091B8A1A01323280089A0D9314B20A9AF3
:10A410001046002A18BF1846079A039004FA82F2E1
:10A420000244B81A00FB07F2019092FBFCF0029480
:10A4300007B20020B180ECF7FBFF1828CDF81080A0
:10A4400016DB0020ECF7F4FF00EB8000502101EB5D
:10A45000400046F26761C6F2666150FB01F081116F
:10A4600001EBD07087420FFA8AF406DD21E000BFCD
:10A47000012087420FFA8AF41BDC0020ECF7D8FF9A
:10A48000182815DB0020ECF7D3FF00EB80005021EB
:10A4900001EB400046F26761C6F2666150FB01F0D5
:10A4A000811101EBD07704E002244FF0010AD6E6D7
:10A4B0000127002C32DD01980F9AC01B12FB00F21D
:10A4C000079992FBF4F2EB8A801A5A1802447280C0
:10A4D000B5F916300FFA81FCB81812B20CEB030173
:10A4E000059C01389142F0804BDD002071800FB255
:10A4F000ECF79EFF182821DB0020ECF799FF00EB1A
:10A500008000502101EB400046F26761C6F26661AF
:10A5100050FB01F0811101EBD07010E0E88A07993F
:10A52000039A084408997080688B1144C943084411
:10A530000D9BDDE90484F0806EE000BF0120B6F9D8
:10A5400006103844884217DD77880020ECF770FF4A
:10A55000182813DB0020ECF76BFF00EB8000502184
:10A5600001EB400046F26761C6F2666150FB01F004
:10A57000811101EBD07002E088B202E00120384482
:10A58000F080DDE9023201B2B5F91A001A44801AEE
:10A590000D9BDDF8108088423EDAF08007B2002083
:10A5A000C246ECF745FF182810DB0020ECF740FF0F
:10A5B00000EB8000502101EB40004FF0993150FB3F
:10A5C00001F0811101EBD07002E000BF4FF0FF30CD
:10A5D000B6F9021038440D9B8842D0461CDAF78841
:10A5E0000020ECF725FF182810DB0020ECF720FFF7
:10A5F00000EB8000502101EB40004FF0993150FBFF
:10A6000001F0811101EBD07002E000BF4FF0FF308C
:10A610000D9B3844D04670800E980B9946180998C7
:10A62000304481B2002918BF01210A9A1140012942
:10A6300040F07A81698B089A27B2891A0C9AABF894
:10A640000610891AAA8A0131ABF80020109AABF8DB
:10A650000210298B002A08BF134607FA88F20D93CF
:10A660001A44099B00B29C1A04FB03F292FBF0F01F
:10A67000109707B20020C246ABF80410ECF7D8FEE2
:10A68000182815DB0020ECF7D3FE00EB80005021EA
:10A6900001EB400046F26761C6F2666150FB01F0D3
:10A6A000811101EBD070874236B205DD1DE000BF9D
:10A6B0000120874236B218DC0020ECF7B9FE1828DA
:10A6C00012DB0020ECF7B4FE00EB8000502101EB20
:10A6D000400046F26761C6F2666150FB01F08111ED
:10A6E00001EBD07701E000BF0127002E38DD0E9985
:10A6F000E21B11FB02F191FBF6F3069EA98A0FFA09
:10A700008AF0012EA2EB03023CD10D9B0344981862
:10A710000144ABF80010B5F91420C8190FB299180C
:10A7200001388F42ABF8040080F2AC800020ABF817
:10A7300000100CB2ECF77CFE18285BDB0020ECF775
:10A7400077FE00EB8000502101EB400046F267618C
:10A75000C6F2666150FB01F0811101EBD0704AE056
:10A760000699A88A012937D10D9951440844013826
:10A77000298BABF800000598081AABF8040011B05B
:10A78000BDE8F08F52440A44ABF80020B5F914300C
:10A79000B91812B2184401399042ABF8041040F3D2
:10A7A0007D80ABF8000004B20020ECF741FE1828D1
:10A7B00040DB0020ECF73CFE00EB8000502101EB79
:10A7C000400046F26761C6F2666150FB01F08111FC
:10A7D00001EBD0702FE000BF0D99059A5044ABF803
:10A7E0000000288B1144C9430844ABF8040011B0A1
:10A7F000BDE8F08F0120BBF904102044884239DD08
:10A80000BBF800400020ECF713FE182836DB0020D0
:10A81000ECF70EFE00EB8000502101EB400046F209
:10A820006761C6F2666150FB01F0811101EBD070E7
:10A8300025E000BF0120BBF90410204488421BDD45
:10A84000BBF800400020ECF7F3FD182822DB0020C5
:10A85000ECF7EEFD00EB8000502101EB400046F2EA
:10A860006761C6F2666150FB01F0811101EBD070A7
:10A8700011E000BF88B205E089B20FE0012020445A
:10A88000ABF80400B5F9181002B21098081A9042FB
:10A890004ADA0CE001200119ABF804100D9A109B64
:10A8A000B5F918001A4409B2801A88423CDAABF8AC
:10A8B000040004B20020ECF7BBFD182810DB0020D8
:10A8C000ECF7B6FD00EB8000502101EB40004FF0AB
:10A8D000993150FB01F0811101EBD07002E000BF13
:10A8E0004FF0FF30BBF90010204488421CDABBF85F
:10A8F00004400020ECF79CFD18280EDB0020ECF74C
:10A9000097FD00EB8000502101EB40004FF09931A2
:10A9100050FB01F0811101EBD07909EB0400ABF899
:10A92000000011B0BDE8F08F11B0BDE8F08F00005D
:10A93000806800280EBF0320007E00F003007047EF
:10A9400080B582B04EF20101019101AA2C21F6F7E7
:10A95000A5FCBDF9060002B080BD000080B582B044
:10A960000021CEF20101019101AA2C21F6F796FCFB
:10A97000BDF9040002B080BD008C704770B5602244
:10A980000D46044600F036F8C0B2032826D34FF037
:10A99000FF36FD28C0EB002138BF0E0A15B134B9CF
:10A9A00019E000BF2046FFF745FA04469CB1002598
:10A9B00020460021602200F01DF8C0B2032816D303
:10A9C000F1B24143FD28204638BF0E0AFFF732FAA4
:10A9D00004460028ECD1F0B2032803D20025E8B2E7
:10A9E00070BD00BFFC2888BF4FF0FF363546E8B287
:10A9F00070BD00002DE9F04F87B0054610460E46A9
:10AA00000592DFF725F8002D00F0D680C0070390EF
:10AA1000CDE901650598DFF715F82A8C698C049259
:10AA2000012211F47C7F02FA00F929D008072FD403
:10AA30004FF0000B042708E0698C0BF1010BC1F308
:10AA40000510834507F108075AD2E86800EBCB02EE
:10AA5000D279920754D5C2199278B6EB024FECD155
:10AA600050F83B00827919EA020FE6D0059906AA50
:10AA700004F082FC012800F0A3800228DCD17BE0F6
:10AA80004FF0000BC1F3051083457AD23CE000BFC4
:10AA9000EA68C1F3051CBCF1010F4FF0010098BF3B
:10AAA0008446CCF100034FF0000B02EBCB07FC799E
:10AAB000A40725D503EB0B04601C11D0F87B80079D
:10AAC00014D5A01C0CD0F87D800717D5E01C07D04A
:10AAD000F87F800766D50BF1040B13EB0B00E4D174
:10AAE000E346C1F3051083454BD20DE00BF1010B9A
:10AAF000C1F30510834544D206E000BF0BF1020B01
:10AB0000C1F3051083453CD204994FF6FF7081EAEA
:10AB1000000A4FEACB00071D4FF0FF340DE000BFE5
:10AB20000498444640454BD0688C0BF1010BC0F3B0
:10AB30000510834507F1080720D2E96851F83B006A
:10AB4000827919EA020FEFD0CA19C95B927841EAFB
:10AB5000024101F47F029642E6D11FFA81F818EA19
:10AB60000A0FE1D14445DFDA059906AA04F004FC96
:10AB70000128D5D00228D7D1002003E0B4F1FF3F4F
:10AB80001EDC01200399F9B1002E314618BF0121C6
:10AB900008420FD12846FFF74DF9054600287FF4FB
:10ABA00039AF09E00BF1030BC1F305108345E8D27F
:10ABB000AAE700BF00262DE700213EBB07E000BF4B
:10ABC000069807B0BDE8F08FDDE90161F6B9059898
:10ABD000042802D00598012818D1096881B3059886
:10ABE000012819D1888A78BB096849B3888A58BB7B
:10ABF000096829B3888A38BB096809B3888A18BBF1
:10AC0000096800200029EDD103E000BF059804F099
:10AC100091FC07B0BDE8F08FC88AA8B9096879B17E
:10AC2000C88A88B9096859B1C88A68B9096839B148
:10AC3000C88A48B9096800200029EDD1E9E700BFBA
:10AC4000002007B0BDE8F08F00B207B0BDE8F08F7C
:10AC50002DE9F04784B0074608880C461D46164685
:10AC60004A88ADF80000E388ADF80400A088ADF88C
:10AC700002206946ADF80630ADF80800ADF80A20AC
:10AC8000ADF80C00ADF80E30384632462B4601F1D7
:10AC9000040801F1080901F10C0A02F029FD384607
:10ACA000414632462B4602F023FD3846494632469D
:10ACB0002B4602F01DFD3846514632462B4602F027
:10ACC00017FDBDF90020BDF90430BDF90860BDF9DC
:10ACD0000C109A421F46BDF902C0BDF90600B8BF6C
:10ACE00017468E420D46B8BF3546AF42B8BF3D4607
:10ACF0009A422580C8BF13468E42C8BF31468B4258
:10AD0000C8BF1946BDF90A20BDF90E70A18084455F
:10AD10000146B8BF6146BA423B46B8BF13469942A6
:10AD2000B8BF0B4684456380C8BF6046BA42C8BFFF
:10AD30001746B842C8BF0746204605210522E780CE
:10AD4000E8F7D4FD04B0BDE8F0870000818A008BED
:10AD5000401A013000B270472DE9F0410446FFF778
:10AD600069F8A78AA8B1B0F814800446FFF71EFA64
:10AD70000546204600211222FFF73CFE06462046EB
:10AD800000213222FFF736FE08EB06027919104443
:10AD90000F1A38B2BDE8F0812DE9F0410446FFF703
:10ADA00049F8E78AA8B1B0F816800446FFF706FA1A
:10ADB0000546204600211022FFF71CFE06462046CD
:10ADC00000213222FFF716FE08EB06027919104423
:10ADD0000F1A38B2BDE8F0812DE9F04381B0044686
:10ADE000FFF728F8E68AC8B1B0F816900546FFF7D5
:10ADF000E5F98046284600211022FFF7FBFD0746B3
:10AE0000284600213222FFF7F5FD09EB070206EB89
:10AE100008011044E68A081A01E000BF3046618B41
:10AE2000801B0844013000B201B0BDE8F08300008F
:10AE3000C0690840401AB0FA80F04009704700002D
:10AE4000C069084018BF012070470000008C08400E
:10AE500018BF01207047000070B584B00D46022174
:10AE60000446FFF7E5FF48B120468021FFF7EEFFDB
:10AE700050B1002606F0010004B070BD002606F0B7
:10AE8000010004B070BD00BFA668A18AE08A228BD1
:10AE9000638BADF80810ADF80A00ADF80C20ADF8E2
:10AEA0000E3066B1B68A891B801BADF80810B11848
:10AEB000ADF80A00F018ADF80C10ADF80E0002A8BD
:10AEC000294600220026DCF7F3FF0028D2D02046D6
:10AED0004FF48031FFF7ACFF00284FF00106C9D0D6
:10AEE0006A462046112100958DF80460F6F7D6F9E0
:10AEF0009DF8046006F0010004B070BD70B5144602
:10AF000050220D460646FFF775FD0104608008D00B
:10AF1000304629465322FFF76DFDC1B20329207345
:10AF200000D270BD30462946FFF728FD022803D81D
:10AF30000020207370BD00BF217BFC289EBF4843CA
:10AF4000010A21730329ECD3304629465222FFF728
:10AF500051FD024630462946DEF752FB208030463E
:10AF600029465422FFF746FDA0603046294651226B
:10AF7000FFF740FD617B002818BF012001F0FB01B5
:10AF800041EA8000002D607308BF70BD304629463D
:10AF90006822FFF72FFD617B00F0030001F0FC0148
:10AFA0000844607370BD000070B5144646220D461B
:10AFB0000646FFF71FFDC1B20329E07200D270BD43
:10AFC00030462946FFF7DAFC022803D80020E07259
:10AFD00070BD00BFE17AFC289EBF4843010AE172C0
:10AFE0000329ECD34FF080702060B08A318B728BD4
:10AFF000081A013081B200EBD13000B2F18A40086A
:10B00000A080501A013081B200EBD13000B240086C
:10B01000E080304629464822FFF7ECFC0106A0728A
:10B020000AD0304629464722FFF7E4FC0246304664
:10B030002946DEF7E5FA2081002D08BF70BD3046B5
:10B0400029466822FFF7D6FC217B00F00F0001F0B3
:10B05000F0010844207370BD70B5144656220D46A9
:10B060000646FFF7C7FCC1B20329A0764CD3304691
:10B070002946FFF783FC022802D80020A07670BD85
:10B08000A17EFC289EBF4843010AA176032938BF50
:10B0900070BD304629465522FFF7ACFC02463046CB
:10B0A0002946DEF7ADFAA081304629465822FFF73F
:10B0B000A1FCA082304629465922FFF79BFC608202
:10B0C000304629465A22FFF795FCA17F00F0070081
:10B0D00001F0F8010844A07755B1304629466822AE
:10B0E000FFF788FCA17F01F0C70160F3C501A177DC
:10B0F000304629465722FFF77DFC2060304629461E
:10B100005B22FFF777FC207770BD000070B5144616
:10B110004E220D460646FFF76DFCC1B20329207290
:10B1200000D270BD30462946FFF728FC022803D81C
:10B130000020207270BD00BF217AFC289EBF4843CA
:10B14000010A21720329ECD3304629464922FFF730
:10B1500051FC01046080E4D0304629464D22FFF7BF
:10B1600049FC024630462946DEF74AFA208030463E
:10B1700029464A22FFF73EFC0104A08005D0304654
:10B1800029464B22FFF736FCE080304629464C2208
:10B19000FFF730FC617A002801F0F30118BF0120AD
:10B1A00041EAC00141EA8000002D607208BF70BD15
:10B1B000304629466822FFF71DFC617A00F0030043
:10B1C00001F0FC010844607270BD0000F0B581B070
:10B1D00014460E460746FFF7D1FB054656B1022D31
:10B1E00008D80020E070A07684F8220084F82A00B5
:10B1F0005AE100BF2EB1384631466822FFF7FAFB0C
:10B20000A070384631460B22FFF7F4FBE17820802E
:10B2100000295DD0384631462122FFF7EBFBC1B251
:10B220000329E07054D3384631462022FFF7E2FB71
:10B23000024638463146DEF7E3F9A080384631460B
:10B240002622FFF7D7FB48B10146407A400705D0D8
:10B25000A01D0A22FBF79AFD3AE000BF38463146AE
:10B260002322FFF7C7FBE17B10F0070001F0F80194
:10B270000844E07321D0384631462022FFF7BAFB5C
:10B28000024638463146DEF7BBF9E08038463146A3
:10B290002222FFF7AFFB024638463146DEF7B0F90F
:10B2A0006081384631462422FFF7A4FB20723846DD
:10B2B00031462522FFF79EFB207338463146272270
:10B2C000FFF798FBE17B01F0C70160F3C501E17373
:10B2D000384631463222FFF78DFB0104208424D00A
:10B2E00094F8220008B3384631463122FFF782FB3A
:10B2F000C1B2032984F8220017D3384631463322DD
:10B30000FFF778FB94F82310302201F0C10160F3BD
:10B31000450184F8231038463146FFF76BFB02469F
:10B3200038463146DEF76CF9E0833846314635223F
:10B33000FFF760FB0104E0841DD094F82A00D0B12F
:10B34000384631463722FFF755FBC1B2032984F84E
:10B350002A0010D3384631463822FFF74BFB2085B0
:10B36000384631463622FFF745FB0246384631461D
:10B37000DEF746F9A084A07E002841D03846314649
:10B380002822FFF737FB2061D0B338463146292207
:10B39000FFF730FBC1B20329A07631D32069F8F75B
:10B3A000BDFC022812D1384631465722FFF722FB56
:10B3B0006061384631465522FFF71CFB024638468D
:10B3C0003146DEF71DF920831AE000BF38463146CA
:10B3D0002A22FFF70FFB024638463146DEF710F906
:10B3E0002083384631462B22FFF704FBE0763846AF
:10B3F00031462C22FFF7FEFA002818BF01202077E3
:10B4000094F8360090B3384631464022FFF7F2FAFE
:10B410000104E0852AD094F83600032826D3384664
:10B4200031464522FFF7E6FAC1B2032984F8360017
:10B430001CD3384631464122FFF7DCFA20863846D5
:10B4400031464222FFF7D6FA60863846314643221B
:10B45000FFF7D0FAA086384631464422FFF7CAFAF1
:10B46000024638463146DEF7CBF8A085FC2D1DD8C4
:10B47000E078A17E6843000A94F82220E07001FB86
:10B4800005F0000A94F82A30A07602FB05F0000AC5
:10B4900084F8220003FB05F094F83610000A84F8C3
:10B4A0002A0001FB05F0000A84F8360001B0F0BD67
:10B4B0002DE9F04383B00446DEF770F8B4F8148049
:10B4C000B4F81690268B678B05462046FEF7FEFBE8
:10B4D000ECF730F8C0B178197119A9EB0502A8EBA7
:10B4E0000503ADF80810ADF80A0001A92046ADF833
:10B4F0000430ADF80620FDF7E1FB28B12046FEF749
:10B50000E5FB01A9DDF7C2FE03B0BDE8F083000052
:10B51000B0B582B00D460446FEF7D8FBECF70AF84A
:10B5200070B1286869680090019169462046FDF76E
:10B53000C5FB28B12046FEF7C9FB6946DDF7A6FE2C
:10B5400002B0B0BD0068D8B1816911F0030111D11A
:10B550000068A8B1816911F003010BD1006878B1CE
:10B56000816911F0030105D1006848B1816911F0CA
:10B570000301E7D0481EB0FA80F04009704700BFD1
:10B580000020704710B50121C0F206010446FFF704
:10B5900057FC68B92046FEF74DFC48B100210A224D
:10B5A000FFF728FA80B2002818BF012010BD00BFA5
:10B5B000002010BD10B582B00446DDF7EFFFA18A70
:10B5C000E28A238BB4F81AC0091AADF80010111AD8
:10B5D000ADF8021019186044ADF80410ADF806007B
:10B5E00069462046FDF76AFB02B010BD80B5418C6C
:10B5F00041F001014184FEF723FC418C41F004013C
:10B600004184FEF763FB4068002808BF80BDBDE8A9
:10B61000804006F07BB900002DE9F04381B01E4662
:10B6200014460D468046FEF7BDFA002841D08146FB
:10B6300026B3002703E000BF0137B94539D0D8F859
:10B6400008004FF48021006850F827603046FFF76B
:10B65000EFFB0028F0D1B08AF18A2844B0820819A3
:10B66000318BF0824819718B308308197083304612
:10B67000294622460023FFF7CFFFDDE7002600BF63
:10B68000D8F808000023006850F82600818AC28A92
:10B69000294481821119028BC1825119428B018385
:10B6A0001119418329462246FFF7B6FF0136B145FD
:10B6B000E6D101B0BDE8F0832DE9F04784B04468DD
:10B6C000054692460E466CB3204600211222FFF733
:10B6D00091F98146204600211022FFF78BF9804620
:10B6E00028464FF48021FFF7A3FBA18A01EB09074D
:10B6F00010B1E08A40440AE02046FEF757FDE18A97
:10B700003F1A20468844FEF759FDA8EB00003E444E
:10B7100000EB0A07204600213222FFF76BF90644AE
:10B7200007EB000AA94639F8141FB2B2B9F80200B3
:10B730008A4207D11FFA8AF2824203D104B0BDE8DF
:10B74000F08700BFAAEB0000711A07B228460FFA73
:10B7500081F8FFF7ADFE6869A969002C029003919A
:10B7600043D0204600213222FFF744F96169A269E3
:10B770004042009101B26E46019230460A46E8F717
:10B78000B5F8204600211222FFF734F9BDF8001069
:10B7900013220844ADF8000020460021FFF72AF9E3
:10B7A000BDF804101022081AADF80400204600214C
:10B7B000FFF720F9BDF8021011220844ADF802008D
:10B7C00020460021FFF716F9BDF806100022081ADE
:10B7D000ADF8060002A83146DCF7AAFA10B101263E
:10B7E00004E000BF204601F08FFB0026A88AE98A0A
:10B7F0004044A882C819298BE88201EB0800698BB4
:10B800002883C8196883284641463A460023FFF733
:10B8100003FFBCB1204622212A46F5F73FFD28460A
:10B82000FFF746FE694648460022DCF781FA3043BE
:10B83000C0073FF483AF204601F066FB04B0BDE8CB
:10B84000F08700BF2846FFF733FE04B0BDE8F0875D
:10B85000F0B581B0B1F1FF3F28DDA8B344687CB3F7
:10B86000D4F808C0BCF1000F1AD0DCF80430BBB12A
:10B87000002605E00022824214D00136B3420FD0E8
:10B88000B6F1FF3F324601DCF218F3D49A42F1D20E
:10B89000DCF8005055F822208242EED102E000BFD1
:10B8A0004FF0FF36002911D564E000BF426892686E
:10B8B000002A14BF5268002211444468002CCFD1E2
:10B8C0000026002902D555E000240026A268002A9F
:10B8D00014BF52680022B1424CD091424ADAB142C0
:10B8E0004ADA721ACD4312F0030306EB050C19D0A5
:10B8F000A268012B126802EB860555F8045C42F839
:10B900002650A6F101020CD0A568022BD5F800E064
:10B910000EEB820555F8045C4EF82250A6F10202A7
:10B9200040D11646BCF1030FC0F08480B30000BFC5
:10B93000A268043E12688E4202EB030757F8047CAB
:10B94000D750A26812681A4452F8087C42F8047C66
:10B95000A26812681A4452F80C7C42F8087CA2686B
:10B9600012681A4452F8107CA3F1100342F80C7CC0
:10B97000DEDC5FE001B0F0BD8E425BDA8A1BF34390
:10B9800012F0030E01EB030C2DD0A268731C126899
:10B99000BEF1010F52F8235042F8265010D11E4636
:10B9A00021E000BFA368033E1B6803EB820555F846
:10B9B000045C43F82250BCF1030F3BD3B6E700BF51
:10B9C000A268B51C1268BEF1020F52F8257042F849
:10B9D000237001D12E4606E0A2680336126852F8A1
:10B9E000263042F82530BCF1030F23D3A1EB060C1F
:10B9F000B2000023A7683F68174407EB8306766808
:10BA000047F82360A7683F68174407EB8307BE68C1
:10BA10007E60A7683F68174407EB8307FE68BE6037
:10BA2000A7683F68174407EB83073E6904339C45CA
:10BA3000FE60DFD1A268126842F821002046222170
:10BA40000022F5F72BFC204601B0BDE8F040FFF7DF
:10BA50002FBD0000F0B581B0044680680D4668B186
:10BA6000017E11F0300F1ED1408A46422046FEF77B
:10BA7000FDF9B0F1FF3F08DD15E000BF00262046CC
:10BA8000FEF7F4F9B0F1FF3F0DDC31B201290ADB1A
:10BA9000B1B24042814238BF084602B2204600217E
:10BAA0002B4601F077F8A06830B1007E10F00C0F43
:10BAB00002D001B0F0BD00BF2046FEF76BFA06468B
:10BAC0002046FEF7E9FA0746204600211622FEF737
:10BAD00091FFC0B2012805D1B6F1FF3FE9DC012F8B
:10BAE00009DAE6E7B7F1FF3FE3DC012EE1DB78425C
:10BAF000864228BF064631B2204600222B4601B0BE
:10BB0000BDE8F04001F046B82DE9F04786B002AF3D
:10BB10000446D0F808A00E4608463946FEF7D0F88D
:10BB20003046DDF73BFD014638460A46E7F7DEFEC4
:10BB30000DF11008404651463A46DCF7C9F828B9DD
:10BB400030464FF40021FFF773F998B130461421C5
:10BB50002246C4F80880F5F7A1FB3046152122469D
:10BB6000F5F79CFB304616212246F5F797FB4FF080
:10BB7000010901E04FF0000930464FF40021FFF7C2
:10BB800057F938B1DAF80400DAF80010CDE90010FE
:10BB900007E000BF06F1140268465146DCF798F84A
:10BBA00090B16846A0603046FDF7FCFF60B10746E3
:10BBB000002500BFB068006850F82510204609F045
:10BBC00099F80135AF42F5D1B9F1000F10D03046E8
:10BBD00017212246C4F80880F5F760FB304618218B
:10BBE0002246F5F75BFB304619212246F5F756FB56
:10BBF000C4F808A006B0BDE8F08700002DE9F04FBA
:10BC000083B00121C0F206010446FFF719F960B9BB
:10BC10002046FEF70FF940B100210A22FEF7EAFEA6
:10BC200000041CBF03B0BDE8F08F2046FEF702F908
:10BC30000546204600210722FEF7DCFE804620460E
:10BC400000210822FEF7D6FE002D814600F0E68096
:10BC5000284600211222FEF7CDFE06462846002186
:10BC60001322FEF7C7FE0746284600213222FEF7C0
:10BC7000C1FEA98AF3192A8B194401EB4000101A5E
:10BC800000F1010A284600211022FEF7B3FE064605
:10BC9000284600211122FEF7ADFE07462846002166
:10BCA0003222FEF7A7FEE98AF3196A8B194401EBE9
:10BCB000400008F4C041B1F5005FA2EB000017D1CD
:10BCC0000FFA88F121F4C041B1F5FA6F10DC0FFAD8
:10BCD0008AF2B1F57A7FC8BFC1F57A71514348F253
:10BCE0001F52C5F2EB1251FB02F14A1102EBD1785F
:10BCF00009F4C041B1F5005F00F10107CDF808A0DB
:10BD000016D10FFA89F020F4C040B0F5FA6F0FDCBD
:10BD100039B2B0F57A7FC8BFC0F57A70484348F2AF
:10BD20001F51C5F2EB1150FB01F0411101EBD0792D
:10BD3000204600216B22FEF75DFE064620460021CC
:10BD40006C22FEF757FEA18A228B06F4C043A2EBB9
:10BD5000010AE18A628BB3F5005F0AF10103A2EBED
:10BD6000010B15D131B221F4C041B1F5FA6F0FDCEE
:10BD70001AB2B1F57A7FC8BFC1F57A71514348F262
:10BD80001F52C5F2EB1251FB02F14A1102EBD176C0
:10BD900000F4C041B1F5005F0BF10102019315D130
:10BDA00001B221F4C041B1F5FA6F0FDC10B2B1F568
:10BDB0007A7FC8BFC1F57A71484348F21F51C5F276
:10BDC000EB1150FB01F0411101EBD07008EB0601C3
:10BDD000484400920EB20FFA80F820460021092252
:10BDE000FEF708FEC1B2092900F26C803B466FEAFB
:10BDF0000A076FEA0B00DFE801F0051B310D524125
:10BE00004F585523284600211622FEF7F3FDC0B2F5
:10BE100001280DD102983844064453E00FFA88F106
:10BE20000FFA89F2204603B0BDE8F04FFFF744BC9B
:10BE300020463146424603B0BDE8F04FFFF73CBC18
:10BE40000299019A88B201EBD03091B200B202EBB4
:10BE5000D131401009B2A0EB610025E00299019AAE
:10BE600088B201EBD03091B200B202EBD131401078
:10BE700009B2A0EB6100064424E000BF029A019FD2
:10BE800091B202EBD131BAB209B207EBD23249100A
:10BE900012B2A1EB620101E0029939440E44184448
:10BEA0000FE000BF029838440644009A98B203EBB2
:10BEB000D03091B200B202EBD131401009B2A0EB08
:10BEC0006100804431B20FFA88F2204603B0BDE829
:10BED000F04FFFF7F1BB00002DE9F04F8FB00446A3
:10BEE000408C00F44060B0F5406F00F0978320462E
:10BEF000FDF7A0FF002800F0918383462046FEF75F
:10BF000049F8618C4DF62F0582460805CFF6FF757E
:10BF100000F1C080204600210122FEF76BFD06469D
:10BF20001FFA80F815FA80F9584600211222FEF710
:10BF300061FD0746584600211322FEF75BFD0546CA
:10BF4000584600213222FEF755FDBBF814107B192C
:10BF5000BBF81820194401EB4000101A42F2D171CD
:10BF6000884500F1010840F09D8020460021002214
:10BF7000CDF8289000F094FF204600213222FEF7F1
:10BF800039FD0546204600211322FEF733FD4619F0
:10BF9000204600211222FEF72DFD05440020CEF29E
:10BFA00001000D900DAA20462C21F5F777F9BDF878
:10BFB000340009902046FDF7F5FD8146204600211A
:10BFC0001622FEF717FDC0B2012840F09D80B9F19E
:10BFD000000F00F02081CDE9055A012530B2C0F2F2
:10BFE0000405CDF820800490701C4FF0000805F582
:10BFF000003A4EF20107079603900EE0B4F91800DC
:10C00000B6F914103FB2401A0130B842C8BF074613
:10C0100008F10108C14500F0E980A06829460068E0
:10C0200050F828603046FEF70BFF0028F0D130466C
:10C030005146FEF705FF48B93046FDF7FBFE28B133
:10C0400000210A22FEF7D6FC0004D7D13046002199
:10C050000922FEF7CFFCC0B2082806D8012101FA58
:10C0600000F040F249110842C8D1304600210722B1
:10C07000FEF7C0FC0004CBD1B08A318B049B081AB8
:10C08000411C3AB203FA81F191420399A8BF0F18FB
:10C09000BEE700BFA08A218B4FF00008081A00F10C
:10C0A00001092CE106F4C040B0F5005F40F0CB8000
:10C0B00030B220F4C045B5F5FA6F00F3C480BBF888
:10C0C0002200000500F18080584600210122FEF781
:10C0D00091FC80B242F2D171884275D12046002194
:10C0E0003222FEF787FC0546204600211222FEF789
:10C0F00081FC0646204600211322FEF77BFC06EB5E
:10C1000045010E189FE000BFB9F1000F00F08380D9
:10C11000CDF8208040F2010828B2C0F20408CDE931
:10C1200006A6CDE90405681C002508F5003A4EF284
:10C13000010703900DE000BFB6F91800B4F9141020
:10C140003FB2401A0130B842C8BF07460135A94581
:10C1500058D0A0684146006850F825603046FEF788
:10C160006FFE0028F2D130465146FEF769FE48B90D
:10C170003046FDF75FFE28B100210A22FEF73AFCA7
:10C180000004D9D1304600210922FEF733FCC0B2A9
:10C19000072805D8012101FA00F010F0930FCBD148
:10C1A000304600210822FEF725FC0004CED1B08ADB
:10C1B000318B049B081A411C3AB203FA81F1914277
:10C1C0000399A8BF0F18C1E70FFA88F048F21F5172
:10C1D000B5F57A7FC8BFC5F57A756843C5F2EB112E
:10C1E00050FB01F0411101EBD0762CE0B8B24EF2D9
:10C1F0000101DDE90768DDE9055A88420BD07819AD
:10C2000011E000BFB8B24EF20101DDE90768DDE9D7
:10C21000055A884206D10999A819DDF828904618D0
:10C2200011E000BFB819099BAA191A4481B200B2E3
:10C2300016B2B042C8BF06464EF20100814208BFA6
:10C240001646DDF82890204600210222B9FA89F529
:10C25000FEF7D0FB0746204600210322FEF7CAFB6B
:10C2600007F4C041B1F5005F16D139B221F4C041E5
:10C27000B1F5FA6F10DC0FFA88F2B1F57A7FC8BF1A
:10C28000C1F57A71514348F21F52C5F2EB1251FBCE
:10C2900002F14A1102EBD17700F4C041B1F5005F21
:10C2A0004FEA55121CD101B221F4C0414DF62F05C1
:10C2B000B1F5FA6FCFF6FF7516DC0FFA88F0B1F51D
:10C2C0007A7FC8BFC1F57A71484348F21F51C5F261
:10C2D000EB1150FB01F0411101EBD07004E000BF05
:10C2E0004DF62F05CFF6FF750FFA80F930B239B24F
:10C2F0004845B8BF814690464945C8BF8946204653
:10C30000FDF74CFF618C0246490500F1AF80CDE995
:10C310000928204600210422FEF76CFB06461FFA7E
:10C3200080F815FA80F00890584600211022FEF798
:10C3300061FB0546584600211122FEF75BFB0746CC
:10C34000584600213222FEF755FBBBF81610EB19B8
:10C35000BBF81A20194401EB4000101A42F2D171C7
:10C36000884500F10100079040F08C8020460021B4
:10C370000022CDF818A04EF2010500F0ABFD2046DA
:10C3800000213222FEF736FB06462046002110220D
:10C39000FEF730FB03960644204600211122FEF7EB
:10C3A00029FB01900DAA20462C210D95F4F776FF6C
:10C3B000BDF8360000902046FDF7F4FB00280296F9
:10C3C00000F09280074630B20590701C01260025CF
:10C3D000C0F204064EF2010A04900DE0B8F91A000A
:10C3E000B4F916100FFA8AFA401A01305045C8BF46
:10C3F00082460135AF4279D0A0683146006850F8D6
:10C4000025804046FEF71CFD0028F2D106F50031DC
:10C410004046FEF715FD48B94046FDF70BFD28B133
:10C4200000210A22FEF7E6FA0004D7D14046002197
:10C430000922FEF7DFFA10F0FC0FCFD040460021B2
:10C440000822FEF7D7FA0004D3D1B8F81600B8F8DE
:10C450001A10059B081A411C0FFA8AF203FA81F19F
:10C4600091420499A8BF01EB000AC2E7E08A618B00
:10C47000081A451C002148EA0100C00740F0B680B8
:10C48000B9E000BF06F4C040B0F5005F44D130B25F
:10C4900020F4C045DDF82880089FB5F5FA6F50DC20
:10C4A000BBF8220040053BD4584600210422FEF789
:10C4B000A1FA80B242F2D171884231D120460021E6
:10C4C0003222FEF797FA0546204600211022FEF799
:10C4D00091FA0646204600211122FEF78BFA06EB60
:10C4E00045010E182DE000BF4EF2010A0398019994
:10C4F000009A084402990144114450440EB200B21B
:10C500001FFA8AF2B042C8BF06464EF201008242CC
:10C5100008BF0E46DDF818A0DDF82880089F10E05F
:10C52000B5F57A7FC8BFC5F57A75079848F21F51EF
:10C5300000B26843C5F2EB1150FB01F0411101EB71
:10C54000D076204600210522B7FA87F5FEF752FA89
:10C550000746204600210622FEF74CFA07F4C041A8
:10C56000B1F5005F16D139B221F4C041B1F5FA6FCF
:10C5700010DC079AB1F57A7F12B2C8BFC1F57A71A3
:10C58000514348F21F52C5F2EB1251FB02F14A111E
:10C5900002EBD17700F4C041B1F5005F4FEA5511CD
:10C5A00016D102B222F4C042B2F5FA6F10DC07983D
:10C5B000B2F57A7F00B2C8BFC2F57A72504348F232
:10C5C0001F52C5F2EB1250FB02F0421102EBD07089
:10C5D00005B230B23AB2A842B8BF0546AA42C8BFB7
:10C5E0001546099A48EA0100C00704D02046514682
:10C5F000002300F007FC264636F8140FB188081A0D
:10C60000013080B21FFA89F188420BD1E08A618B38
:10C61000081A013080B2A9B2884203D100200FB0BD
:10C62000BDE8F08F2046FEF743FF6069A1690D90D9
:10C630000E91584600213222FEF7DCF9DBF8141087
:10C64000DBF8182040420B9101B20BAF0C92384638
:10C650000A46E7F74BF9584600211222FEF7CAF9BD
:10C66000BDF82C1013220844ADF82C0058460021C8
:10C67000FEF7C0F9BDF830101022081AADF83000EE
:10C6800058460021FEF7B6F9BDF82E1011220844D5
:10C69000ADF82E0058460021FEF7ACF9BDF8321077
:10C6A0000022081AADF832000DA83946DBF740FB2E
:10C6B000074610B9584600F027FCE08A00212844BC
:10C6C0000138608320461622FEF794F9C0B2012893
:10C6D00006D1208BA0EB09000130A08204E000BF4E
:10C6E000A08A4844013820830DAA20462921F4F766
:10C6F000D5FD584622212246F4F7D0FD2046FEF70C
:10C70000D7FE608C0BA940F0020060843046002206
:10C71000DBF70EFB3843C00702D0584600F0F4FBAD
:10C72000204600F005F801200FB0BDE8F08F0000B2
:10C73000B0B582B0816804460020002914BFCD8ABC
:10C740000025ADF806000DF1060220461321F4F78E
:10C75000A5FDBDF80600A84202D02046FEF7A8FEBF
:10C76000A168BDF8060031B970B12046FCF784FA23
:10C77000BDF80600A168C882A84202D02046FEF794
:10C7800097FE02B0B0BD00BF0020A842F6D1F8E786
:10C79000B0B5002101220446FEF72CF905462046DB
:10C7A00000210422FEF726F94DF62F01CFF6FF7186
:10C7B00011FA85F211FA80F0B2FA82F2B0FA80F042
:10C7C0005209400942EA0005012D11D1608C40F068
:10C7D000010060842046FDF733FB418C41F00401E9
:10C7E0004184FDF773FA4068002818BF05F08EF801
:10C7F0002846B0BD2DE9F04F81B0164640F2E80260
:10C80000C2F200021278012A40F0B0800D460446C0
:10C81000FEF74EFE304605F47F05DDF719F9824636
:10C820003046DDF715F981463046DDF711F98046CF
:10C830003046DDF70DF95FEA4A7107461DD5A5B10F
:10C84000B5F5702F11D0204600210422FEF7D2F852
:10C8500080B242F2D17B584507D020460021012208
:10C86000FEF7C8F880B2584507D120462A21002299
:10C87000F4F714FD2046FEF7B9FEB5F5702F4FF61C
:10C88000FF7B01D0002D49D15E4507D01AF004008E
:10C8900004D1B5F5702F0BD10BE000BF2046FDF79A
:10C8A000C9FA002818BFFEF7A1FEB5F5702F00D019
:10C8B000A5BBF80632D5204600216E22FEF79AF875
:10C8C00000041DD1204600216D22FEF793F880B2AE
:10C8D000B0F5807F14D1204600216122FEF78AF84E
:10C8E000C0B2FF2846D1204600216822FEF782F818
:10C8F000C7B2002F18BF0127A06848B903E000BFE6
:10C900000227A06820B94FB12046FCF7B5F9A0680E
:10C91000817E01F03F0141EA871181765E4507D0B3
:10C9200019F0020004D12046FEF7C2FD08E000BF66
:10C930002046FFF7FDFE2046FEF7BAFD5E4505D016
:10C940005FEAC87012D05FEA897009D5B5F5803FFB
:10C950000CD0204601B0BDE8F04F08F017BD00BF75
:10C96000B5F5803F18BF1AF00400F2D101B0BDE860
:10C97000F08F00BF0127A0680028C9D1C3E70000DD
:10C9800070B5438CC3F3051CBCF1000F18D0C6680A
:10C99000F51D002605E000BF0136B44505F1080588
:10C9A0000CD02C78E407F7D015F8014C35F8033C8F
:10C9B00043EA04439A42EFD103E000BF002070BD78
:10C9C0000026664504BF002070BD0546C0681446B9
:10C9D00050F836000E4602F049FE002804BF002041
:10C9E00070BD284621463246FFF704FF012070BD86
:10C9F0002DE9F04F81B0894604464FF6FF7B69B1BF
:10CA000099F807804046B8F1000F1CBF01204FF095
:10CA1000FF38618C11F47C7F08D18DE001204FF646
:10CA2000FF78618C11F47C7F00F086800090E068D4
:10CA300002F47F0697B24FF0000A4FF0000C05E0B9
:10CA40000AF1010AC1F30512924566D200EBCA034E
:10CA50009D799A885F4542EA054502D0AAB2BA425A
:10CA6000EED1B6F5702F03D005F47F029642E7D1E0
:10CA7000B9F1000F03D050F83A209145E0D1D979AF
:10CA80008A070AD5204631464FF6FF7200230DF083
:10CA90002FFBE06800EBCA01C97989070CD050F878
:10CAA0003A0002F085FEE06850F83A00FAF702F921
:10CAB000E068002140F83A10618CC1F30512013A98
:10CAC000924514D26FF0070000EBCA00524600BF37
:10CAD000E16801320144D1E904350830C1E9023589
:10CAE000618CC1F30513013B9A42F1D3E06801F573
:10CAF0007C7202F47C7321F47C71194461844FF4DC
:10CB0000FC7101EA5201FAF7FFF8618C4FF0010C59
:10CB1000E060C1F30512924598D3009800EA0C003A
:10CB2000012809D11FFA88F22046314601B0BDE83C
:10CB3000F04FFFF75FBE00BF01B0BDE8F08F00000F
:10CB400040F2E801C2F200010978012918BF7047DC
:10CB500070B504460020EAF7ABFCB8B1054604E026
:10CB60002846EAF7A5FC054680B1686A0028F7D098
:10CB7000002600BFE86850F82610204608F026FC82
:10CB8000686A01368642F5D3EAE700BFBDE8704027
:10CB9000704700002DE9F04391B00E46114300F0BC
:10CBA000AD8015460446012B70D12046FDF78EF866
:10CBB00081466846E6F72AF845F2614042F67D482C
:10CBC000C0F60300C0F601080094039066B348461F
:10CBD000EAF742FC4010002132460027E6F788F8C9
:10CBE000C82898BFC820A168B0F5C87F28BF4FF4F7
:10CBF000C8700B9011B1088A404207B27842CDE963
:10CC0000080045F2D970F11BC0F603000A910190AB
:10CC10006A4620460921CDF81C80F4F73FFB012825
:10CC20006CD16846E6F772F8002D67D04846EAF7FF
:10CC300069FC401000212A460026E6F759F8C8286A
:10CC400098BFC820A168B0F5C87F28BF4FF4C8704E
:10CC50000B9011B1488A404206B27042CDE90800FB
:10CC600045F62900A91BC0F603000A9101906A4607
:10CC700020460921CDF81C80F4F710FB01283DD196
:10CC80006846E6F743F811B0BDE8F08345F62901A0
:10CC9000C0F603012046E5F793FE45F2D971C0F6D0
:10CCA00003012046E5F78CFE204609210022F4F717
:10CCB000F5FA012822D12046FBF7DEFFA068012308
:10CCC000018A428A3144018251194182204631460B
:10CCD0002A46FEF7A1FC20460B210022F4F7DEFADB
:10CCE00001280BD12046FEF7E3FB20460A21002253
:10CCF00011B0BDE8F043F4F7D1BA00BF11B0BDE800
:10CD0000F08300002DE9F0470F4611432CD09846E0
:10CD10001646054600F02CFDA868002100281ABF21
:10CD2000008AC0F1000A4FF0000AA7EB0A0004B223
:10CD3000284616220027FDF75DFEC0B2012815D156
:10CD4000012C55DB2846FDF725F907462846FDF757
:10CD5000A3F9384400B2A042B8BF044624EAE477FD
:10CD6000A868D8B948E000BFBDE8F087002C48BFEC
:10CD70002746B4F1FF3F0FDC28463CB2FDF70AF925
:10CD800081462846FDF788F9484400B220EAE07061
:10CD900040428442B8BF0746A86868B3408A8119F8
:10CDA00009B200290E4658BF0026B1F1FF3FC0F17D
:10CDB00000040CDC28460FFA86F9FDF757F82044EA
:10CDC00000B220EAE07040428145B8BF064607EB5A
:10CDD0000A01301941EA0002120408BFBDE8F087D9
:10CDE00009B202B228464346BDE8F047FFF7D2BE7B
:10CDF0000027A8680028D1D10024002E58BF26465D
:10CE0000E5D5D7E7F0B581B00F4645F2D971C0F648
:10CE100003011C4616460546E5F7D2FDA868002228
:10CE200000281ABF008A40420020C01B01B22846D9
:10CE300023460027FFF766FF45F62901C0F60301E8
:10CE40002846E5F7BDFDA868002100281CBF408AE0
:10CE50004742B81B02B22846234601B0BDE8F04065
:10CE6000FFF750BFF0B581B00C46054600F080FCDE
:10CE7000002000902846FCF7DDFF78B129461435E4
:10CE80006E4600BF074628463246234608F0F6FAAB
:10CE90003846FCF7CFFF00283946F3D101B0F0BD8A
:10CEA00070B50D4645F2D971C0F603011446064629
:10CEB000E5F786FDB168304600291ABF098A494264
:10CEC0000021491B09B200222346BDE87040FFF74C
:10CED00019BF000070B50D4645F62901C0F60301E3
:10CEE00014460646E5F76CFDB168304600291ABFC6
:10CEF000498A49420021491B0AB200212346BDE864
:10CF00007040FFF7FFBE0000B0B584B002AD6A46C6
:10CF100029460446FDF75AF92846E6F7CDFC18B92C
:10CF20006846E6F7C9FC78B102A8E6F7C5FC18B177
:10CF300002A92046FEF7ECFA6846E6F7BDFC18B1F8
:10CF400069462046FEF7E4FA04B0B0BDB0B50C4621
:10CF50000546FBF791FEA8688482B0BDF0B581B0AC
:10CF600040F2F427C2F2000715460A46B9881C466B
:10CF70000023064600F06AF8F98830462A46002366
:10CF800000F064F8398930462246002300F05EF84C
:10CF900039883046002201B0BDE8F04000F03CBBCB
:10CFA000B0B540F2F425C2F200050A4669880023B4
:10CFB000044600F04BF8298820460022BDE8B04026
:10CFC00000F02ABB10B50A4640F2F421C2F200017B
:10CFD00049890023044600F039F82046FCF72AFF6F
:10CFE000BDE81040FEF702BBB0B582B00C4601AA06
:10CFF000042100230546FCF7F7FE20B1012807D1E4
:10D000000198A04204D028462146002200F0FEFAF2
:10D0100002B0B0BD10B589B20022044600F0FCFA9F
:10D02000608C40F0010060842046FCF709FF418CD1
:10D0300041F004014184FCF749FE4068002808BF24
:10D0400010BDBDE8104004F061BC0000F0B581B037
:10D050000E4619461C4615460746E3F74FFC314677
:10D060002A4602F037FC38462146324601B0BDE878
:10D07000F040FFF7BFBB0000F0B581B031B304460C
:10D08000406818B320460F46FEF712FA3846FBF701
:10D09000F3FD666806B3B168D1B14A68C2B1002039
:10D0A00006E000BF0023A3421FD0013082420FD010
:10D0B000B0F1FF3F034601DC8318F3D49342F1D271
:10D0C0000D6855F82330A342EFD10EE001B0F0BD5A
:10D0D0004FF0FF3009E000BF002006E0096801EBD7
:10D0E0008002526841F820200130B168002914BF45
:10D0F0004A680022023A9042F0DDD1E90002013A8A
:10D100004A6003D09100F9F7FFFD02E0F9F7D2FD84
:10D110000020B968B2684B6810605A1C08684A6001
:10D120009100F9F7F1FDB9684A68086000EB8200E8
:10D1300040F8044C30466760FFF7E6FE3046222197
:10D140002246F4F7ABF8304624210022F4F7A6F883
:10D15000384622212246F4F7A1F83846232100223E
:10D16000F4F79CF82046FEF741FA204601B0BDE8EE
:10D17000F040FEF79DB9000070B582B014460E462F
:10D180006A46072100230546FCF72EFE20B1012840
:10D1900007D10098B04204D028463146002200F062
:10D1A00053FA01AA284608210023FCF71DFE20B1EE
:10D1B000012807D10198A04204D028462146002228
:10D1C00000F048FA02B070BDB0B50C460546FBF75A
:10D1D00053FDA868417E01F00F02944208BFB0BD24
:10D1E00004F00F0201F0F00111444176B0BD0000DF
:10D1F000B0B50C460546FBF73FFDA86804F00302F6
:10D20000017E01F0F30141EA82010176B0BD000028
:10D21000B0B50C460546FBF72FFDA86804F00302E5
:10D22000017E01F0CF0141EA02110176B0BD00009C
:10D23000B0B50C460546FBF71FFDA9680A7E02F053
:10D240000303A34208BFB0BD04F0030302F0FC02D5
:10D250001A4428460A76BDE8B040FEF729B9000016
:10D2600070B582B014460E466A4601210023054679
:10D27000FCF7BAFD20B1012807D10098B04204D0D4
:10D2800028463146002200F0D9F901AA2846042197
:10D290000023FCF7A9FD20B1012807D10198A04285
:10D2A00004D028462146002200F0B0F902B070BD3B
:10D2B0002DE9F04F8BB0048C8C4200F07D810E463E
:10D2C0000184214632460546DCF76EFA002800F05C
:10D2D000738180464FF42070F9F73CFB4FF42071C6
:10D2E0000690FAF74DF9688C10F47C7F00F05281BB
:10D2F000F0430394CDE90168089006984FF0000AC6
:10D3000004304FF0000B0490E86800EBCB04264695
:10D3100036F8040FA17940EA014000F0E7F9E96826
:10D32000074601EBCB018A79898841EA024000F087
:10D33000D9F908990F4240F00981E179890700F194
:10D34000058124684FF6FF73A188E27999423BD1A9
:10D35000002A00F0FB80CDE909706FF0170000EBA8
:10D36000C20E6FF007000596216800EBC2066FF051
:10D370000F004FEAC20C00EBC20400228B5A184681
:10D380006FF39F3067286BD0964200F0DF808F18D4
:10D390003B8918466FF39F30672863D0944200F0B2
:10D3A000D5803B8A18466FF39F3067285ED096453C
:10D3B00000F0CC803B8B18466FF39F30672859D024
:10D3C00020329445DAD1C1E0002A00F0BF80012A62
:10D3D0000CD121F48042672A40F0B880B1F5804F2B
:10D3E0000596CDE909705DD226685FE0D4F800C0EB
:10D3F000C2F1000E0CEB82039C1DA2F1010800217A
:10D40000CDE90970059634F8060C06466FF39F3691
:10D41000672E3ED0884500F0998003EB410778885D
:10D4200006466FF39F36672E2ED00EEB0106B01C1A
:10D4300000F08C80B88807466FF39F37672F25D0A0
:10D44000F01C00F08380208806466FF39F36672E1D
:10D450001ED004318A4204F10804D4D176E000BF22
:10D46000114409E007F1080106E000BF07F11001CF
:10D4700002E000BF07F1180118B2002866D4B3F526
:10D48000804F0FD24E6811E0013102E0023100E01E
:10D49000033102B2002A59D4B0F5804F02D25CF8B1
:10D4A000216003E0672002F045F8064631680888ED
:10D4B00000284BD0BAF11F0F48D80024079500BFB1
:10D4C0000025BAF1000F1BD0049F04E00135AA45E6
:10D4D00007F1140716D0D7F80090484600F006F977
:10D4E0008046484600F0FEF83168BA8831F81430BA
:10D4F0009A42EBD10A9A9042E8D109988045E5D347
:10D5000055451AD1069F0AEB8A00D6E9035307EB6B
:10D51000800227F820505380D6E901CE31F814005C
:10D52000059BC2F80CE01081C2F810C098781B88E7
:10D530000AF1010A43EA00405060013431F8140056
:10D54000079D18B1BAF1200FBAD300BF688C0BF158
:10D55000010BC0F30510834503D2BAF1200FFFF48D
:10D56000D3AE039EDDE90178BAF1000F12D0069820
:10D57000A0F11401886901F1140400F0B3F8014628
:10D58000284632463B460094DCF75EF8BAF1010AC1
:10D590002146EFD10698F9F733FBB8F1030F19D004
:10D5A000B8F1020F0CD0B8F1010F05D128460BB02D
:10D5B000BDE8F04FFDF77CBF0BB0BDE8F08F00BFBA
:10D5C0002846FDF775FF28460BB0BDE8F04FFFF782
:10D5D000AFB800BF28464FF470214FF6FF720BB072
:10D5E000BDE8F04FFFF706B913460A460921FFF7D9
:10D5F0002DBD000013460A461621FFF727BD000087
:10D6000013460A462821FFF721BD000013460A46AB
:10D610000421FFF71BBD000013460A460A21FFF74D
:10D6200015BD000013460A460221FFF70FBD00009A
:10D6300013460A465B21FFF709BD000013460A4660
:10D640000121FFF703BD000013460A460721FFF73B
:10D65000FDBC000013460A460821FFF7F7BC000096
:10D66000B0B582B00C4601AA012100230546FCF7A3
:10D67000BBFB20B1012807D10198A04204D0284665
:10D6800021460022FFF7DAFF02B0B0BDB0B582B08C
:10D690000C4601AA072100230546FCF7A5FB20B193
:10D6A000012807D10198A04204D028462146002233
:10D6B000FFF7CAFF02B0B0BDB0B582B00C4601AAF8
:10D6C000082100230546FCF78FFB20B1012807D174
:10D6D0000198A04204D0284621460022FFF7BAFF55
:10D6E00002B0B0BD00F47F007047000080B2704708
:10D6F000F0B581B0D0B31F46164605460C46DBF7A1
:10D7000055FFAFB14EB106462846FCF793FB2146C4
:10D7100001220123FFF7ECFF3046022826D12846DC
:10D720002146012201B0BDE8F0400CF0C3BD00BFAE
:10D73000022804D12846214600220CF0BBFDAEB1E0
:10D740002846FCF777FB88B1054604E02846FCF73D
:10D7500071FB054650B12846DBF728FF0228F5D1BA
:10D760002846214600220CF0A5FDEFE701B0F0BDF0
:10D77000B0B548F6CC05C2F200052978002918BFDB
:10D78000B0BD01212970FCF75BFB0446408C4107CA
:10D7900009D500BF20F0040060842046E5F7C8F8F2
:10D7A000608C4107F6D400202870B0BD12284FF0DD
:10D7B00000020DD84B1FDBB2FC2B09D340F6AC02A4
:10D7C0000139C0F60402C9B202EBC00030F81120E2
:10D7D00010467047024612284FF0000010D88B1FE9
:10D7E000DBB2FB2B38BF7047481E02EB820140F6CC
:10D7F0004412C0F60402C0B202EB410131F810003D
:10D800007047000012288FBF002040F60221C0F6AA
:10D81000040131F810007047002904BFB2F5807F81
:10D8200070472DE9F04F83B01F8806884588F61BA6
:10D830005F880029A5EB0707068047807AD040F271
:10D84000C405C2F200052D6840F2B03C8D42C2F220
:10D85000000C5BD0B1F5616746F26766D8BF0F4632
:10D86000C6F26666002F48BF07F5616757FB06F6EC
:10D87000B51005EBD67B0FFA8BFC0BEB8B060290F9
:10D880006046A7EB460799469246019104F0D8FA04
:10D8900006460BF1010000B204F0D2FA05460BF186
:10D8A0005A0000B204F0CCFA80460BF15B0000B2E3
:10D8B00004F0C6FAC7F10A0404FB06F107FB0515DC
:10D8C000014646F2676E04FB08F4C6F2666E07FB7B
:10D8D000014155FB0EF5AE1051FB0EF106EBD5776D
:10D8E0008E1040F2B03C029806EBD171C2F2000CEF
:10D8F0007F114911CCE9007106884788019940F2EF
:10D90000C40552464B46C2F20005296031B2DCE93B
:10D9100000653FB205FB01F406FB1744B2F5807FBA
:10D9200018D16F431A8806FB017702EB9421BA0ADB
:10D930001AE000BF31B21E88514306EB112101806D
:10D9400039B25B88514303EB1122428003B0BDE83A
:10D95000F04F70476F4306FB017704FB02FC1C8805
:10D960007A4304EBAC4192145B8801801A444280F4
:10D9700003B0BDE8F04F7047B0B540F23C24C2F2AE
:10D98000000448F6CE01C2F20001204600224FF406
:10D990004863E9F769FC04F11C052846E9F774FCC3
:10D9A00040F24010C0F2E010E0614BF61D50C0F6AE
:10D9B000000020632846A462BDE8B040E9F788BCB7
:10D9C000B0B540F2A825C2F2000505F108042046D2
:10D9D000F6F7B2F90120287249F63960C0F6030063
:10D9E000E8602046F6F7BCF96860B0BD002A65D053
:10D9F0002DE9F0478C46864600210120764612F03C
:10DA0000010508BF0126A6FB00376D4206FB017128
:10DA100005EA0C055FFA82FA05FB0011BAF1020F64
:10DA200050D3AEFB0E700EFB0C053E465FEA8278CB
:10DA300058BF0126A6FB03090EFB0C5506FB0191FE
:10DA400005EAE87606FB0311BAF1040F38BFBDE81A
:10DA5000F087A7FB074607FB056623465FEA427C83
:10DA600058BF0123A3FB008E07FB056603FB01E102
:10DA700006EAEC7303FB0011BAF1080F26D3A4FBEE
:10DA8000043004FB0600A3FB03E704FB06041E4668
:10DA90005FEA027903FB047758BF0126A6FB08055D
:10DAA00006FB015103FB047C52B204EAE97303FB59
:10DAB00008111211002AA1D1BDE8F0870021012030
:10DAC000704700BF1846BDE8F08700BF4046BDE87C
:10DAD000F087000070B582B00C4614310022054674
:10DAE0000026DAF725F928B120460121FDF7A0F933
:10DAF00020B10026304602B070BD00BF2046DBF7E3
:10DB000055FD00284FF00006F4D16A462046122148
:10DB10008DF800600195F3F7C1FB9DF80000022825
:10DB2000E8D02046FCF73EF8461E00BF701C0128D6
:10DB30000CDBA068006850F826102846FFF7CAFFE3
:10DB40000028A6F10106F1D001E000BF00209DF8F9
:10DB50000010090618BF0446002818BF04462646D0
:10DB6000304602B070BD0000B0B591F82A00002523
:10DB700000F0FE000C4681F82A004D620D85084633
:10DB80001021FBF779FA20464FF40071FBF774FA85
:10DB900040F64420C0F604002146FBF79DF9FBF750
:10DBA0002DFA20460021FBF7EDFF41F25301C0F6AC
:10DBB00004010131C4F8265003E000BF0135A584FB
:10DBC000043111F8012C0A2A0CD0E2B10A780A2A91
:10DBD0000DD0C2B14A780A2A0ED0A2B18A780A2A98
:10DBE0000FD1EBE70135A5840A780A2AF1D1013576
:10DBF000A5844A780A2AF0D10135A5848A780A2AB0
:10DC0000DCD0002ADCD194F82A20691CA18402F01F
:10DC1000FE0184F82A1041F25301C0F604010546C2
:10DC2000F8F758FAE18C28462185BDE8B040FEF7A8
:10DC30007FBD00002DE9F04F99B040F62820C0F6D6
:10DC400004000D46FBF77EFF012840F03483284690
:10DC5000F3F708FB04462846F3F71CFB611E2B294B
:10DC600000F229838246DFE811F0650193012D005F
:10DC700026032603260326032D0026032603260358
:10DC800026033B014F017901260326032603890160
:10DC9000260399002603260399002603260326035C
:10DCA000260326032603260326032603260326032C
:10DCB0002603260326032603260333012701260312
:10DCC000F90000BF50460021FBF75CFF002800F080
:10DCD000F2820546F6F76CF80646F6F7B5F8042822
:10DCE00001D0022810D1BAF826100428AAF828106A
:10DCF0000AD15046FCF740F80746F4F773FB18B119
:10DD000038460021F4F744FC3046F6F79DF8012828
:10DD100005D03046F6F798F8032840F0BB829AF811
:10DD20002A00800700F1548209AF30463946F6F7E1
:10DD300059F8E88ABDF82610BDF82420081AA98AE7
:10DD4000ADF82600501AADF8240028463946F7F7FA
:10DD500045FA04462846F7F7A7FC0027002C17973A
:10DD600000F0618240F258098346C2F200090DF1C9
:10DD70005C082646002500BFD9F8002058464146D9
:10DD800090470A38B0FA80F04009291B18BF0121DA
:10DD90000840179D013E0744EED144E22846F3F7C0
:10DDA00061FA06462846F3F775FA182E044600F085
:10DDB0001181152E40F07F822846F3F759FA8046EC
:10DDC000204600215722FCF715FE064620464FF458
:10DDD00080215722FCF70EFEB6F90860B0F90870F2
:10DDE000204600215922FCF705FEB91901EBD1713B
:10DDF00000EB6106E78A2046B5B2FBF7C3FF81B2AC
:10DE000000EBD13000B206EBD53107EB600009B270
:10DE1000A0EB6100ADF85E003044ADF8620009A9E6
:10DE20002046FBF74DFFBDF82400BDF8281009AED1
:10DE3000ADF85C003046ADF86010EBF7BDFF204652
:10DE40004FF480213246FDF7C1F917AA404631460A
:10DE5000EBF798FF19B0BDE8F08F00BF2846F3F745
:10DE600017FA8046504600210025FBF78BFEF0B1E3
:10DE7000064650464FF480215722FCF7BBFD07466B
:10DE800050464FF480215822FCF7B4FD044630463A
:10DE9000F7F70AFC014641F6FF70CDE9005023B2C6
:10DEA00009A83A46029503F0FBFFBDF82450A8F8F4
:10DEB000005019B0BDE8F08F50460021FBF762FE1C
:10DEC00018B12A210022F3F7E9F95046FEF760FC69
:10DED0005046002119B0BDE8F04F07F03FB900BF30
:10DEE0002846F3F7D5F9007800F0FE01122940F03A
:10DEF0005781BAF82600BAF824100130884280F021
:10DF0000DA81BAF8284058E15046FBF735FFF4F7BC
:10DF100069FA0546F5F74CFFF5F796FFBAF82610B3
:10DF2000042808BF002D00F0C181AAF8281019B0FC
:10DF3000BDE8F08F9AF82A00002100F0FD008AF871
:10DF40002A005046FBF71EFE45F68901C0F6030184
:10DF500019B0BDE8F04FE4F733BD00BFBAF82600B2
:10DF6000BAF82820904200F0A68150460121AAF874
:10DF7000262019B0BDE8F04F07F0F0B85046002158
:10DF8000FBF700FE19B0BDE8F04FFEF7D1BB00BFB4
:10DF9000F5F70EFF09A9F5F75DFFBDF8260000288B
:10DFA00000F0898150460021FBF7ECFD0546FCF7A7
:10DFB000F3FEBDF82610084401B22846FFF77CFBAB
:10DFC0009AF82A0040F002008AF82A0019B0BDE849
:10DFD000F08F00BF2846F3F74BF909AE8146304673
:10DFE000EAF7A6F920464FF480213246FDF734F8CF
:10DFF000204600215722FCF7FDFC064620464FF440
:10E0000080215722FCF7F6FCB6F90850B0F90860F9
:10E01000204600215922FCF7EDFC711901EBD1716A
:10E0200000EB6105E68A2046AFB2FBF7ABFE81B29A
:10E0300000EBD13000B205EBD73106EB600009B23E
:10E04000A0EB6100ADF81E002844ADF8220017A92E
:10E050002046FBF735FEBDF85C00D9F80810ADF896
:10E060001C00BDF8600007AAADF8200017A8D9F77A
:10E070002FFE002800F01F8120460021FBF782FDC3
:10E080008246F7F70BFB28B19DF8410040F00100F4
:10E090008DF841005046F7F707FB099EBDF938B0EF
:10E0A000BDF9368007462046FCF750FE05460220A3
:10E0B000029006A8394632465B46CDF800800195AD
:10E0C00003F0EEFE2046FBF75DFE81B200EBD1309F
:10E0D000B4F91610BAF9162000B2451001EB600031
:10E0E000101A86035046FBF74DFE96FBF0F62046CD
:10E0F00000215722FCF77EFC0999B0F90800B1F91C
:10E100000810E28A081ABDF81A1000EBD070A1EBD3
:10E110006001ADF81A1009B2A5EB6000714310441C
:10E1200000EB9137204600213222FCF763FC0546C4
:10E13000204600211222FCF75DFC06462046002105
:10E140001322FCF757FCA18A72191144ADF8101084
:10E15000218B2844081ABDF81A10ADF81400C8190C
:10E160009DF84110ADF8160041F002008DF8410015
:10E1700017A8D9F80840C9F808005046ADF8127041
:10E18000F7F792FA034609A904AA48460027009720
:10E19000E9F76EFDC9F8084019B0BDE8F08F00BF7F
:10E1A000142802D0112840F08680BAF826000028F2
:10E1B00000F08180BAF82840013881B2504601222F
:10E1C00000F07EF9AAF8284019B0BDE8F08F00BF32
:10E1D000504600215722FCF70DFC0746504600210F
:10E1E0005922FCF707FC3989BAF91620BAF91A3016
:10E1F0000C18981A00EBD070ED8A02EB50073046ED
:10E200000C21F6F78FFA284439B200B2081A21B26D
:10E2100090FBF1F04FF6FF7120EAE077BAF82400A6
:10E22000874228BF471838B2002833D49AF82A10FA
:10E23000BAF82400C90721D042F293414143A0EB30
:10E24000114292B2520802EB1142B9B2B1EB920FF5
:10E2500014D2BAF826709208B7FBF2F303FB1277D8
:10E2600053433EB2761A48BF7642B6EB520F04D9FA
:10E27000BFB28F4294BF891A1144CF18B9B28142FC
:10E2800028BF471E50460121AAF82670AAF8287018
:10E2900006F064FFBAF8260009AA099050461C212E
:10E2A000F2F7FCFF19B0BDE8F08F00BFBAF82820E4
:10E2B00091427FF45AAE19B0BDE8F08F2DE9F04FCE
:10E2C0008FB008460D46F2F7CDFF152840F0A2802A
:10E2D0002846F2F7DFFF2846F2F7DCFF8246FBF71D
:10E2E000A9FD05AE07463046EAF722F83846002178
:10E2F0003246FCF7B1FE5046F7F7D0F928B19DF849
:10E30000310040F001008DF831002846F2F7B0FFEF
:10E31000D0F8088003AE054607F1140230464146A6
:10E32000D9F7D6FC002800F0BE80384600215722DD
:10E33000AE60FCF75FFB064638464FF4802157225B
:10E34000FCF758FBB6F90860B0F9084038460021E0
:10E350005922FCF74FFBA11901EBD17100EB6104CD
:10E36000FE8A38461FFA84F9FBF70CFD81B200EBF8
:10E37000D13000B204EBD93106EB600009B2A0EB5A
:10E3800061060DA9384606EB040BFBF799FC5746CE
:10E3900037F8140FADF83A60D7F802100DAECDF88B
:10E3A0003610A968ADF8340030463246D9F790FCF3
:10E3B000D5F8089068B15046AE60F7F775F9034696
:10E3C00005A928463A4600260096E9F751FCC5F80B
:10E3D0000890BAF814000DAEADF83400DAF8180061
:10E3E00049460E9030463246ADF836B0D9F770FC4B
:10E3F00058B15046AE60F7F757F90346002605A915
:10E4000028463A460096E9F733FCC5F808800FB075
:10E41000BDE8F08F064640F64420C0F604002946C9
:10E42000FBF790FB01283ED12846F2F733FF292E57
:10E4300004463BD0132E36D12846F2F729FF8146F9
:10E440002046FBF7F7FC002106460025FBF79AFB68
:10E45000F0B1074630464FF480215722FCF7CAFA44
:10E46000804630464FF480215822FCF7C3FA064616
:10E470003846F7F719F9014641F6FF70CDE900502B
:10E4800033B205A84246029503F00AFDBDF91450C7
:10E490002046FCF75BFCB9F90010281A8842B8BF87
:10E4A0000846A9F800000FB0BDE8F08F2046FBF742
:10E4B000C1FC00210FB0BDE8F04F06F04FBE0000D8
:10E4C00090F82A309446828CDB070B4623D070B537
:10E4D00042F293415143A2EB1146B6B2760806EBE5
:10E4E0001141B3EB910F14D2C68C8908B6FBF1F43D
:10E4F00004FB116604FB01FE35B2ED1A48BF6D4204
:10E50000B5EB510F04D9B4B29C4294BF5B1A0B44D3
:10E510007344BDE8704099B29142614628BF531ED2
:10E52000C384038506F01ABE10B50C4691F874102A
:10E530000020206701F0FC0084F8740020464FF4AE
:10E540004071FAF799FD20461021FAF795FD002059
:10E55000E8F76EFF1E2815DB0020E8F769FF502161
:10E5600001EBC00046F26761C6F2666150FB01F044
:10E57000811101EBD07001B22046BDE81040FEF7DA
:10E58000E5BC00BF012001B22046BDE81040FEF707
:10E59000DDBC00002DE9F04FB3B040F66026C0F6B8
:10E5A000040630460D46FBF7CDFA012840F0B38053
:10E5B0002846F2F757FE07462846F2F76BFE044658
:10E5C000E5F7B4FD811EB1FA81F14909012818BFB0
:10E5D0004800791E282900F29E80DFE811F06700CC
:10E5E0009F0029009C009C009C009C0029009C002E
:10E5F0009C009C009C001B0155009C009C007B0023
:10E600009C00D5009C0035019C009C009C009C0057
:10E610009C009C009C009C009C009C009C009C001A
:10E620009C009C009C009C009C009C009C002F0176
:10E6300094F8740000F0FE0084F874000020206755
:10E640002046FCF735FF2046FBF796FB0546F3F71F
:10E65000C9FE0646F5F7ACFBF5F7F6FB04285AD1E0
:10E66000002E58D02046E5F761FD022840F02A81AF
:10E6700094F87400810700F12F8240F0020084F8C2
:10E68000740033B0BDE8F08FF5F792FBF5F7DCFBD3
:10E69000042801D002283ED194F8740000F0FD0057
:10E6A00084F8740033B0BDE8F08F00BF0546204603
:10E6B000FCF7FEFE94F87400012D40F0010084F890
:10E6C000740000F2078104F12400206733B0BDE834
:10E6D000F08F00BF80462846F2F7DAFDA1680546B4
:10E6E000002914BF888A0020A16EE26E06B211AF25
:10E6F00011911292384631463246E5F7F7F829680B
:10E7000038460022D9F7D4FB0028287108BFB8F199
:10E71000020F00F0CD8133B0BDE8F08F206F0028EC
:10E72000F9D0F5F745FB0646F5F78EFB0128F2D147
:10E7300011AD30462946F5F755FBD4E90A01A1EBA6
:10E7400000082046FCF702FB06462046FBF71AFBB2
:10E75000864280F22782204600211022FCF74AF9E7
:10E760000546204600211122FCF744F906462046C2
:10E77000FBF708FB7219871ABDF9460031B2B4F9EC
:10E780001A20081A104434E220464FF44031122275
:10E79000FCF730F9029020464FF440311322FCF789
:10E7A00029F9019020464FF440311022FCF722F95C
:10E7B000064620464FF440311122FCF71BF98346F0
:10E7C00020464FF440316D22FCF714F98246204672
:10E7D0004FF440316922FCF70DF9074620464FF40B
:10E7E00040316A22FCF706F980462046FCF7AEFA73
:10E7F0003F0400EBE7392046FBF7C4FA4FEA084133
:10E8000000EBE130814580F2AD802046FF13FCF73C
:10E810009DFAABE02846F2F73BFD007800F0FD01E1
:10E82000112940F0CD8094F87400800700F17681C2
:10E830002046E5F793FC411CD0E000BF204633B0F2
:10E84000BDE8F04FFDF774BF2846F2F723FD0746F9
:10E850002846F2F70DFD8246384600211622002593
:10E86000FCF7C8F804463846FCF770FA814638468B
:10E87000FBF788FA97F85C10834601F00301012941
:10E8800008D1B86A0025B0F1FF3F03DCF86A002820
:10E89000C8BF0125D945E4B238460194C0F2A4802E
:10E8A000FBF770FA029025B1786AB0F1FF3F40F3B0
:10E8B000DB813820012C08BF3420385AADF8C40061
:10E8C0009EE000BF2846002133B0BDE8F04FF3F7CB
:10E8D0005FBE00BFF5F76CFA11A9F5F783FA204681
:10E8E000FCF734FA05462046FBF74CFA064620466C
:10E8F00000211622FCF77EF8B54280F2F980BDF9BE
:10E900004600B4F96A108842FFF6DDAEB4F966201D
:10E91000904200F3A281B4F96270B4F96E30D21B58
:10E9200002EBD2723F1A5B1A07EB620203EBD3735E
:10E93000081A002A00EB630048BF5242002848BF73
:10E9400040420004B0EB024FC0F2BF8194F8741053
:10E9500004F13000206741F0020084F8740033B005
:10E96000BDE8F08F2046CF13FBF70CFA019A029B0B
:10E9700012B21BB238440FFA8BF136B2C003934285
:10E9800010FB2AF7C8BF1A46B142C8BF0E46204640
:10E990004FF44031B242C8BF1646FAF711FA30447C
:10E9A00000EB1720023004B22846F2F771FCB0F9F0
:10E9B0000010A142C8BF0C46048033B0BDE8F08F00
:10E9C000142802D012287FF4A6AE94F874008007B1
:10E9D00000F1D8802046E5F7C1FB411E2046012208
:10E9E000E5F7E8FBD6E000BFFCF7B0F9029025B1EF
:10E9F000786AB0F1FF3F40F33B81F88EADF8C60076
:10EA000023AD002428464FF00008D945A8BF0124B3
:10EA1000EBF7D2F938464FF440312A46FCF7D6FBE3
:10EA2000029A31A93846234604F0BCF8319832994D
:10EA30003C4644F8680FF96611A85146FAF754FCB1
:10EA40004FF44030CDE91E083846CDE91268CDE9D3
:10EA50001445E5F76BFB022820D123AE03A831460D
:10EA60003822F8F793F911AD38461A212A46F2F701
:10EA700015FC504631462246EBF784F938461B21F7
:10EA80002A46F2F70BFCD9454EDB019934200129C7
:10EA900008BF3820385AADF8C40048E011AD3846F8
:10EAA0001A212A46F2F7FAFB23A950465FE000BF7D
:10EAB000206E616E11AC11901291204631463246A3
:10EAC000E4F714FF296820460022D9F7F1F92871EC
:10EAD00033B0BDE8F08F00BF00F0FD0228460021F2
:10EAE00084F8742033B0BDE8F04FF3F751BD00BF98
:10EAF000C1B2BDF94400012940F0A680B4F96820F4
:10EB00009042FFF6E0ADB4F96430984200F3A5807E
:10EB1000B4F86070B4F86C10BCE000BF2046E5F7B4
:10EB20000BFB411C32E000BF788FADF8C60000231C
:10EB3000D945A8BF0123029A31A9384604F032F81A
:10EB4000319832993C4644F8600F796603A9304603
:10EB50003822F8F71BF9012013A911AD51C11F90FC
:10EB600038461A212A46F2F799FB5046314622468A
:10EB7000EBF708F938461B212A46F2F78FFB33B032
:10EB8000BDE8F08F2046E5F7D7FA411E2046012266
:10EB9000E5F7ECFA20461C21002233B0BDE8F04F27
:10EBA000F2F77CBB204600211222FBF723FF06462A
:10EBB000204600211322FBF71DFF81462046FCF76B
:10EBC000C5F809EB0601471A204600211622FBF77B
:10EBD00011FFC0B20128284612BF04F114004E46AE
:10EBE00004F11805B0F90000B5F9001000FA86F03C
:10EBF000081ABAB207EBD23200FB08F012B239B2EF
:10EC000000EB620090FBF1F1A26A206F531804F14F
:10EC1000300230272C21904208BF282708BF24212A
:10EC20006158E7598B42B8BF194603688F42C8BF85
:10EC300039468B423FF46FAD90421BD020460122F3
:10EC4000E5F7B8FA1AE000BFB4F96C1088423FF754
:10EC50003AADB4F96070B84218DA04F130002067B8
:10EC600033B0BDE8F08F00BFB88EADF8C400C7E682
:10EC7000788FC3E620460122E5F778FA20461C216A
:10EC80000022F2F70BFB33B0BDE8F08FB4F864302C
:10EC9000B4F868203FB21BB2DB1B12B209B203EB1F
:10ECA000D3733F1A891A07EB630301EBD171101A72
:10ECB000002B00EB610048BF5B42002848BF404288
:10ECC0000004B0EB034FBFF641AE94F8741004F1AA
:10ECD0002400206701F0FD0084F8740033B0BDE823
:10ECE000F08F000081B080B583B094460A4601469B
:10ECF0004AF25D4005930DF1140EC0F60000634624
:10ED0000CDF808E0CDF800E0DBF7AEFB03B0BDE8DE
:10ED1000804001B07047000010B50C46002048F25A
:10ED20009F6247F6611304F1640CC0F20102CFF652
:10ED3000FE738CE80D0094F87500052100F0F800D2
:10ED4000043084F87410012184F87500204621678E
:10ED500002F0BAFA2046012102F0F4F92046BDE89B
:10ED6000104000F095B90000426ED0E91B1CA2EBE8
:10ED70000C038B420ADA8A4205D190F8752012F012
:10ED8000010218BF816E416600F082B919469444B1
:10ED9000002B48BFCCF10001002AD8BF19464166BC
:10EDA00000F076B970B540F67C20C0F604000D4640
:10EDB000FAF7C8FE012840F00F812846F2F752FA10
:10EDC00006462846F2F766FA0D2E044632D0082E83
:10EDD00040F00281F4F7ECFFF5F736F8042851D142
:10EDE0002046FAF7C9FFF3F7FDFA002800F0F48097
:10EDF00094F8740000F00F000228C0F0ED8094F841
:10EE00007510256F01F00601042940F0E780022DFE
:10EE1000C0F2F4804CF6CD40CCF6CC40A5FB00010E
:10EE20000122092D88BFCA0820462267BDE870402C
:10EE300000F02EB9F4F7BCFFF5F706F806462846B1
:10EE4000F2F726FA00681138032888BF70BDDFE8A2
:10EE500000F0033F273700BFD4E91901236F1A18C8
:10EE60008A4240F39380884240F0978094F875007E
:10EE700010F0010018BFE16E20466166BDE87040E9
:10EE800000F006B9204602F053F90546D1F79EFA84
:10EE9000616C6A5C2E2A0BD1204601F0E3FD43E051
:10EEA000042E29D12046BDE8704000F0BFB800BF55
:10EEB000814233D1411E204602F04EF934E000BFBA
:10EEC000042E40F095802046BDE87040FFF74CBF0F
:10EED000606ED4E91B13C21A8A4265DA88425CD19B
:10EEE00094F8750010F0010018BFA16E204661660D
:10EEF000BDE8704000F0CCB8206F4CF6CD41CCF6A8
:10EF0000CC41A0FB011201210928C8BFD10820462D
:10EF10002167BDE8704000F0BBB800BF21B9E06ECA
:10EF2000B0F1FF3F40F37E80666C94F87400324687
:10EF3000E36EB6EB101F88BF013A00F00F011028F6
:10EF400038BF324690B2C243002B48BF42428918B4
:10EF50004FF0010020673FD0002242F2107300BF43
:10EF600042F00106B6B2B1422CD942F00206B6B266
:10EF7000B1422BD942F00306B6B2B14228D90432CD
:10EF800096B2B14203FB00F0EAD824E01146002A11
:10EF9000C8BF191A002858BF114620466166BDE84F
:10EFA000704000F075B800BF11460344002A48BF06
:10EFB00059420028D8BF114620466166BDE870401E
:10EFC00000F066B800EB8000400004E0642101E03E
:10EFD0004FF47A714843206770BD00BF421E0A207B
:10EFE0000021EE17FEF702FD281A76EB010011DA78
:10EFF0002046BDE8704000F039B800BF821E0A20EC
:10F000000021FEF7F3FC014620462167BDE8704071
:10F0100000F02CB8012120462167BDE8704000F0C7
:10F0200037B800BF2046012146E70000D0E919218A
:10F03000D0F870C00CEB02038B420BDD8A4205D185
:10F0400090F8752012F0010218BFC16E416600F001
:10F050001FB800BF1946002BC8BFACEB0201002A45
:10F0600058BF1946416600F013B80000D0E91A21D4
:10F07000036F002948BF49428A42C8BF114603EBCB
:10F08000830252008A42D8BF026700F001B8000034
:10F090002DE9F04F8BB00DF11A0A044650461221AB
:10F0A000F8F76EFAE06E636EB0F1FF3F02DDFF200D
:10F0B0000AE000BF2D20B3F1FF3FC8BF2B208DF821
:10F0C0001A000AF1010A00200DF10C0B019087A231
:10F0D00058460E21002B48BF5B42FFF703FE94F811
:10F0E0007490584609F00F05D1F770F9291A0129D3
:10F0F00000953ADB421C12F0030380B218D01BF8D3
:10F10000002047180BF80720012BA0F1010210D0B6
:10F110001BF802700A440BF80270022BA0F10202E5
:10F1200007D01BF802300A440BF80230C21E00E080
:10F130000246032815D30BEB02000132037847186F
:10F14000435410F8013C043A07F8013C10F8023C23
:10F1500007F8023C10F8033CA0F1040007F8033C58
:10F16000ECD103A83022D1F7CFF9B9F1100FC8467E
:10F17000029428BF4FEA1818B8F1000F30D0C8F138
:10F180000002002051461BF800400AEB0003002C4F
:10F1900000F08C801618771C0AF8004000F0888078
:10F1A0000BEB00046778002F00F08680B51C5F70C1
:10F1B00000F08880A778002F00F0888003369F70C9
:10F1C00000F08A80E778002F00F08A800430DF703A
:10F1D000131801F10401D6D18244404601E000BF7A
:10F1E0000020B9F1100F27D3009A2E2190428AF8FF
:10F1F000001021D2009A0026111AA0EB020CA1F1F6
:10F20000010E5844825DBAB10AEB0604B64562703D
:10F2100012D0821957787FB10CEB06039D1CA770A2
:10F220000AD0977847B10333E77005D0D2781AB186
:10F230000436B1422271E5D1029C0DF11A0120463B
:10F2400002F07EF8216F94F874000A2900F00F0094
:10F250001FDB41F2597348F29F6642F21072CDF201
:10F26000B713C0F2010600BF64290DD3B1F57A7F50
:10F270000CD391420CD3A1FB0375B1424FEA553137
:10F28000A0F10400F0D804E0013802E0023800E008
:10F290000338019AC1B21044414588BF0130C1B260
:10F2A000204601F059FF0BB0BDE8F08F9A4698E771
:10F2B00001F1010A404694E740F0010003F1010A20
:10F2C0008FE700BF03F1020A40468AE701F1020A14
:10F2D00040F0020085E700BF01F1030A404680E7E5
:10F2E00040F0030003F1030A7BE700BF2564000040
:10F2F000B0B592B00C4608460221F9F7BDFE01AD4B
:10F300002846E3F783FC4BF2A100C0F60000029010
:10F310004FF6FF70ADF8440040F28430C2F20000B6
:10F32000D0E9000101940C9001F5B4700B902846CF
:10F33000CDE90911E3F7EAFC42F64540C0F60100C9
:10F3400008900020CDE909004FF4B4700B904BF207
:10F35000A900C0F6000002902846E3F7D7FC20463B
:10F3600000214FF4B472E4F717F920464FF4877187
:10F37000E4F708FA12B0B0BD2DE9F04381B08688F9
:10F3800090F807E04FF6FF77BE4219D0BEF1000FAC
:10F390004BD0BEF1010F4DD133466FF39F338B42FB
:10F3A00043D133B2002B00F1AD80B6F5804F80F031
:10F3B000AD8000681060012001B0BDE8F08300BF9F
:10F3C000BEF1000F31D06FF0170303EBCE086FF0E2
:10F3D0000703006803EBCE056FF00F034FEACE0C76
:10F3E00003EBCE0E0024075B3B466FF39F338B424B
:10F3F00056D0A54219D0061937893B466FF39F3383
:10F400008B4253D0A64510D0378A3B466FF39F33CB
:10F410008B4251D0A04508D0378B3B466FF39F33CA
:10F420008B4251D02034A445DDD1002001B0BDE88D
:10F43000F08300BFD0F800C0CEF100080CEB8E04C2
:10F44000A61DAEF10109002336F8060C05466FF340
:10F450009F358D4249D09945E7D004EB4305688834
:10F4600007466FF39F378F422CD008EB0307B81C79
:10F47000DBD0A88805466FF39F358D4232D0F81C4B
:10F48000D3D0308805466FF39F358D422CD004339E
:10F4900008369E454FF00000D6D101B0BDE8F0839C
:10F4A00020443BB2002B14D52CE000BF06F108002D
:10F4B0003BB2002B0DD525E006F110003BB2002B2E
:10F4C00007D51FE0013310E006F118003BB2002B16
:10F4D00018D4B7F5804F19D240681060012001B0F0
:10F4E000BDE8F083023300E0033307B2002F09D4F4
:10F4F000B0F5804F0AD25CF823001060012001B003
:10F50000BDE8F083022001B0BDE8F0830846144650
:10F5100000F010F822461060012001B0BDE8F08331
:10F520000821F8F72DB80000C079B0FA80F0400942
:10F5300070470000C11E6A2900F240800FF20C00E3
:10F5400000EB81024FF48070DFE801F03A38383A7E
:10F55000383838383838383838383838383838382B
:10F560003838383838383838384038383838363815
:10F570003838363838383838383836383E38383809
:10F580003638383838383838383838383838363601
:10F5900038383838383838363838383836383836F1
:10F5A00044383838383838383836363838383838D3
:10F5B0003838383838383900FF2070470020704715
:10F5C00041F6FF70704700BF0F2070474FF6FF7085
:10F5D000704700BF40F24460C0F60400704700006E
:10F5E000F0B581B040F2CC36C2F20006316840F28C
:10F5F000A605C2F2000599B12A88531C13F4404FA6
:10F6000030D140F2D053C2F200031B68A2F16F0761
:10F61000BB421DD2503A32F01F040AD1FEE700BFB0
:10F6200040F2D052C2F20002002313607022202464
:10F630002A80074608462146F7F766FB90B1014647
:10F64000306040F2D050C2F200002A880460384690
:10F65000013211FA82F12A8001F8710C90B201B0E6
:10F66000F0BD00BF002290B201B0F0BD82884FF61D
:10F67000FF739A420ED0C37963B1012B0CD16FF3A3
:10F680009F328A424FF0000202BF8280C271012283
:10F6900010467047002070472DE9F047D0F80090E1
:10F6A0004FEA830809EB830EC3F1000C0EF1060448
:10F6B000A3F1010A002634F8062C6FF39F328A4228
:10F6C0005DD0B24554D00EEB460255886FF39F359E
:10F6D0008D4217D00CEB0605AF1C43D092886FF318
:10F6E0009F328A424AD0EA1C3CD022886FF39F3274
:10F6F0008A4207D004360834B3424FF00002DAD110
:10F7000037E000BF0126022B3BD00D46044603EB39
:10F7100043006FF0050101EB4000F7F7CDF808B3A7
:10F72000E2792146571EFAB22060E77100EB820CA5
:10F7300009EB08030026002405E000BFFAB2964258
:10F7400006F101062BD233F81620AA42F6D059F85A
:10F75000262040F8242033F81620CF792CF81420E6
:10F760000134EBE70022BDE8F0471046704700BFC8
:10F770000022BDE8F0471046704700BF0126022B6B
:10F78000C3D10121002E08BF0EF1020EBEF80020E9
:10F79000C1714946828008BF04310968016048464A
:10F7A000F7F788FA0122BDE8F047104670470000DD
:10F7B00081884FF6FF72914208BF7047C1790229D4
:10F7C00008D310B5016804460846F7F773FA2046D7
:10F7D000BDE810400821F7F7D3BE00000A466521B6
:10F7E00000F078B88AB2522100F074B80A4651216C
:10F7F00000F070B80A46502100F06CB88AB220219F
:10F8000000F068B88AB2222100F064B80A462821C4
:10F8100000F060B80A46212100F05CB88AB23021BD
:10F8200000F058B80A46312100F054B80A46342195
:10F8300000F050B80A46332100F04CB80A46322195
:10F8400000F048B80A46172100F044B80A46622181
:10F8500000F040B80A46632100F03CB80A46042193
:10F8600000F038B88AB24D2100F034B80A46492178
:10F8700000F030B80A46062100F02CB80A460321F1
:10F8800000F028B88AB2362100F024B80A463721A1
:10F8900000F020B80A46382100F01CB80A4635218D
:10F8A00000F018B80A46112100F014B80A461521D4
:10F8B00000F010B80A46122100F00CB80A461321D5
:10F8C00000F008B80A46142100F004B80A461021D6
:10F8D000AFF300802DE9F04381B0064636F8045FAF
:10F8E0004FF6FF739D4200F0E980C3790C46022B6E
:10F8F0006FF39F3434D3D0F800C003EB43050CEB17
:10F9000045060CEB830E043E012B35DB77886FF345
:10F910009F37A74200F08880012B2DD037886FF3E6
:10F920009F37A74200F08880032B25D336F8027C4E
:10F930006FF39F37A74200F08780032B1CD036F867
:10F94000047C043B6FF39F37A742A6F10806DBD186
:10F950002EF813104CF8232001B0BDE8F08300BF4F
:10F96000012B43D16FF39F35A54243D181800260C3
:10F9700001B0BDE8F08300BF062303EB4503044656
:10F9800060460D4619461646F7F7BEF98046002830
:10F9900000F0948094F80790294632462046B9F149
:10F9A000000FC4F800806ED019F0030E54D008EB9D
:10F9B0008905A9F1010635F8163005F1020CBEF1F2
:10F9C000010F2CF8193048D0A9F1020635F816308D
:10F9D000BEF1020F25F819303FD0A9F1030335F825
:10F9E00013502CF816501E4637E000BF0123C37198
:10F9F000034656E004460C2015460E46F6F75CFF1B
:10FA0000034600285AD03146E6792A46013627684F
:10FA1000E671F6B2A58803EB86062046236026F839
:10FA2000025B43F8047B3CE0013B2EF813104CF8DA
:10FA3000232001B0BDE8F083023B2EF813104CF8F0
:10FA4000232001B0BDE8F083033B2EF813104CF8DF
:10FA5000232001B0BDE8F0834E46B9F1040F12D364
:10FA60004FEA890303EB46034344751C1E4600BF5F
:10FA700053F8047C56F8084D043D1F6043F8044CCD
:10FA8000012D3346F4D809F10103DFB24FF0FF3600
:10FA9000C37108EB870756FA83F307EB430608EBBD
:10FAA00083033180C1F304111A60072928BF07219D
:10FAB0000122837902FA01F11943817101B0BDE895
:10FAC000F08300000A460B21FFF704BF8AB24421ED
:10FAD000FFF700BF0A464221FFF7FCBE0A46452158
:10FAE000FFF7F8BE0A464321FFF7F4BE0A4640215D
:10FAF000FFF7F0BE0A465B21FFF7ECBE8AB2552144
:10FB0000FFF7E8BE0A465721FFF7E4BE0A4659212F
:10FB1000FFF7E0BE0A466A21FFF7DCBE0A4669210C
:10FB2000FFF7D8BE0A466721FFF7D4BE0A46012177
:10FB3000FFF7D0BE2DE9F04381B00E46DDE908980D
:10FB400014211C4615460746F7F71AFD42F6B54044
:10FB5000C0F6010007F10801002D18BF2846C7E9CB
:10FB6000006881E8110201B0BDE8F0834162FBF753
:10FB70009FBC000000684FF0FF314162FBF798BC6A
:10FB800010B54FF0FF300C46486208461021F9F7D7
:10FB900073FA20460821F8F757FC20464FF480619D
:10FBA000BDE81040F8F750BC08460021E2F708BF56
:10FBB0002DE9F04FA5B040F6B420C0F604000E4683
:10FBC000F9F7C0FF012840F03F813046F1F74AFBCA
:10FBD00005463046F1F75EFB1C2D044600F09E8082
:10FBE000152D47D0132D40F02F8120464FF4403182
:10FBF0001222FAF7FFFE0FFA80F820464FF4403148
:10FC00001322FAF7F7FE07B220464FF440311022D4
:10FC1000FAF7F0FE05B220464FF440311122FAF710
:10FC2000E9FE00B2B845C8BF4746A842C8BF05466E
:10FC300020464FF44031AF42C8BF3D46F9F7C0F807
:10FC40002844023007B23046F1F722FB0546B0F9EE
:10FC500000004FF40031B842C8BF074620462F804D
:10FC6000F9F7AEF8874240F393802888288025B0C2
:10FC7000BDE8F08F3046F1F70DFB05463046F1F751
:10FC8000F7FA8146284600211222FAF7B3FE804691
:10FC9000284600211322FAF7ADFE07462846002128
:10FCA0001022FAF7A7FE0446284600211122FAF78F
:10FCB000A1FEA98A2B8BEA8A6E8B4144ADF88C1089
:10FCC000D91BADF890101119301A02ACADF89200A2
:10FCD0002046ADF88E10EAF76FF828464FF4003151
:10FCE0002246FBF773FA23AA48462146CDF8049032
:10FCF000EAF748F82846FAF745F80646A88A298B15
:10FD00003218686A891A421C01F101044AD021B2F2
:10FD10004843C11700EB116007124BE02046002159
:10FD20006522FAF767FE60B305462046FAF724FE1F
:10FD3000666A4FF4807101EA0027701C08BF87F4DF
:10FD40008076F01B48BF40426843050A20460021E8
:10FD5000E2F736FE0DF108084046E2F757FF4FF68E
:10FD60006D30C0F6020003904FF67530C0F6020009
:10FD7000059040460294CDE90A660C970D95E2F78E
:10FD8000C5FF2046FBF794FB25B0BDE8F08F00BF10
:10FD900020464FF40031F9F713F8288025B0BDE86C
:10FDA000F08F00BF2846FAF7E7FD00F0010040425F
:10FDB00000EA0407284600211622FAF71BFEC0B20B
:10FDC0000128A88A08BFE71B3C18B5F816A0B5F8AB
:10FDD0001A9028464FF44031122204EB0608FAF735
:10FDE00009FE834628464FF440311322FAF702FEFB
:10FDF000064628464FF440311022FAF7FBFD07462D
:10FE000028464FF440311122FAF7F4FDA4EB0B0120
:10FE1000ADF8841008EB0601484413ACADF8881027
:10FE2000AAEB0701ADF88A002046ADF88610E9F785
:10FE3000C3FF28464FF440312246FBF7C7F901982B
:10FE400021AA2146E9F79EFF25B0BDE8F08F00000A
:10FE500010B54FF00110486202200C46F6F72CFD59
:10FE6000E18C20634800F6F727FD216B82220A808F
:10FE70000280E18CA28CE062A06A51438900F6F70F
:10FE800043FF0021A062016010BD0000F0B581B009
:10FE90000C46898CE28C02FB01F018B30025002788
:10FEA00000260CE0F6F706FFA06AA18CE28C40F871
:10FEB00027500136B7B202FB01F0B84212D9A06A4E
:10FEC00050F827000028F4D041680029EAD00846FD
:10FED000F6F7F0FEA06A50F827004560A06A50F8D7
:10FEE0002700DFE7A06A002818BFF6F7E3FEE06A04
:10FEF000002818BFF6F7DEFE206B28B101B0BDE880
:10FF0000F040F6F7D7BE00BF01B0F0BD2DE9F043D9
:10FF100081B040F6D020C0F604000D46F9F712FE7D
:10FF2000012840F0DB802846F1F79CF90646284678
:10FF3000F1F7B0F92C2E814608D02A2E1CD1484664
:10FF400001B0BDE8F04305F0A1B900BF28464FF667
:10FF5000FF78F1F79DF9B9F824204FF6FF71002AD8
:10FF600000F08680D9F830C0042A02F003015DD287
:10FF7000002300256DE000BF701E012822D8F3F792
:10FF800017FFF3F761FF00F0FD00012840F0A680A5
:10FF9000F3F70EFF6946F3F725FFBDF8004048462A
:10FFA000FAF704F90519484600211622FAF722FD4E
:10FFB000C0B2012840F096802C46B9F818501322A0
:10FFC00093E000BFA6F108000D2800F28780DFE86B
:10FFD00010F00F008500850085008500CD005D01D3
:10FFE000850085008500850085008500F50000BF3F
:10FFF00048464FF6FF75FBF75BFAF3F7D9FEF3F7C8
:020000040803EF
:1000000017FFB9F83410A94240F04681F3F7D0FE4B
:10001000F3F71AFF00F0FD0001285FD1A9F8345072
:10002000A9F8365001B0BDE8F08300BF22F003020A
:10003000ACF108040023002534F8087F04332F4472
:100040006588A6882F443744E6889A4206EB070560
:10005000F2D161B13CF813200129154407D00CEB13
:100060004302538802291D441CBF91880D44691E18
:10007000B9F826507DB3D9F82CC0042D05F0030E35
:1000800002D20026002512E025F00304ACF1080797
:100090000026002537F8083F04362B447D88BA88AF
:1000A0002B441A44FB88B44203EB0205F2D1BEF1A3
:1000B000000F0ED03CF81620BEF1010F154408D0F9
:1000C0000CEB46035A88BEF1020F15441CBF9A88F8
:1000D0001544A5F101080180A0F8028001B0BDE837
:1000E000F08300BFB9F81440122248460021FAF705
:1000F00081FCB9F82480B8F1000F08D0D9F830108D
:1001000020442A1AB1F9000012B290425CDD4FF08F
:100110000008BDF802404846FAF750F8B9F81660F2
:100120000546484600211022FAF764FCB9F826106B
:1001300049B1D9F82C202B1930441B1AB2F9000010
:100140001BB298426EDD0021B9F83400404503D15E
:10015000B9F836008842C1D04846A9F83480A9F8D9
:100160003610FBF7A5F901B0BDE8F0832846F1F79A
:100170008FF8B9F834104FF6FF73994200F0808081
:10018000B9F836209A4200F07B80B9F8245007680D
:10019000B9F82660A9424FF000034FF0000038BFC5
:1001A0000B46B242A7F1110438BF1046032C95D874
:1001B000DFE804F0028C888A013888E0284601B024
:1001C000BDE8F043DDF750BC86B2C8F10003002063
:1001D0001C18671C9DD001EB40056F8807FA86F656
:1001E00037B297426ADCA71C3FF493AFAF8807FA97
:1001F00086F637B2974200F39980E71C3FF489AF47
:10020000EF8807FA86F637B2974200F39380271DEE
:100210003FF47FAF2F89043007FA86F637B2974252
:10022000D6DD88E085B2C1F1000C00200CEB0006A1
:10023000771C3FF489AF02EB4004678807FA85F525
:100240002FB29F423CDCB71C3FF47EAFA78807FA71
:1002500085F52FB29F426BDCF71C3FF475AFE78842
:1002600007FA85F52FB29F4268DC371D3FF46CAF6B
:100270002789043007FA85F52FB29F42D6DD5EE06C
:100280000020C9F83400484605F068FA484601B035
:10029000BDE8F043FBF70CB9B9F83610A9423FF4BA
:1002A000B5AE00287FF4B2AE48461C210022F0F71C
:1002B000F5FF01283FF4AAAE10E700BF01303AE095
:1002C00001303CE0013302E0013B00E00130AB4291
:1002D0000ADAB3F1FF3F0DDC002819BF6B1E0138AD
:1002E0000023002006E000BF731E9842AEBF6B1EC5
:1002F00001300023751EB042B8BF20EAE0758B4282
:1003000008BF95423FF4EAAE4846A9F83430A9F850
:100310003650FBF7CDF8484605F020FA48461C2138
:10032000002201B0BDE8F043F0F7B8BF023002E0B0
:10033000023004E003301FFA80F8EAE6033081B2AD
:1003400002E70000F0B581B040F28C37C2F200073E
:100350003A780C46501EC0B2072881F82C2008D8E5
:100360008B21C140C90704D046A1095C2046FCF797
:1003700017FE204642F2640142F26402FCF770FF6D
:100380002046E4F73BF806462046F8F701FF05460D
:1003900030460121E4F7CCFE0420F6F78DFA41F255
:1003A0001E01C0F6040160620160616A3046E4F734
:1003B00077FD4BF22941C0F6000130461C22002394
:1003C000F7F7FCFF30464FF48041F8F73DF84BF665
:1003D0005131C0F60001284600220023F7F7EEFF56
:1003E00028460021FCF724FF94F82C00411E022926
:1003F00010D3082801D004281CD1B7F902203046B8
:1004000042F26401FCF72CFF284642F26401FDF73A
:1004100027F90BE0B7F90210304642F26402FCF70C
:100420001FFF284642F26401FCF7DEFD2846012149
:10043000FCF7C8FDF1F7D0FF10B13146F1F762FECD
:1004400094F82C0010F00C0F08D028460021FCF77F
:10045000A7FD28460321FCF7CBFE07E02846012133
:10046000FCF79EFD28460321FCF7D2FE284680219A
:10047000F7F7EAFF28464FF4806101B0BDE8F0408D
:10048000F8F7FABD000801010101010970B591F802
:100490002C000C4610F00C0F12D0218D81B10025DC
:1004A000002600BF606A50F82600F6F703FC606A79
:1004B00040F82650208D01368642F3D394F82C0064
:1004C00080070FD0208D68B100250026606A50F8A3
:1004D0003600F6F7EFFB606A40F83650208D0136A3
:1004E0008642F3D3606AF6F7E5FB0020606270BDD8
:1004F000B0B540F6EC20C0F604000C46F9F722FB3C
:10050000012818BFB0BD2046F0F7ACFE05462046D6
:10051000F0F7C0FE292D05D1418D0022BDE8B04085
:1005200000F002B8B0BD00002DE9F04381B00446F0
:10053000408CC0044AD4208D0D46814228BF451E00
:1005400020469146FDF714F920460121F9F71AFBE0
:10055000E0B3074694F82C0010F00C0F1CD038467E
:1005600000211522FAF746FA80463846F9F78CFB47
:100570000646204600211622FAF73CFAC0B218FAC5
:1005800086F1012801FB05F008BF404201B2384660
:100590004A46FCF785FC0FE0384600211422FAF7A2
:1005A00029FA06463846F9F753FB3044684301B24E
:1005B00038464A46FCF78EFC20460021F9F7E2FA5D
:1005C000A9B24FF48072E4F797FB658501B0BDE8EE
:1005D000F0830000F0B595B0044690F860000391F8
:1005E000000703D50A2938D00D2936D04AF22475E0
:1005F0000020C2F2000501910290286001AA204665
:100600001D21F0F74BFE2D6865B1287828B301A9AC
:100610002846CFF7CDFF28B12046294600F0ACF898
:1006200015B0F0BD40F25807C2F200073A6803A8BF
:1006300000219047A16B0546B9B140F29C00C2F27F
:10064000000094F860100668480709D4606AF5F75E
:100650002BF8B047A16B884207D315B0F0BD00BF9F
:10066000E06AB047A16B8842F7D2606B70B1007846
:1006700060B1002004AE0490606B0499415C0029D5
:10068000EBD03A6831469047A842F5D194F8600023
:10069000400702D5204603F039F8A06A38B1606AF5
:1006A000F5F702F8007810B92046FAF701FF606A02
:1006B000616C01AAF4F7FEFF606AF4F7F9FF4FF6E8
:1006C000FF75A84204D1606AF4F7F0FFA84209D090
:1006D000606A4FF6FF71F5F76DFD606A4FF6FF71C6
:1006E000F5F764FD94F86000400738D5E56A2846C0
:1006F000CFF76CFE064601A8CFF768FE3044411CD8
:100700002846F6F701FBE06220B3616C01AAD9F735
:10071000A7FCA08F00B304AD2846E2F777FA43F2B6
:10072000B570C0F603000590A08F04940F900020D0
:10073000CDE90C0001200E9042F6E140C0F6010028
:100740000B9043F2B970C0F6030007902846E2F719
:10075000DDFA04E0FEE700BF204602F0D7FF606C40
:10076000411C204600F0F8FC20461C210022F0F736
:1007700095FD15B0F0BD00002DE9F04192B04AF2B0
:1007800024770E460446C2F200074FF0000800BF6F
:10079000002E00F07F8094F860003546400702D5B7
:1007A000204602F0B3FF606B002877D1A06B0028D1
:1007B00074D120461D212A46C7F80080F0F76EFD4F
:1007C0003E684EB13078002800F0858030462946DA
:1007D000CFF7EEFE0028DBD1A06A38B1606AF4F7EB
:1007E00063FF007810B92046FAF762FE606A616C18
:1007F0002A46F4F75FFF606AF4F75AFF4FF6FF7678
:10080000B04204D1606AF4F751FFB04209D0606A87
:100810004FF6FF71F5F7CEFC606A4FF6FF71F5F702
:10082000C5FC94F8600040075BD5E66A3046CFF718
:10083000CDFD07462846CFF7C9FD3844411C304658
:10084000F6F762FAE06238B3616C2A46D9F708FC21
:10085000A08F002842D001AE3046E2F7D7F943F22C
:10086000B570C0F603000290A08F01940C90002098
:10087000CDE9090001200B9042F6E140C0F60100ED
:10088000089043F2B970C0F6030004903046E2F7D6
:100890003DFA26E0FEE700BFFEE700BF0020019022
:1008A0002878C0B140F2580840F2A007C2F2000810
:1008B00001AEC2F2000700BFD8F80020284631463A
:1008C00090473968884701462046FFF783FE019824
:1008D000285C0028F0D112B0BDE8F081204602F07B
:1008E00015FF40F29C00C2F200000168666C2846C9
:1008F00088478119204600F02FFC20461C21002249
:1009000012B0BDE8F041F0F7C9BC00002DE9F0419C
:1009100092B091F854000C4691F8601040F003003A
:1009200084F8540001F0F100002740F2DC524FF04F
:10093000010884F860002046A287C4F84480A4F827
:100940004070C4E90977C4E90B77C4E90D77F4F77F
:100950008DF942F264016062FCF782FE606A41F246
:100960001E01C0F60401F5F7B5FB606A42F691017D
:10097000C0F6010100220023F7F720FD20464FF4C6
:100980008061F7F761FD2046002100F0E5FB20467D
:100990004FF4E0216522FAF72DF8F8B101AE0546D3
:1009A0003046E2F733F94BF61940C0F600000290EA
:1009B00042F6E140C0F6010008904FF6FF70ADF836
:1009C0004400304601940F95CDE90988CDE90B75B7
:1009D000E2F79CF912B0BDE8F08100BF4BF6194177
:1009E000C0F600012046E1F7EBFF94F8540040F018
:1009F000010084F8540012B0BDE8F081B0B582B0B7
:100A00000446406A616C01AAF4F732FD20460021D9
:100A10005922F9F7EFFF0546204600215722F9F742
:100A2000E9FF0089BDF8061028440844013005B2EA
:100A3000ADF80600B4F84010606AADF80410F9F79C
:100A4000A1F985420BDA606A01A9F4F7C7FBB4F893
:100A500040500146204600F07FFBA4F8405002B011
:100A6000B0BD0000416C002914BF0139704700F08F
:100A700073BB0000416C013100F06EBB70B582B0F9
:100A80000446406A616C01AD2A46F4F7F1FC204649
:100A900000215922F9F7AEFF0646204600215722D1
:100AA000F9F7A8FF0089BDF806103044081A013094
:100AB000B4F84010ADF80600606AADF8041029469D
:100AC000F4F78CFBB4F840500146204600F044FB9C
:100AD000A4F8405002B070BDB0B582B00446406C7E
:100AE000002870D07F204AF22475ADF80600C2F2CB
:100AF0000005002028600DF1060220461D21F0F7B8
:100B0000CDFB2D6875B1287800285CD00DF1060169
:100B10002846CFF74DFD28B120462946FFF72CFE89
:100B200002B0B0BD606AF4F7BFFD616C012201390B
:100B30000546D8F7C3FF606A2946F5F7CBFA606A25
:100B4000F4F7B6FD4FF6FF75A84204D1606AF4F7DA
:100B5000ADFDA84209D0606A4FF6FF71F5F72AFB98
:100B6000606A4FF6FF71F5F721FBA06A20B1606A59
:100B7000F4F79AFD0078A8B194F86000400718D502
:100B8000616CE06A01390122D8F798FFE56A2846CE
:100B9000CFF71CFC411C2846F6F7B6F8E06240B9D6
:100BA000FEE700BF2046FAF783FC94F86000400798
:100BB000E6D4606C411E204600F0CEFA20461C218F
:100BC0000022F0F76BFB02B0B0BD0000B0B5456C81
:100BD0000446691C00F0C0FA616C8D4208BFB0BDCC
:100BE0002046BDE8B040FFF777BF000010B5C86AE7
:100BF0000C4618B1F6F75EF80020E062206B18B1E1
:100C0000F6F758F800202063A06A002808BF10BD3E
:100C1000F6F750F80020A06210BD00002DE9F04367
:100C20009FB040F60830C0F604000E46F8F78AFF81
:100C3000012840F084813046F0F714FB044630462A
:100C4000F0F728FB611E172900F27981DFE811F027
:100C50001800180018007701770177017701180054
:100C600077017701770177017A01720077017701C7
:100C700077017701770177019C0077017701EC001C
:100C8000F3F796F8002800F05A8105463046F0F751
:100C900001FB044690F85400800740F1508128463B
:100CA000F3F7D2F8022800F04A812846F3F7CCF88F
:100CB000042800F04481606A01A9F9F701F812A93B
:100CC0002846F3F78FF81DA92846F3F7C3F8BDF9B6
:100CD0004800002800F13381BDF94A10002900F1D5
:100CE0002E81BDF80420801ABDF8062007B2ADF8A9
:100CF0006800881AADF86A003046F0F7B3FA616A06
:100D000005460846FAF722F8D4F82480002F00F1AF
:100D10008381874280F28C811AAF40463946F4F7CE
:100D20005DFA616A064608463946F4F7FDFCB7B23B
:100D300081E100BF4FF4E02165220646F9F75AFE33
:100D4000002800F01B8101AD04462846E1F75EFF54
:100D50004BF61940C0F6000002900120CDE90900D1
:100D600000200B9042F6E140C0F6010008904FF6DB
:100D7000FF70ADF84400284601960C940F94E1F7FB
:100D8000C5FF1FB0BDE8F0833046F0F783FA044694
:100D90003046F0F76DFA616A05460846F4F784FCC0
:100DA0000078002840F0CB80A06A002800F0C780BF
:100DB0000078002800F0C38001AE3046E7F7B8FAAB
:100DC00020464FF400213246FAF746F994F86000C5
:100DD000000705D59DF8210040F002008DF82100A4
:100DE0002046002112224FF00008F9F703FE0646C4
:100DF000204600211022F9F7FDFD0746204600217C
:100E00003222F9F7F7FD6169A2691291811938441C
:100E100012AE139209B202B23046E2F777FDA36A2E
:100E200001A92846324686E03046F0F733FA0546F7
:100E30003046F0F71DFA696A81460846F4F734FC3B
:100E400095F85410C9077AD001AF06463846E8F73E
:100E5000B3FF28464FF4E0213A46FAF7B7F9696A3A
:100E6000B5F848008B8AB5F84A201844ADF87400EC
:100E7000C88AB5F84C40B5F84E100244ADF876205B
:100E80001A190844ADF87820ADF87A001DAA484632
:100E90003946E8F777FF28464FF4E0213222F9F788
:100EA000A9FD074628464FF4E0211222F9F7A2FDDA
:100EB000C41928464FF4E0211022F9F79BFD07449E
:100EC000286D4FF00008064440F25400C2F20000C2
:100ED00001683046CDF86C80CDF8688088470246BE
:100EE0001AA83146F5F752FFBDF87400BDF8761028
:100EF0002044ADF874003944686AADF876100021DA
:100F00005522F9F777FD12AF06463846E7F710FA93
:100F100028464FF4E0213A46FAF79EF89DF807007C
:100F2000022804D8BDF85400B1B2884207D012A9F3
:100F30001DAA1AAB4846CDF80080E6F799FE1FB00F
:100F4000BDE8F08304463046F0F7A2F901688A1E36
:100F5000122A23D82046DFE802F00B41545454549F
:100F60003B544F545454545454495933290000BFEE
:100F700000211FB0BDE8F04300F0EEB84BF6194178
:100F8000C0F600013046E1F71BFD96F8540040F032
:100F9000010086F854001FB0BDE8F0837F29204689
:100FA0002FD11FB0BDE8F043FFF710BE416C002900
:100FB000C5D001391FB0BDE8F04300F0CDB800BF87
:100FC000416C01311FB0BDE8F04300F0C5B800BF6F
:100FD0001FB0BDE8F043FFF77FBD00BF47F6FF71CC
:100FE0001FB0BDE8F04300F0B7B800BF1FB0BDE8C8
:100FF000F043FFF743BD00BF90F8601009070FD41E
:101000000A211FB0BDE8F043FFF7E4BA1FB0BDE806
:10101000F043FFF7F3BC00BF002700200BE000BF48
:101020001F2100221FB0BDE8F043F0F737B900BF21
:10103000002047F6FF7794F860108A0726D5012232
:101040008A431040012808BF012D05D0C80711D0E0
:10105000022D0FD1E76519E04FF6FF70C4E9167055
:1010600041F0010084F8600020464FF44071F8F729
:1010700003F810E050B1082D01D0032D06D1204611
:101080004FF44071F7F7E0F994F86010C80702D107
:10109000012D7FF454AF2046394600F05DF894F8F6
:1010A0006000C0073FF44BAFD4E9160188420BD96A
:1010B000D8F83C208A4203D1D8F84020824220D080
:1010C000C8F83C1018E000BFD8F83C200AD2824291
:1010D00003D1D8F840208A4213D0C8F83C00084613
:1010E0000AE000BF4FF6FF70824203D1D8F84010EB
:1010F000814206D0C8F83C00C8F840002046FAF704
:10110000D7F9082D02D0032D7FF419AF94F86000B1
:1011100000F0FE0084F860001FB0BDE8F08300001E
:10112000406C704790F86000C0F3C000704700004A
:1011300090F86010490744BFC06A7047406AF4F7EE
:10114000B3BA000090F8542002F0FD0261F34102AE
:1011500080F85420704700002DE9F04192B0044619
:10116000406C884200F0AC8040F29C00C2F200006B
:101170000668606A0D46F4F797FAB047002D0646F8
:1011800048BF05448542B8BF2E4647F6FF718D42E1
:1011900008BF064620466664FCF7EAFA20460021AE
:1011A0005722F9F727FC616A05466A460846314628
:1011B000F4F75EF9B5F90860BDF902502046F8F77A
:1011C000EDFF854205DABDF9021020460122FBF74A
:1011D00081FE20461FFA86F8F8F73AFDBDF90210A5
:1011E000054620468F19F8F7D9FF381AA84209DDBD
:1011F000BDF80200A8EB0501084401B22046012217
:10120000FBF768FEBDF900502046F8F7C3FE8542A3
:1012100005DABDF9001020460122FBF741FE204609
:10122000F8F732FDBDF90010054620460E44F8F7E8
:10123000B1FE301AA84209DDBDF80000A8EB050197
:10124000084401B220460122FBF72AFEBDF8000047
:101250004FF4E021A4F8400020466522F9F7CAFBCC
:10126000F0B101AE05463046E1F7D0FC4BF619402F
:10127000C0F6000002900120CDE9090000200B908B
:1012800042F6E140C0F6010008904FF6FF70ADF85D
:101290004400304601940C950F95E1F737FD0CE0C2
:1012A0004BF61941C0F600012046E1F789FB94F89E
:1012B000540040F0010084F85400204603F04AFB3B
:1012C00012B0BDE8F081000010B5044690F860004F
:1012D000012300F0080283EAD20291EA020F18BF4C
:1012E00010BD00F0F702606A61F3C30284F8602069
:1012F00081B142F2D171FCF7B3F9606A42F2640144
:101300000022FCF78FF9204642F2D171FBF76CFE08
:101310000EE000BF42F26401FCF7A2F9606A00210E
:101320000022FCF77FF9204604210022FBF728FB6E
:101330002046002100220023BDE81040FBF762BDDB
:101340002DE9F04192B0002900F096808046406A75
:101350000D46F4F7ADF94FF6FF74A04205D1D8F869
:101360002400F4F7A3F9A0420BD0D8F824004FF6DC
:10137000FF71F4F71FFFD8F824004FF6FF71F4F760
:1013800015FFD8F8340018B9D8F83800002877D0FD
:10139000D8F8240041F21E01C0F60401F4F79AFEC9
:1013A000404647F6FF71FFF7D7FE98F86000400708
:1013B00003D5D8F82C000021017028780021019174
:1013C000B0B140F2580740F2A004C2F2000701AEEB
:1013D000C2F200043A68284631469047216888479F
:1013E00001464046FFF7F6F80198285C0028F1D145
:1013F000D8F8280040B1D8F82400F4F755F900785F
:1014000010B94046FAF754F898F8600040074AD5FA
:10141000D8F82C602846CEF7D9FF411C3046F5F7A6
:1014200073FCC8F82C0048B32946CEF7ABFFB8F8D8
:101430003C00A8B301AD2846E1F7E8FB43F2B570E4
:10144000C0F603000290B8F83C00CDF804800C9080
:101450000020CDE9090001200B9042F6E140C0F6E2
:101460000100089043F2B970C0F6030004902846CA
:10147000E1F74CFC17E000BFFEE700BFFEE700BF4E
:10148000D8F824002946F4F725FE404647F6FF71B8
:10149000FFF762FED8F828000028ACD1B4E700BFFF
:1014A000404602F033F940461C210022EFF7F6FED9
:1014B00012B0BDE8F0810000B0B5044620B120466E
:1014C000F8F704FC02E000BFE5F7ACFFE6F712F81E
:1014D000002808BFB0BD4FF6FF720546C0F20F02EC
:1014E00020460021FBF784FA28462146BDE8B0409B
:1014F000D9F7C4BD40F2C030C2F20000006840F22B
:101500001831C2F20001002818BF01F148007047ED
:101510002DE9F04381B040F2C037C2F200070E4619
:10152000396840F21834984691460546C2F20004E4
:1015300039B9002020704FF41270F5F7BDF938600A
:10154000E060089FE5F76EFFE5F786FFB0F5A07F46
:1015500002DC032109E000BFE5F764FFE5F77CFF4B
:101560000121B0F5347FB8BF022148F6F540C0F63E
:10157000030061706565A4F85860A4F85A90A064EF
:10158000C4E91777C4E9197804F034FC35B128466A
:10159000E5F7B0FF04F14801884202D10020FBF7D3
:1015A000CFFA012004F8480B204601B0BDE8F083D3
:1015B00040F2C030C2F200000068002818BF0120CD
:1015C0007047000080B538B1F8F780FBE5F792FF6F
:1015D00040B1008A80BD00BFE5F724FFE5F78AFF30
:1015E0000028F6D11120BDE88040FCF70BB90000BF
:1015F00040F29C32C2F20002D2F804C0012300BFC4
:101600001370117849B91370117831B913701178CA
:1016100019B9137011780029F2D0ACEB00007047B3
:1016200040F29C31C2F200014868012208E000BF8C
:101630000A700B78002B18BF70470A700B7833B90B
:101640000A700B781BB90A700B78002BF0D070472A
:1016500040F29C31C2F2000100220A704A68104434
:101660004860704710B50C46084642F2640142F2E9
:101670006402FBF7F5FD49F66D51C0F60301204603
:1016800000220023F6F79AFE20468021F6F7DCFEC2
:1016900020460321FBF7ACFD20460321BDE81040A6
:1016A000FBF7B6BD2DE9F04108460D46F8F7C2FB41
:1016B0000446284642F2640142F26402FBF7D0FD80
:1016C0002846FCF755F840F29038C2F20008B8F806
:1016D00004702046F8F7D8FAB8F808604743204667
:1016E000F8F7B6FA704339B202B22846FBF744FD68
:1016F000D8E9010298F80010104385F8241018BFAB
:10170000BDE8F0812046BDE8F041FBF75DBD00007B
:1017100070B5054640F2D030C2F2000014460E46C5
:10172000D7F790FEB0B1027D4FF0FF31016102F0BA
:10173000FE010660856001750546FFF771FF40F206
:101740003C416860C2F2000101222846EC60CA7088
:1017500070BD00BFFEE700002DE9F04F81B040F200
:101760003C49C2F2000999F800000125002840F028
:10177000B98099F8010089F80050002800F0AF8086
:10178000FFF74EFF009038B9D9F8100001306428F7
:1017900088BF0020C9F8100040F2D03B40F2BC35B1
:1017A000C2F2000BC2F200050020A9F80200584660
:1017B000D7F70AFE0028286049D0064603E000BF9C
:1017C000002E2E6043D058463146D7F725FE2F68AD
:1017D0000646397DC907F3D17868FFF709FFD7F8C6
:1017E00000A00446824511D8D7F81080B8F1010F47
:1017F000A4BFA8F101003861FFF712FFB8F1000F94
:10180000786003D0B96809B13846884799F8020072
:1018100008B9386950B1A245D2D899F8030098B9EF
:1018200099F802000028CBD00EE000BF5846394698
:10183000D7F774FE012089F802003846F5F73AFA26
:10184000A245BDD8E9E700BF28680028ACD140F226
:10185000D030C2F20000D7F7B7FDD8B140F2D03691
:1018600004464FF0FF35C2F2000605E0304621463F
:10187000D7F7D2FD044678B1207DC007F6D1606865
:10188000FFF7B6FE2168081A38BF0020A84238BF0B
:101890000546EBE74FF0FF350098FFF7A9FED9E9C1
:1018A00002121044C9F80C000846FFF7A1FEB0F57B
:1018B000FA7F14D3D9F80C1064225143B1FBF0F035
:1018C0000023C0B2C0F16401824238BF194689F8D2
:1018D0000410C9F80C30FFF7A3FEC9F80800002077
:1018E00089F80000284601B0BDE8F08F017D41F085
:1018F000010101757047000010B50446FFF790FE26
:101900002168C9430844606010BD0000017D01F0FA
:10191000FE01017570470000810701D0002070476B
:1019200010B500F11001C0E9020004460846282164
:10193000CEF714FE20460021BDE810404218B1F554
:10194000806FC2E90E00C2E91000C2E91200C2E9CC
:101950001400C2E91600C2E91800C2E91A00C2E97F
:101960001C00C2E91E00C2E92000C2E92200C2E94F
:101970002400C2E92600C2E92800C2E92A00C2F810
:10198000B000C2F8B40008BF7047C2E92E00C2E937
:101990003000C2E93200C2E93400C2E93600C2E9CF
:1019A0003800C2E93A00C2E93C00C2E93E00C2E99F
:1019B0004000C2E94200C2E94400C2E94600C2E96F
:1019C0004800C2E94A00C2E94C0001F58071B5E760
:1019D000B0B50C460546FFF79FFF05F597618A07EE
:1019E00047D124F0030248F2C14348F20B05D31A51
:1019F000CFF6FF75AB4238BFB0BDA2F2BF427F2A1F
:101A000041F8042904D84FEA920C00230BE000BFF0
:101A100022F00302B2FA82F3C3F11A05EA4082F01F
:101A2000200CC3F1190300EBC31202EB8C0454F831
:101A3000382FFAB10D4645F8082FC860D160012251
:101A400002FA03FE00EB830321605C6902FA0CF2E8
:101A500022435A61D0F810C04A684CEA0E03032AA8
:101A6000036109D922F00302AB1843F8041C0221D8
:101A7000A950B0BDFEE700BFFEE700002DE9F0432E
:101A800081B049B351F8042CD30721D1032A21D9BD
:101A900022F003030F1FFE187568A1F1080945F035
:101AA0000205756051F8046C47F8039046F0010395
:101AB000B70741F8043C13D4174649460646D9F700
:101AC0006FFBD9F804007F2818D88108002220E095
:101AD000FEE700BFFEE700BF002001B0BDE8F083D5
:101AE000D9F80090B9F1000F06D0D9F80430DF071B
:101AF00028D100BFFEE700BFFEE700BF20F00300D3
:101B0000B0FA80F2C2F11A01C84080F02001C2F19F
:101B1000190206EBC21000EB810353F8385F7DB168
:101B200038464C4609F10B0744F8085F27F00307D5
:101B3000BC42C9F80C60C5F80C900BD0FEE700BFA2
:101B4000FEE700BF7F2B17D84FEA930E4FF0000C33
:101B50001DE000BFC3F800900123376903FA02F5C6
:101B60002F4306EB82023761576903FA01F13943CB
:101B7000516101B0BDE8F08323F00303B3FA83F7AA
:101B8000C7F11A06F34083F0200EC7F1190C4B463B
:101B900053F8085F5E688EB395B3EE60B56000EBF6
:101BA000CC1606EB8E0656F8387F4F4511D185428C
:101BB00035600ED100EB8C064FF00108776908FA0A
:101BC0000EF5AF43776104D1076908FA0CF6B74305
:101BD0000761D9F80470032F14D951F8041C21F0BF
:101BE0000301394404310329C9F804100CD921F048
:101BF00003011746194441F8049C5EE7FEE700BF65
:101C0000FEE700BFFEE700BFFEE70000B0B50546F7
:101C10004FF0000449B1033121F003020C2A98BFB0
:101C20000C22B1F5004F38BF144628462146D9F79B
:101C30003FFA014628462246BDE8B040D9F710BB1E
:101C40002DE9F04381B039B132B9FFF717FF002118
:101C5000084601B0BDE8F08321B351F8043C032BE2
:101C60001ED923F00304A1F1040804EB08074FF088
:101C700000094AB1D61C26F003050C2D98BF0C258F
:101C8000B6F5004F38BFA9467F68A24224D9B9F102
:101C9000000F21D10021084601B0BDE8F08300BF4C
:101CA000FEE700BF4FF000044AB1D11C21F003024F
:101CB0000C2A98BF0C22B1F5004F38BF14462146BC
:101CC0000546D9F7F5F901462846224601B0BDE898
:101CD000F043D9F7C5BA00BFDE0735D1A14520D9F9
:101CE000FB0735D027F003032344043399452FD84D
:101CF000A1F108020F4611460446D9F751FA57F8E8
:101D0000040C032822D920F003003A58394622F067
:101D100002023A5057F8040C20F00103204647F81D
:101D2000043C23F0030309F110029342FFF490AF47
:101D300008EB090404F10B0704F1080227F003077C
:101D4000BA421FD0FEE700BFFEE700BFFEE700BFBC
:101D50000F46114605461646FFF758FF002899D052
:101D6000A64238BF3446394622460646F5F70EF8F5
:101D700028463946FFF782FE3146084601B0BDE8E5
:101D8000F08300BF6768A3EB0903043B07F0030778
:101D90001F430B2B676025D951F8043C03F0030364
:101DA00043EA090341F8043C51F80930032B1BD9DD
:101DB0000D4623F003015758531843F8044C47F0DD
:101DC000020353506168012262F301016160214600
:101DD0000646D9F7E5F960687F2807D88008002211
:101DE0000FE000BFFEE700BFFEE700BF20F00300EA
:101DF000B0FA80F1C1F11A02D04080F02000C1F1A8
:101E0000190206EBC21101EB800353F8387FAFB122
:101E1000C4E90276FC601C6001233769294603FA95
:101E200002F52F4306EB82023761576903FA00F08F
:101E300038435061084601B0BDE8F083FEE700007A
:101E400042F6835141438A1502EBD1714FF4B472CB
:101E500001FB120000B2002848BF00F5B4705928F9
:101E600003D9B3280AD8C0F1B40040F6CC31C0F68B
:101E7000040131F8100000B2704700BF4108862904
:101E80008FBFC0F5B4704FF64C71084480B240F675
:101E9000CC31C0F6040131F81000404200B2704766
:101EA0002DE9F04F85B0814600200029C9F80000D7
:101EB0005ED01446002A5BD0DDF840800F46DDE995
:101EC0000E205FEA887148BF41F6FF7039781E46E0
:101ED0002389002945D003EB020A00B24FF0000B22
:101EE00002930490039600BF07EB0B05049B284662
:101EF000214632460026CDE90068D7F737FEB9F80B
:101F000002200AFA82F1B6EBD13F039E30D101469E
:101F1000834402EB0A00A9F8020028462246334611
:101F2000CDF8008000F028F8B9F900108842C8BF49
:101F30000146A9F8001017F80B000028D4D10E9A1A
:101F4000029BBBF1000F0CD007EB0B0010F8010C4B
:101F50000D2801D00A2804D1B9F802005044A9F88C
:101F60000200B9F80200002818BF831AA9F802304D
:101F700005B0BDE8F08F00002DE9F04F81B00028DA
:101F80004FF0000577D09246002A74D007460078BB
:101F9000002870D00E46002900956CD00A9840F2B7
:101FA000540B9946C2F2000BC0071FD1E84613E05C
:101FB0000098DBF804203844002190470246504640
:101FC0002146EFF7B9FB01B20029009905EB0902A0
:101FD000C8BF1518B14249D2DBF804203846414643
:101FE000904704460028E3D10022E8E74FF00008BC
:101FF00005E000BF4FF001080098B04236D2DBF890
:102000000420384669469047044688B10098DBF8BA
:102010000420384400219047232C02460ED15FFA59
:1020200088F00028E6D04FF00008012812D0E3E73E
:102030005FFA88F00128DDD000220BE05FFA88F01B
:10204000012807D14FF00108202C08BF4FF00208EB
:10205000D2E700BF50462146EFF76EFB01B205EB19
:1020600009020029C8BF1518C6E700BF28B200281A
:10207000C8BFA5EB090528B201B0BDE8F08F00008C
:1020800080B5802838BF80BD0021B1EBD02F07D1AB
:10209000C02141EA901E00224FF4004321E000BF1E
:1020A000B1EB104F0CD1E021022241EA103E4FEA81
:1020B000901C62F39F104FF400430246604610E00C
:1020C000010C102984BF002080BDF02141EA904E10
:1020D00082094FF08023022160F31D63000B61F33E
:1020E0009F1243EA024100F03F0041EA0E0141EA3B
:1020F000002080BDF0B581B0A1B140F254070D467B
:1021000006460024C2F20007305D40B1396830193C
:102110008847012898BF0120013D0444F4D120469E
:1021200001B0F0BD0024204601B0F0BD2DE9F04122
:1021300082B00024019481B140F254080D46064655
:10214000C2F2000801AF00BFD8F80420304639467B
:10215000904701980134A842F6D3204602B0BDE86A
:10216000F0810000F0B581B00546007800240094AD
:1021700068B140F25407C2F200076E467A682846FA
:102180003146904700980134285C0028F6D120465B
:1021900001B0F0BD10B5024641B10B68D056002821
:1021A000C0B21FD401330B6010BD00BF92F9000014
:1021B000B0F1FF3FC0B2F7DC00F0E003C02B3DD12F
:1021C000527802F0C003802B1CBF002010BD00F02D
:1021D0001F0002F03F02002942EA801008BF10BD34
:1021E0000223E0E700F0E004C02C0FD15C1C0C607F
:1021F000125D02F0C004802C7CD100F01F0002F0C0
:102200003F02023342EA8010CDE700BF00F0F00445
:10221000E02C29D15C1C0C6012F804C00CF0C00446
:10222000802C1CBF002010BD9C1C03330C60125D71
:1022300002F0C004802C12D05CE000BF00F0F0037C
:10224000E02B2DD192F801C00CF0C003802B51D1AE
:1022500003230224125D02F0C004802C4AD1000343
:1022600080B26CF38B103EE000F0F80C5C1CBCF10B
:10227000F00F0C603ED112F804C00CF0C004802CAA
:102280001CBF002010BD9C1C0C6012F804E00EF076
:10229000C004802C2ED1DC1C04330C6014E000BF81
:1022A00000F0F803F02B1CBF002010BD92F801C015
:1022B0000CF0C003802B1DD192F802E00EF0C00399
:1022C000802B17D104230324125D02F0C004802C5C
:1022D00010D14FF4E01404EA80406CF311300EF09A
:1022E0003F0440EA841002F03F021044002918BF66
:1022F0000B6010BD002010BD70B582B00C4609689F
:1023000040F25406C2F200060546481E31682060BD
:102310002844884740B120687268019001A9284686
:10232000904702B070BD00BF2068E8B10138316845
:102330002060284488470028EDD12068A0B10138EA
:1023400031682060284488470028E4D1206858B1CB
:10235000013831682060284488470028DBD1206894
:1023600000281CBF01382060002002B070BD0000B2
:1023700090F90000B0F1FF3FC4BF01207047C0B228
:1023800000F0E001C02904BF0220704700F0F00116
:10239000E02904BF0320704700F0F800F038B0FADD
:1023A00080F040098000704780B582B09C4613469B
:1023B0000A4601464AF25D40C0F60000CDF800C072
:1023C000D8F752F802B080BD70B508460C46F7F752
:1023D00031FD0546F8F7BAFC06462846F7F7D2FC69
:1023E000024620463146FAF73BFF20460121FAF724
:1023F000D7FD2046F6F7CCFE40F2DC51C2F20001D8
:10240000B1F9002042F264010546FAF729FF284697
:102410000021FAF7C5FD2846002102220223FAF71F
:102420009DFD2046F6F7B4FE01210446FAF7CAFDE9
:10243000204642F26401BDE87040FBF711B900008C
:10244000CFF750FBD2F770FAD2F7AAF8D2F754F8C8
:10245000D2F7FAF8D2F7D2F8CEF734F900F026FB2B
:10246000D2F780F800F036FBFEE70000F0B581B04F
:102470000446008E0D46814206D2E06A30F815000F
:10248000C0F3002602E000BFC0B30026002700BF53
:10249000E06A30F8171021F4807120F81710B9B2F3
:1024A0002046E0F76DF8208E01378742F0D32EB337
:1024B000854223D294F83600C00710D0002600BF12
:1024C000E06A30F8161021F4807120F81610B1B2CD
:1024D0002046E0F755F8208E01368642F0D3E26AB6
:1024E000294632F8150040F48073204622F8153052
:1024F00001B0BDE8F040E0F743B800BF01B0F0BD67
:102500002DE9F041EEF7C6FE0646F7F793FC0446C8
:10251000F7F790FC8046E2F715FF0788857820469C
:102520000021F7F72FFBB04206D00C2D12BF681C1C
:102530000137012005E000BF681E010601D1013FFF
:102540000C20BEB247B2404631463A46E2F7FCFEA6
:1025500020460121F7F716FB40F69C31C0F6040136
:1025600001EB870151F8043C40F6DD41C0F604015F
:102570003246BDE8F041F3F7EFBD0000B0B50446C8
:10258000EEF788FE05462046EEF786FE044628460E
:10259000EEF780FB05462046E2F7D4FE01884FF0B7
:1025A000807000EB056002162046BDE8B040E2F7FF
:1025B000CBBE0000F0B581B00C4608460021F9F70B
:1025C00047F920460021FAF7EBFC204600210222C1
:1025D0000023FAF7C3FC2046E1F782FE2DA100227A
:1025E0000746FBF70DF8384642F26401FAF7FCFCA7
:1025F0003846FBF7BDF83846F7F7C4FB05463846C2
:102600002946FBF72DF842F20156C0F6030638467C
:10261000314607220023F5F7D1FE38460421F6F7AC
:102620002BFD2046F2F722FB03210746F3F7C6FCF9
:10263000384602210022FAF7FBFF38460121FAF75B
:10264000C1FC2046E1F74CFE13A100220746FAF731
:10265000D7FF384629462A46FAF702FE3846314661
:1026600007220023F5F7AAFE38460421F6F704FDF9
:102670004AF66921C0F6030120461C220023F5F723
:102680009DFE20461C21002201B0BDE8F040EEF77F
:1026900005BE00BFEF819300EF81940070B508463E
:1026A0000C46F7F7C7FB054620460021F9F7D0F89E
:1026B00020460021FAF774FC2046EEF701FA40F6B6
:1026C0000451C0F604010646EEF736FD4BF6D9017B
:1026D000C0F6030130461C222B46F5F76FFE30464C
:1026E0000121FAF76FFC2046EEF7EAF910A1064641
:1026F000EEF722FD42F27D51C0F6030130461C2266
:102700002B46F5F75BFE30460121FAF75BFC4AF6F3
:10271000A921C0F6030120461C220023F5F74EFE36
:1027200020461C210022BDE87040EEF7B7BD00BF77
:1027300030310A30320A30330A30340A30350A3048
:10274000360A30370A30380A30390A31300A313126
:102750000A31320010B5044690F83C00012200F026
:102760000301012988BF6FF00102114400F0FC0051
:10277000084484F83C00204602F0F2F92046BDE807
:102780001040F8F795BE00002DE9F04381B02121FB
:1027900000220446EEF782FD002861D0618CA0681B
:1027A00041F48051618448B1416839B100680068E2
:1027B00020B1FFF7E9FFA0680028F5D12046F7F720
:1027C000DBFA054600200027F1F7F8FA10B30646B9
:1027D00005E000BF3046F1F7F1FA0646D0B1B06A25
:1027E000A04202D0F06AA04203D130462146F1F760
:1027F0001FFF706BA04208BF7763706DA842E9D1DC
:10280000F1F7EAFA8442E5D130462146F1F710FFAC
:10281000E0E700BF2046D6F7B1FE6068002857D039
:102820008068002800F092804268002A00F0BE8094
:10283000002106E00023A34246D001318A4200F085
:10284000B680B1F1FF3F0B4601DC8B18F2D4934206
:10285000F0D2076857F82330A342EED134E000BF2E
:1028600001B0BDE8F08300BF00684B1C00EB8102A3
:10287000526840F82120606880684268013A9342BB
:1028800080F0968000688B1C00EB810082684260BB
:10289000606880684268013A934280F089800068ED
:1028A000CB1C00EB8100C26882606068806842686F
:1028B000013A93427CD2006800EB81000269043146
:1028C000C260606880684268013A9142CCD36FE090
:1028D00040F2DC30C2F20000D6F776FDD0B340F211
:1028E000DC380546C2F2000806E000BF4046294633
:1028F000D6F792FD054668B3686A0028F6D0D5F889
:102900000C90C0F1000C09F10C03A0F1010E00269F
:1029100053F80C1CA1421ED0B645E7D009EB860245
:102920005768A74217D00CEB0607B91CDED0916898
:10293000A14210D0F91CD9D01968A1420BD004369D
:10294000B04203F11003E3D1D0E700BF04210A68CD
:102950002DE000BF0025D5F824E0BEF1000F35D0F2
:10296000D5F80C80AEF1030C08F10C07CEF100068F
:10297000002157F80C0CA04229D07018431C13D02A
:1029800008EB81035A68A24244D002300CD0986808
:10299000A04277D08C4507D03868A04274D004316B
:1029A000701807F11007E4D1714610E00022013AD7
:1029B000426000689100F4F7A7F9616889680860CF
:1029C000204601B0BDE8F043F4F774B90021AEF140
:1029D000010291424AD2C8437044AEEB010310F0A9
:1029E0000307A3F102081DD0E8684E1C50F82630FA
:1029F000012F40F8213001D1314613E0E86801F1A0
:102A0000020C50F82C30022F40F8263004D16146D9
:102A100008E000BF0131DAE7E868033150F82130FF
:102A200040F82C30B8F1030F20D3C843704489001C
:102A3000002300BFEF680F4407EB8306766847F872
:102A40002360EF680F4407EB8307BE687E60EF6882
:102A50000F4407EB8307FE68BE60EF680F4407EB87
:102A600083073E6904339842FE60E3D1E868910031
:102A70006A62F4F749F9E860204601B0BDE8F04326
:102A8000F4F718B90231A2E70331A0E7EFF30581AB
:102A900000291CBF6FF005007047002804BF00200C
:102AA000704780B507F030FE002080BDEFF3058051
:102AB00000281CBF6FF00500704740F2AC40C2F226
:102AC00000000168002911BF4FF0FF3001210160B3
:102AD00000207047EFF3058000281CBF6FF0050051
:102AE000704740F2AC40C2F20000016801291CBFEF
:102AF0004FF0FF30704780B54EF61F51CEF2000107
:102B000000220A700221016007F0C8FE002080BD8B
:102B1000F0B585B08C4600230493EFF30581B0B384
:102B2000A9BB2AB39469002C08BF1824382C2ED8CE
:102B30001179C9072BD15669D2E902574FEA960E8F
:102B40001168002E734608BF80231DB35C2F25D368
:102B500012690023002A18BF002E18D0CDE90042C8
:102B600072466346029508F08FFC05B0F0BD00BFC9
:102B700080231824002104AF9AB26346CDE90047B0
:102B800008F052FC00230499012808BF0B461846A0
:102B900005B0F0BD17B91269002AECD00023184621
:102BA00005B0F0BD2DE9F0470C4606464FEA62013C
:102BB00053B12388591A218011440139F28AA18026
:102BC000718B628009E000BF6388591A61801144EB
:102BD000B28A338B01392280A380E18030464FF4E2
:102BE00040311222F7F706FF804630464FF440315D
:102BF0001322F7F7FFFE814630464FF44031102292
:102C0000F7F7F8FE824630464FF440311122F7F7CD
:102C1000F1FE074630464FF440316922F7F7EAFEED
:102C2000054630464FF440316A22F7F7E3FE21882B
:102C300005EB0802891A2180A18805EB09021144DD
:102C4000A180618800EB0A02891A6180E18838441A
:102C50000844E080BDE8F08770B50446406A38B3A8
:102C60000021F6F78FFF002808BF70BD0546F7F773
:102C700089F806462046F6F7EBFF864218DD28461F
:102C800000215722F7F7B6FE06892846002159226F
:102C9000F7F7B0FEE18E30444143606A09B200228A
:102CA000FAF718F9606ABDE87040F8F701BC00BF98
:102CB00070BD00002DE9F041044607F009FC40F228
:102CC0006016C2F20006F0684AF2C0250130F060DA
:102CD0003068C2F2000558B13069002840F0078121
:102CE0003068E16AC06A884298BF3460FFE000BF84
:102CF0003460F068012840F0FA80284607F08EFB27
:102D000005F1140007F08AFB05F1280007F086FBA7
:102D100005F13C0007F082FB05F1500007F07EFB57
:102D200005F1640007F07AFB05F1780007F076FB07
:102D300005F18C0007F072FB05F1A00007F06EFBB7
:102D400005F1B40007F06AFB05F1C80007F066FB67
:102D500005F1DC0007F062FB05F1F00007F05EFB17
:102D600005F5827007F05AFB05F58C7007F056FBED
:102D700005F5967007F052FB05F5A07007F04EFBC5
:102D800005F5AA7007F04AFB05F5B47007F046FB9D
:102D900005F5BE7007F042FB05F5C87007F03EFB75
:102DA00005F5D27007F03AFB05F5DC7007F036FB4D
:102DB00005F5E67007F032FB05F5F07007F02EFB25
:102DC00005F5FA7007F02AFB05F5027007F026FBFF
:102DD00005F5077007F022FB05F50C7007F01EFBE8
:102DE00005F5117007F01AFB05F5167007F016FBD4
:102DF00005F51B7007F012FB05F5207007F00EFBC0
:102E000005F5257007F00AFB05F52A7007F006FBAB
:102E100005F52F7007F002FB05F5347007F0FEFA98
:102E200005F5397007F0FAFA05F53E7007F0F6FA85
:102E300005F5437007F0F2FA05F5487007F0EEFA71
:102E400005F54D7007F0EAFA05F5527007F0E6FA5D
:102E500005F5577007F0E2FA05F55C7007F0DEFA49
:102E600005F5617007F0DAFA05F5667007F0D6FA35
:102E700005F56B7007F0D2FA05F5707007F0CEFA21
:102E800005F5757007F0CAFA05F57A7007F0C6FA0D
:102E900005F57F7007F0C2FA05F5826007F0BEFA0B
:102EA00005F2244007F0BAFA05F5876007F0B6FA94
:102EB00005F24C4007F0B2FA40F28048C2F2000836
:102EC000404607F0ABFA08F11407384607F0A6FAB7
:102ED00006F1640007F0A2FA06F13C0007F09EFA42
:102EE00006F1500007F09AFAC6F81C803762706845
:102EF000716A421CE06A72608842626488BF7062D4
:102F000000EB800005EB8000211D07F0C9FA07F0F7
:102F100003FB306988B13068E16AC06A884228BF23
:102F2000BDE8F0814EF60450CEF200004FF0805123
:102F30000160BFF34F8FBFF36F8FBDE8F0810000DA
:102F400040F260154AF2C0264EF60458C2F200055F
:102F5000C2F20006CEF200084FF0805703E000BF37
:102F6000204607F0F1FAA868D0B107F0B1FAA86CD2
:102F7000C468201D07F024FAE8680138E860A868F2
:102F80000138A86007F0C8FA94F859000228EAD07E
:102F90000128E5D070B9206B07F0D6FAE0E700BF52
:102FA00030680228DFD3C8F80070BFF34F8FBFF33B
:102FB0006F8FD8E74FF0500080F31188BFF36F8F09
:102FC000BFF34F8FFEE700002DE9F0470A9C8246D1
:102FD000206B16460F46DDE908599100A522984658
:102FE000CDF792FA206B002F00EB8600A0F10400D1
:102FF00020F0070644D0387884F83400D8B37878C5
:1030000084F83500B8B3B87884F8360098B3F87807
:1030100084F8370078B3387984F8380058B3787971
:1030200084F8390038B3B87984F83A0018B3F879DD
:1030300084F83B00F8B1387A84F83C00D8B1787A4B
:1030400084F83D00B8B1B87A84F83E0098B1F87AB7
:1030500084F83F0078B1387B84F8400058B1787B21
:1030600084F8410038B1B87B84F8420000281CBFC6
:10307000F87B84F84300002084F8430003E000BF9D
:10308000002084F834000027201D372D28BF372565
:10309000E562C4E9135707F0CDF904F1180007F011
:1030A000C9F9C5F13800A061304651464246246155
:1030B0006462676584F8587000F082FBB9F1000F14
:1030C000206018BFC9F80040BDE8F08708480068D4
:1030D000006880F308884FF0000080F3148862B61F
:1030E00061B6BFF34F8FBFF36F8F00DF00BF0000EB
:1030F00008ED00E081B00020009040F2EC00C2F248
:10310000000000684FF0500181F31188BFF36F8F0A
:10311000BFF34F8F013007D0FEE700BF009830B9F2
:10312000009820B9009810B900980028F6D001B096
:103130007047000088B040F2D81AC2F2000A0DF1C0
:103140001009EB46DAF8080005681DB1C06804688C
:1031500001E000BF002407F019FC08F0E1F9DAF8FB
:1031600010100646884220D3002DCAF8106051D0B6
:10317000B4424FD808F0DEFADAF80800C068C76831
:103180003D1D284607F01CF997F82800410745D453
:1031900000F0FA0087F8280082E000BF7860DAF8D3
:1031A000080029463F6107F049F9DAF8080001688C
:1031B00031B3C068C76804683D1D284607F000F9B0
:1031C000396A3846884797F828004007EDD5B8692E
:1031D0002044A042E2D8DAF80000002800F0408144
:1031E000002004A991C108F08BF9DAF800004946E3
:1031F0000022002307F04AFE0028D6D130E100BFAC
:10320000DAF80C10CAF81060CAE9021008F092FA55
:103210004FE000BF65B1002210E000BFB8693F6118
:103220000119B14279601DD90AF108001FE000BF01
:10323000DAF80C000068B0FA80F04209DAF8000011
:10324000A11B07F037FA08F075FA90BB4EF6045050
:10325000CEF200004FF080510160BFF34F8FBFF3FB
:103260006F8F26E0311B814206D20AF10C00006804
:10327000294607F0E3F813E0DAF80000002800F030
:103280000D81002004A991C108F03AF9DAF8000094
:1032900049460022002307F0F9FD002800F0FE80D7
:1032A000396A3846884704E00AF10C02106807F0D2
:1032B000C5F8DAF800005946002207F047FF002859
:1032C0003FF440AF0098B0F1FF3F06DCDDE901209C
:1032D0000399904700980028EBD4029E706910B1C2
:1032E000301D07F06DF808F01BF9DAF810100746EA
:1032F00088420CD30098CAF8107009283DD9D8E745
:103300006860DAF8080021462D6107F097F8DAF8CE
:103310000800016841B3C068C568D0F800802C1D62
:10332000204607F04DF8296A2846884795F8280076
:103330004007ECD5A86940444045E1D8DAF80000E0
:10334000002800F083800020CDE90408069508F0ED
:10335000D7F8DAF8000049460022002307F096FD6E
:103360000028D4D172E000BFDAF80C10CAE90210CC
:103370000098CAF8107009289BD8DFE800F005050E
:103380000557415F0505574196F82800B26940F09E
:103390000101019886F828101318314641F8043FBE
:1033A000BB42366108D987420AF10802BFF47EAFFA
:1033B000834205D27AE700BF381A9042FFF474AF17
:1033C000316A3046884796F8280040077FF571AF8C
:1033D000DAF8000000284DD00198B169069608443B
:1033E0000021CDE9041008F08BF8DAF80000494616
:1033F0000022002307F04AFD00287FF45AAF39E08D
:1034000096F8280040F00101019886F8281000285D
:10341000B06139D0384431460AF10C0241F8040F4A
:103420003661B84288BF0AF108023FE796F82800E3
:1034300000F0FE0086F828003BE700BF96F8280061
:103440008107F5D4304607F07FF832E74FF050009F
:1034500080F31188BFF36F8FBFF34F8FFEE700BF7C
:103460004FF0500080F31188BFF36F8FBFF34F8F81
:10347000FEE700BF4FF0500080F31188BFF36F8F5D
:10348000BFF34F8FFEE700BF4FF0500080F311886D
:10349000BFF36F8FBFF34F8FFEE700BF4FF05000B9
:1034A00080F31188BFF36F8FBFF34F8FFEE70000EB
:1034B000F0B581B0044607F00BF894F94560012E91
:1034C0000FDB04F1240500BF286850B1284608F03E
:1034D000F7F8002818BF07F061F9F0B2013E0128A3
:1034E000F2D8FF2684F8456007F016F806F0F0FFE2
:1034F00094F94470012F0EDB04F11005286850B1D7
:10350000284608F0DDF8002818BF07F047F9F8B2A0
:10351000013F0128F2D884F8446001B0BDE8F040D2
:1035200006F0FABF70B5044607F030FA40F2142CEA
:10353000C2F2000CDCF8042012B19CF8000020E07C
:103540004AF22870C2F20000420700F5705200F102
:10355000070122F0070218BF21F007000021A2F1A5
:103560000803CCE90601CCF8043042E90211DCF88A
:103570000420191AC0E900210120CCE902118CF8BD
:1035800000000025002C4FF0000148BF01215AD057
:10359000084058D124F0070000F11003600708BF6D
:1035A00004F10803DCF80800591E81424BD2604642
:1035B00050F818EFDEF804509D422CD2DEF80010CF
:1035C000C1B174464D689D4218D20E68B6B1756897
:1035D0009D4217D23068A8B145689D4216D2046852
:1035E000A4B165689D4215D22168A6460029E9D19B
:1035F00011E000BF0CF118000DE000BF8E46204620
:1036000009E000BFB646084605E000BF86463046E2
:1036100001E000BFA646964514D00268DEF80040DF
:10362000E91A112904604FD30EEB0305680719D07E
:103630004FF0500080F31188BFF36F8FBFF34F8FAF
:10364000FEE700BF002508F075F868075CD04FF072
:10365000500080F31188BFF36F8FBFF34F8F00BF0F
:10366000FEE700BF0CF118006960CEF8043000BF1F
:103670000168A9420AD20868A8420BD20168A9428F
:1036800004D208680B46A842F2D304E00346084679
:1036900001E000BF0B465C6869681E19AE4202D1AA
:1036A00021441D4659606C18844201D0044607E04D
:1036B000DCF80440A04203D0D0E900400844686030
:1036C000AB422C6018BF1D60DEF80400DCE9021379
:1036D00002F10805091A9942CCF8081038BFCCF855
:1036E0000C109CF8001000294FF0000118BF40F0AA
:1036F0000040CEE90010DCF810000130CCF81000DA
:1037000008F018F86807A2D1284670BD2DE9F047E7
:1037100084B0804690F86000400747D5D8F8240070
:10372000F1F7C2FF40F29C01C2F20001096888472C
:10373000E0B3D8F830600546AEB9404600215722C4
:10374000F7F758F9694642F222020023EDF7ECFE42
:1037500040F6837641F28001C0F60406C0F604010B
:10376000002818BF0E463046CCF730FE00FB05FAA5
:1037700004460AF10100F3F7EDF88146074600BF61
:10378000384631462246F3F701FB013D2744F7D185
:10379000002009F80A00D8F824004946F2F79AFCFC
:1037A0004846F3F72DFA404601F0D4F804B0BDE8DE
:1037B000F0870000704700000068FFF7A7BF000017
:1037C000034643F2F50021F00101C0F603004FF07B
:1037D000807C03E903106FF00201A3F1440043E988
:1037E000091270472DE9F04FC3B040F2D82AC2F257
:1037F000000ADAF8001004460846E3F729FEE168FB
:10380000054609B1204688472968DAF8000021B347
:103810006A6801683AB1B1F90020B1F90230EE6886
:103820005A43964219D12A69BAB1896A11B911E08D
:10383000296991B101688A6A002AF9D0084690473F
:10384000DAF80000F4E700BF296931B1296921B134
:10385000296911B129690029F6D16568E3F736FEB7
:1038600001462846FAF736F9DAF80020054651698C
:10387000E1B16068FAF72EF9DAF80020814655EADE
:10388000090018D092F82800C00747D1516931B11A
:103890002046B9F1000F18BF494601F011FC15B9D7
:1038A000DAF8000005692046294647E04FF0000994
:1038B00055EA0900E6D11046E3F7CEFDDAF800102C
:1038C000461E0846E3F71EFE013807B233B241A890
:1038D000002100220097E0F729F8206B002800F073
:1038E00087870DF1CC084046E6F766FADAF8000063
:1038F000236BC16A41AA379190F82910408D8DF849
:10390000E610ADF8D0008DF8CF102046414698471C
:10391000DAF8002092F82800C007B7D0002D08BFC1
:1039200015692046294601F0CBFBDAF80000416911
:1039300031B1B9F1000F18BF4946204601F0C0FB74
:10394000DAF80000E3F7AAFD0146204601F0B8FBD3
:10395000DAF80000E3F798FD0146204601F0B0FBDD
:10396000DAF800904846E3F773FDD9F800100546F1
:10397000CC6B616B09B1204688472968DAF80000F2
:1039800029B3696819B30168EF68B1F90020B1F98A
:1039900002305A4397421AD02A69C2B1896A19B9CA
:1039A00012E000BF296991B101688A6A002AF9D042
:1039B00008469047DAF80000F4E700BF296931B102
:1039C000296921B1296911B129690029F6D101219B
:1039D0002961D0F800A0DAF80C108A69D20702D069
:1039E0008969890702D4002101E000BF01216961D2
:1039F0006969D9F800201A915369FBB11169D4E9BA
:103A0000007411F0300F309718BF11F0040127D166
:103A100020881189678856890844ADF8CC00F019D0
:103A2000A788ADF8CE007818E188ADF8D0008819E5
:103A3000ADF8D20033A91046309A9847286858B19B
:103A4000696849B1D9F80020127CD20700F0C88615
:103A50001A9A002A40F0C48643B0BDE8F08F00BF38
:103A6000DAF8101001F00602062AE7D0C1F30111BE
:103A70001B94DFE811F005000700F106070000BF06
:103A8000DCE700BFE3F7E4FC2288A3886688A3EBA9
:103A9000020BE7880BF101010FFA81F81196BF1BA9
:103AA0004FF4A056791CB6FBF8F60CB22294A6424D
:103AB000DAF81040B8BF314604F03006102E1F90DF
:103AC00005D1BAF80200D2438318A3EB0B021B9E68
:103AD000B8B2F38047F6FE737280229E9842ADD84A
:103AE00008B208F10101CDE902954FEA5109119997
:103AF0001990CA4359440B9191B21FFA88F00A9168
:103B00004FF0FF3101EB50010991C0F341010F91DA
:103B100043F6FC7101EA50002C9008F003002E904F
:103B20004FF6FC7000EA080031906FF0070000EBE0
:103B3000480006906FF00500A8F1010300EB480073
:103B400005905800309C1F9F0C9204904FF0000C81
:103B500000200021002208932491CDF860A00DE000
:103B600028B200FB08F004EB400424982D9A0FFAC9
:103B700080FCB4454FEA004080F2BA861999A6EB62
:103B80000C038B42A8BF0B4600284FF00100239383
:103B90003861309440F076814645C0F27381B8F1C7
:103BA000020FCDF874C02D92C0F2248318980069DA
:103BB00000F03000302840F0BB8109980022032833
:103BC000C0F0C5803098ABEB020300EB420E2F92A1
:103BD00002FB08F21FB218FB03F300EB420A00EBF2
:103BE000430300EB47070025002600BFABEB0604AC
:103BF00020B218FB04F43EF814103AF815202AF805
:103C0000151033F8101005FB08FC2EF814100136BF
:103C100037F81C1035B2A94523F8101027F81C20DE
:103C2000E4DC2F98309940F0010001EB400CABEB45
:103C3000000300FB08F001EB400E18B218FB03F381
:103C400001EB430A01EB400700250026ABEB060021
:103C500004B218FB00F03CF810103EF815202EF8C6
:103C600015103AF8141005FB08F32CF81010013663
:103C700037F8130035B2A9452AF8140027F81320A5
:103C8000E4DC2F98309940F0020001EB400CABEBE4
:103C9000000300FB08F001EB400E18B218FB03F321
:103CA00001EB430A01EB400700250026ABEB0600C1
:103CB00004B218FB00F03CF810103EF815202EF866
:103CC00015103AF8141005FB08F32CF81010013603
:103CD00037F8130035B2A9452AF8140027F8132045
:103CE000E4DC2F98309940F0030001EB400CABEB83
:103CF000000300FB08F001EB400E18B218FB03F3C1
:103D000001EB430A01EB400700250026ABEB060060
:103D100004B218FB00F03CF810103EF815202EF805
:103D200015103AF8141005FB08F32CF810100136A2
:103D300037F8130035B2A9452AF8140027F81320E4
:103D4000E4DC2F9A2C98043282427FF43BAF0F9828
:103D5000002800F04F823099ABEB020001EB420CDF
:103D60002F9202FB08F207B218FB00F001EB420EA3
:103D700001EB400A01EB470700250026ABEB0600EC
:103D800004B218FB00F03CF810103EF815202EF895
:103D900015103AF8141005FB08F32CF81010013632
:103DA00037F8130035B2A9452AF8140027F8132074
:103DB000E4DC0F9801282F9800F01C823099013024
:103DC00001EB400CABEB000300FB08F001EB400EF5
:103DD00018B218FB03F301EB430A01EB400700257F
:103DE000002600BFABEB060004B218FB00F03CF865
:103DF00010103EF815202EF815103AF8141005FB97
:103E000008F32CF81010013637F8130035B2A94525
:103E10002AF8140027F81320E4DC0F9802282F98C2
:103E200000F0E881811C3098ABEB010200EB410C03
:103E300001FB08F113B218FB02F200EB410E00EB9C
:103E4000420A00EB43030026002700BFABEB070547
:103E50002CB218FB05F53CF815003EF816102EF8AC
:103E600016003AF8140006FB08F22CF8150001378A
:103E700033F812003EB2B1452AF8140023F81210AC
:103E8000E4DCB7E1319B3AB94FF420506546F2F7D4
:103E900061FD319BAC46024623982D920FFA80FEBD
:103EA000BEF1010FC0F22A84DAF810001FFA8BF677
:103EB00000F03002CEF100000146302A08BF714602
:103EC000219147F6FE718E422F9600F217840899D1
:103ED000239F0EFB01F12A9139466FF3DF31302A1F
:103EE00007F00102CDF874C00D9240F0A18118FBDB
:103EF00007F02D9F309C01292690CDF81CE040F062
:103F0000D18100230D98DDF860A01F9FDDF8C4E08B
:103F1000DDF874C00799002800F0F0832F9803287B
:103F200080F096832A9826991844C0430844CCE32D
:103F3000099800220328C0F0C68000BF3098ABEB80
:103F4000020700EB420E2F9202FB08F23BB218FB75
:103F500007F700EB420A00EB430300EB470700259D
:103F6000002600BF05FB08F033F81020ABEB060479
:103F700021B23AF815C02AF8152037F8112018FB9D
:103F800004F423F8102001363EF8140035B2A94598
:103F900027F811002EF814C0E4DC2F98309940F077
:103FA000010001EB400CABEB000700FB08F001EB5C
:103FB000400E38B201EB400A18FB07F001EB400756
:103FC0000025002605FB08F43AF81420ABEB0600A8
:103FD00001B23EF815302EF8152037F8112018FBE5
:103FE00000F02AF8142001363CF8102035B2A9451B
:103FF00027F811202CF81030E4DC2F98309940F08D
:10400000020001EB400CABEB000700FB08F001EBFA
:10401000400E38B201EB400A18FB07F001EB4007F5
:104020000025002605FB08F43AF81420ABEB060047
:1040300001B23EF815302EF8152037F8112018FB84
:1040400000F02AF8142001363CF8102035B2A945BA
:1040500027F811202CF81030E4DC2F98309940F02C
:10406000030001EB400CABEB000700FB08F001EB99
:10407000400E38B201EB400A18FB07F001EB400795
:104080000025002605FB08F43AF81420ABEB0600E7
:1040900001B23EF815302EF8152037F8112018FB24
:1040A00000F02AF8142001363CF8102035B2A9455A
:1040B00027F811202CF81030E4DC2F9A2C980432C9
:1040C00082427FF43BAF0F98002800F09380309934
:1040D000ABEB020001EB420C2F9202FB08F203B2A1
:1040E00018FB00F001EB420E01EB430A01EB400725
:1040F0000025002605FB08F43AF81420ABEB060077
:1041000001B23EF815302EF8152037F8112018FBB3
:1041100000F02AF8142001363CF8102035B2A945E9
:1041200027F811202CF81030E4DC0F9801282F9884
:1041300060D03099013001EB400CABEB000700FB85
:1041400008F001EB400E38B201EB400A18FB07F013
:1041500001EB40070025002605FB08F43AF814207F
:10416000ABEB060001B23EF815302EF8152037F8FB
:10417000112018FB00F02AF8142001363CF810201A
:1041800035B2A94527F811202CF81030E4DC0F983F
:1041900002282F982ED0811C3098ABEB010300EB46
:1041A000410C01FB08F11AB218FB03F300EB410EBE
:1041B00000EB420A00EB43030026002706FB08F44D
:1041C0003AF81410ABEB070528B23EF816202EF88B
:1041D000161033F8101018FB05F52AF814100137E3
:1041E0003CF815103EB2B14523F810102CF81520FC
:1041F000E4DC00BFDDF860A0DAF8100000F0300069
:10420000102805D11B9E11990B983180B08008E0D1
:10421000BAF800000C991B9E0844A0EB0B01B0807B
:104220003180229D1F9F2D9CDDF874C0424683E2A1
:10423000DDF8B4A0012940F01B81309C4FF0000E46
:104240000D98DDF860A01F9FDDF874C0002800F015
:1042500055822F9803282A987044C0F036822199FD
:1042600000264F1801EB41022D9907EB070C01EBDB
:10427000420E01EB0C020F4434F8085B043621F8BF
:10428000105034F8065C27F8105034F8045C22F81B
:10429000105034F8025C2EF81050B5B29D426044C4
:1042A000EAD10FE2881A2590AEF101001E90B81EE7
:1042B00000EBCE011C910EEB4E0100EB4102179278
:1042C000219A0EEB0E03724400EB42061844169638
:1042D0001590AEF102003E1F4FEA8E05149006EBDA
:1042E000CE0006EB410C06EB420A0E93F1180022B9
:1042F00000232B922091CDE912AC12E00E9A289C5B
:1043000022442892BA88BC1D289F26F8172000BF97
:10431000259A023393422B9AA2F102022B923FF488
:10432000F1AD2F9A032A2A9A1A44CDE9282305D2FF
:10433000269FD243BE182E9A42BB43E02B9F1C9B64
:10434000DDF8C4E0DDF85CC0DDE915A1002200BFA6
:1043500034F8086B04322AF8176034F8066C21F838
:10436000176034F8046C2CF8176034F8026C23F8EA
:10437000176096B276452F44EAD11E9ADDE912AC59
:104380002099299BD61927462E9ADAB1274637F865
:10439000022B279232462E9EDDF89CE0012E2D9EA8
:1043A00026F812E00ED01646219A2E9F324427920C
:1043B0006288022F10962D9E279F26F817200DD178
:1043C000271D00BF2F9A032A14D2289A269E013255
:1043D000D24316442E9A7ABB9AE700BF0E9A109FDA
:1043E0003A442792A288A71D279C26F814202F9ACA
:1043F000032AEAD32B9C319B002200BF37F8086BBD
:10440000043221F8146037F8066C2AF8146037F883
:10441000046C2CF8146037F8026C20F8146096B223
:104420009E422C44EAD11499299B0E1920993C46AE
:104430002E9A002A3FF46CAF3C4634F8022BCDE9AB
:1044400027262E9EDDE9272E012E2D9E26F81E20E2
:10445000289E3FF45DAF219A7C8832442E9E022E26
:104460002D9E26F812407FF449AF3C1D50E700BF57
:10447000059F891A00441C911490069A07FB0EA010
:10448000049976464FEA8E0C02FB0EA5179001FBAD
:104490000EF0219C01FB0EAE2A9900EB4400013185
:1044A0000AEB00042B910AF10201169402FB061498
:1044B0002A4607FB0615274674460E181594214612
:1044C000309C4FF0000E289217E000BF1498BA8875
:1044D0005044BC1D23F81020319B289A2B98299F0B
:1044E00002302B901C980EF1020E0437043504366E
:1044F000864501F104013FF4A3AE2F9829970328C4
:104500002A9827957044CDE925E6209004D282466A
:104510002E9848BB50E000BF15AE8A4662CE774663
:104520004FF0000E34F8080B0EF1040E21F81700BE
:1045300034F8060C25F8170034F8040C26F8170098
:1045400034F8020C22F817001FFA8EF09842A7EBFD
:104550000C07E7D12A98279DDDE925E63844274650
:10456000514682462E9838B3274637F8020B2E9ACA
:104570001E905046DDF8B4A01E9D012A289A2AF804
:104580001050279D18D02E9A824621986788022ABB
:104590002D9A504422F8107002D1271D0BE000BF65
:1045A000149875460AEB000EA0882D9AA71D22F8D4
:1045B0001E00AE46279D289A2F98032806D22098E1
:1045C00000F1010A2E9840BB88E700BFDDF8A4E0A7
:1045D0000024002037F8082B01EB44035A8037F8F9
:1045E000062C319B26F8142037F8042C043025F8CB
:1045F000142037F8022C2EF8142082B29A42A4EB31
:104600000C04E7D12B98289ADDF894E000EB040A1B
:104610003C462E9800283FF461AF3C4634F8020B2C
:104620002E9A20902D98209E012A289A20F81A6010
:10463000269E3FF453AF2E9B21987A88022B2D9B08
:10464000504423F810207FF441AF3C1D44E700BFE5
:10465000219D0F46681905EB450100EB000C490050
:104660002D987E0001EB47010CEB47022F447F00A1
:104670000238A1EB4301A2EB4302A7EB4307A6EBF1
:1046800043060144024407442993064400230025BD
:1046900034F8080B043526F8130034F8060C27F814
:1046A000130034F8040C22F8130034F8020C21F83B
:1046B0001300A8B270456344EAD129980799C04312
:1046C000084418441F9FDDF874C02E99B1B12E9A8A
:1046D0002188012A2D9A22F810100FD021992E9AA4
:1046E00008446188022A2D9A22F8101006D0219AD7
:1046F000A18810442D9A22F8101000BFDAF810009B
:1047000000F03000102809D11198239A0CEB000119
:104710001B9E501801383180B0800BE00A99249A12
:10472000BAF80000891A239A08441B9E811A0131A5
:10473000B0803180229D2D9C0CFA82F3AB4215464D
:10474000249305DBBA69D20702D0BA69920745D42F
:1047500000227A61BAF80830BAF80A701944ADF844
:10476000CC10718818443944ADF8CE10ADF8D000A3
:10477000F0882246002C2D94309C08BF22463844F5
:10478000DAF814301F9FADF8D200504633A998478D
:104790003869229E00283FF4E3A9DAF8281059B1BD
:1047A00009B150468847386900283FF4D9A9DAF89A
:1047B00028100029F5D1F6E7386900283FF4D0A980
:1047C000386900283FF4CCA9386900283FF4C8A90B
:1047D00038690028F0D1FFF7C3B900BF0122B8E75C
:1047E000AA68824218BF0146A96043B0BDE8F08FB5
:1047F000DAF80000C06AC8B132A9EEF71DFD012841
:104800007FF486A80DF1CC084046E3F71DFADAF8EC
:10481000000041AA90F82910C36A8DF8D7102046ED
:104820004146E3F7A7F8FFF773B800BF0DF1CC08D6
:104830004046E5F7C1FADAF800006268418D90F869
:104840002900ADF8D0108DF8CF0020464146E5F79D
:1048500099FAFFF75DB800BF2188A0886388E288D5
:10486000471AD61A0137013616FB07F4012C49D036
:1048700038B231B2DDF8C0E048430EEB4000A31E71
:104880000838002104220EEB020737F8046CC488B4
:10489000C6804E1CB34227F8044C22D90EEB4106C9
:1048A00001F1020C5C1E6445B6F802C08488A0F8D1
:1048B00004C0748015D93EF80260B0F802C046808A
:1048C000CE1C9C1EB4422EF802C00AD97E880488F1
:1048D00020F808697C800431DF1E043B08328F42D7
:1048E000D1D81B9EF2887388B08831880BE000BF56
:1048F000DDE90295002A3FF4A1A81046F2F780F9FD
:10490000FFF79CB81B9EBAF80270DB43D2433B44CE
:104910003A44F3807280BAF80070C943C043394406
:104920003844B1803080BAF80870BAF80A60384468
:10493000ADF8CC00B018ADF8CE007818ADF8D000C6
:10494000F018DAF81430ADF8D20033A95046FFF76A
:1049500073B800002DE9F04F87B0002157220446BC
:10496000F6F748F80746204600215922F6F742F8A4
:10497000616AD4F8449001900846F0F795FE40F241
:104980009001C2F200010A6849460546904740F28C
:104990005801C2F200010A6805EB000B039058466B
:1049A000002190470D280146B7F808A008BF202134
:1049B0000A28064608BF2021002838464FF000028A
:1049C00008BF20210297ECF7B7FE616A804606AA6D
:1049D00008464946F0F74CFD676A3846F0F764FE32
:1049E000024638460021F4F75BFA626ABDF91810F6
:1049F000B2F9143001FA88F1B2F918201944914241
:104A000024DD94F86010090720D40328574621D0EC
:104A1000019ABDF81A103A4400201144ADF818006C
:104A2000ADF81A10C6B140F25400C2F2000001689D
:104A300058468847039E0021064440F25800C2F2BF
:104A400000000268A819904707E000BF039E574680
:104A500012E000BF039E0FE0039E01460A2808BF34
:104A60002021002808BF20210D2808BF20210298FE
:104A70000022ECF761FE804620464FF4E02132220E
:104A80002665F5F7B7FF054620464FF4E0211022D2
:104A9000F5F7B0FF814620464FF4E0211122F5F7EB
:104AA000A9FF824620464FF4E0211222F5F7A2FF2B
:104AB000064620464FF4E0211322F5F79BFFBDF890
:104AC00018107219A1EB020BBDF81A2009EB0503AF
:104AD000A2EB03096B1E03EB080630444518D819F6
:104AE000616A50448618B4F848008B8AB4F84A20AA
:104AF0001844ADF81000C88AB4F84E10B4F84C70E1
:104B0000024408440DF11008ADF81220DA19ADF88E
:104B1000160020464146ADF81420F6F7F9FC606A0D
:104B2000A4F848B0A4F84A90818AC08A01EB0B022D
:104B3000ADF8102000EB090229443044ADF8141000
:104B4000ADF8160020464146A4F84C50A4F84E603B
:104B5000ADF81220F6F7DCFC07B0BDE8F08F0000DE
:104B60002DE9F04383B0002150220446F5F742FFBF
:104B700081B200EBD13005B220464FF44031122211
:104B8000F5F738FF804620464FF440311322F5F701
:104B900031FF814620464FF440311022F5F72AFFBD
:104BA000074620464FF440311122F5F723FFA18A32
:104BB000228DE38A114408EB6502668D8A1AADF8EE
:104BC0000420F21809EB6503D31AADF8063007EBA1
:104BD000650300EB650019441044ADF80810ADF80A
:104BE0000A0001A92046F6F793FC2046F6F7AEF836
:104BF0000546204600215022F5F7FCFE94F83C10B3
:104C000001F00301DFE801F002040802A68C0EE0C7
:104C100094F8261002E000BF94F827104FF4B47205
:104C2000514345F62942C0F28F22A1FB021600B281
:104C3000281A00EBD070471030B21FFA85F8FDF744
:104C4000FFF87843C00B208506F15A0000B2FDF74B
:104C5000F7F805EBD832218D12B27843531001EBEF
:104C6000620103EBD030218560852046002150226F
:104C7000F5F7C0FE81B200EBD13005B220464FF40B
:104C800040311222F5F7B6FE804620464FF44031FF
:104C90001322F5F7AFFE814620464FF44031102233
:104CA000F5F7A8FE074620464FF440311122F5F7EC
:104CB000A1FEA18A228DE38A114408EB6502668D6C
:104CC0008A1AADF80420F21809EB6503D31AADF87F
:104CD000063007EB650300EB650019441044ADF89E
:104CE0000810ADF80A0001A92046F6F711FC03B040
:104CF000BDE8F0832DE9F04F91B00D46834608469C
:104D00000121F6F795F8002840F087812846D4F76E
:104D10004DFC002848D00746284600216122F5F7BF
:104D200069FEC1B20229C0F0788180462846D4F7D6
:104D300035FC02AC064628462146F4F7C1FF204662
:104D400031463246DEF7D2FD012F35D0022F40F03A
:104D50006481DDE902100CACCDE90C102846214637
:104D600000220023F5F774FFDBF808100EA8224696
:104D7000D2F7AEFF002800F05081DDE90E100AAC3A
:104D8000CDE90A102846214600220123F5F760FFED
:104D900002AA20462146D2F79BFF002800F03D8161
:104DA000DDE90A1013E000BF5846294611B0BDE8FE
:104DB000F04FF6F7A9BE00BFDBF808100EA802AA54
:104DC000D2F786FF002800F02881DDE90E1008AE3A
:104DD000CDE9081005F11401304600220C464FF0D1
:104DE0000009D2F7A5FF68B102AA284612218DF862
:104DF00008900396ECF752FA9DF80820002A18BF95
:104E0000012200E0012208A9584602F10209012FFF
:104E100008BF4A46E3F7B0FA002800F0FE800646D5
:104E2000284600216F22CDF80490F5F7E3FD814676
:104E3000284600217022F5F7DDFD09F4C041B1F5E7
:104E4000005F82461CD10FFA89F020F4C040B0F513
:104E5000FA6F15DCA98A2A8BB0F57A7FA2EB0101E3
:104E600001F10101C8BFC0F57A7009B2484348F2A8
:104E70001F51C5F2EB1150FB01F0411101EBD0794C
:104E80000AF4C040B0F5005F1CD10FFA8AF020F49C
:104E9000C040B0F5FA6F15DCE98A6A8BB0F57A7F0D
:104EA000A2EB010101F10101C8BFC0F57A7009B29E
:104EB000484348F21F51C5F2EB1150FB01F041117C
:104EC00001EBD07A02A8E2F7BFFE284600216E224D
:104ED0008DF81380F5F78EFD01B2B1F5616FADF875
:104EE000080003DD4FF2F01105E000BFB1F1FF3F14
:104EF00004DC4FF461610844ADF808002846002145
:104F00006D22F5F777FDADF80A00284600216822EA
:104F1000F5F770FD9DF8141000F00F0001F0F0019E
:104F2000084440F2D821C2F2000109688DF814004B
:104F300008689DF81C10007C01F0FE01C0F3C00061
:104F40000844012F8DF81C0046D1D6E90001728A71
:104F5000BDF9263002EB1042013A12B2B2EB214FFA
:104F6000C6E90201A8BF0A14B3EB204FF28150DB5F
:104F70000198C00754D1F08902AFB6F9061000B20B
:104F80008842C8BFF181584631460022E3F7E8F96C
:104F900058462946F6F7B8FDDBF80400A98A0288CE
:104FA0004944891AADF80C10E98A40885144081A1E
:104FB000ADF80E00584631463A46E3F7D7F9F08986
:104FC000728A411C1044BDF92620718109B29142B8
:104FD000F081D2DD1DE000BFB6F90A00BDF9261050
:104FE000884216DC58462946F6F78EFDDBF80400A9
:104FF000A98A02884944891AADF80C10E98A4088C8
:105000005144081AADF80E0002AA58463146E3F79B
:10501000ADF958463146E3F7E1F911B0BDE8F08F3C
:1050200006F108070DF1080832E000BF7089318AE7
:10503000012208440138F081B6F9061000B2884216
:10504000C8BFF18158463146E3F78AF958462946E8
:10505000F6F75AFDDBF80400A98A02884944891A48
:10506000ADF80C10E98A40885144081AADF80E00DA
:10507000584631464246E3F779F9F089728A411C75
:105080001044BDF92620718109B29142F081C0DC43
:10509000384621460022D2F74BFE0028C6D0002019
:1050A0008DF83800284612210EAA0F97ECF7F6F873
:1050B0009DF838000028B9D1F0890022BCE7000033
:1050C0002DE9F0410D46804641B940F2D820C2F2A8
:1050D00000000068E2F7FAF90546E0B340462946C9
:1050E000FFF708FE2846F4F7A5FE002808BFBDE834
:1050F000F08100BF0646F4F755FDB8B1074600241D
:10510000002006E04046FFF7F5FD01200134A742EC
:105110000CD0B168C007096851F82410F2D1481BBF
:10512000B0FA80F040090134A742F2D1304617218D
:105130004246ECF7B3F8304618214246ECF7AEF899
:10514000304619214246ECF7A9F83046F4F772FED2
:1051500000283546CED1BDE8F08100002DE9F047AA
:1051600092B0884600210546F4F70CFD002800F0B7
:105170008A808246F0F798FA0246504600210024C1
:10518000F3F78EFE012817D003280DD0022817D17F
:105190002846F4F779FD06465046F5F7D7FD301A54
:1051A00000EBD070441007E02846F4F76DFD06468A
:1051B0005046F5F7CBFD341A21B25046F8F766FA9F
:1051C000284600215722F5F715FC064628460021FF
:1051D0005922F5F70FFC378981462846F4F738FD48
:1051E0000646284600216522F5F704FCB8FA88F146
:1051F0001FFA80F8B8FA88F04909400941EA00042A
:10520000012C02D12846DDF717F9B2B206EBD232F3
:1052100012B207EBD733E88C52081BB207EB090137
:10522000A2EB530200FB112005B26CB145F68901D7
:10523000C0F603015046DDF7C3FB5046294612B0C5
:10524000BDE8F047F8F738BA01AE3046DDF7DEFCCE
:1052500045F68900C0F6030002905046CDF804A040
:10526000F5F79AFDCDE9090045F26D40C0F603005F
:10527000049042F67D40C0F6010008903046CDE92A
:105280000B58DDF743FD12B0BDE8F0872DE9F04F74
:105290008BB04FF4A02112220446F5F7ABFB069029
:1052A00020464FF4A0211322F5F7A4FB83462046A5
:1052B0004FF4A0211022F5F79DFB814620464FF4C4
:1052C000A0211122F5F796FB064620464FF4A021B7
:1052D0005822F5F78FFB074620464FF4A0215922AC
:1052E000F5F788FB054620464FF4A0215722F5F735
:1052F00081FB0A9020464FF4A0210522F5F77AFBA6
:10530000804620464FF4A0210622F5F773FBE18C7E
:1053100091B331464B460FFA80FA08B2099018B2A1
:1053200008900FFA8BF0079006980FFA85FB3DB2B4
:10533000099F4FF000090FFA88F60FFA80F800BFB6
:10534000CDE900B807981FFA89F1029008982B461A
:1053500003900A9A20460497DBF738FB5045A8BF14
:105360005046E16AB042D8BF304621F81900E08CBF
:1053700009F101098145E3D32046F7F709FA2046F0
:105380000BB0BDE8F04FF6F793B80000F0B581B070
:105390000446F4F707FCB0B105460027A068006892
:1053A00050F827603046F6F783F830462A2100226D
:1053B000EBF774FF3046F6F77BF83046FFF7E6FF71
:1053C0000137BD42EAD101B0F0BD0000F0B581B0B7
:1053D0000C46498C0546C1F3051171B335B36FF026
:1053E000170202EBC10E6FF00702E06802EBC10387
:1053F0006FF00F024FEAC10C02EBC10600214258C8
:10540000AA4213D08B4218D042189768AF420DD0F1
:105410008E4212D01769AF4208D08E450DD09269E6
:10542000AA4203D020318C45E9D106E020464FF452
:1054300070214FF6FF72F7F7DDF92046F4F7B2FB63
:1054400060B10646002700BFA068006850F827102A
:105450002846FFF7BBFF0137BE42F5D101B0F0BDD2
:1054600000680A210022EBF719BF000080B5006830
:10547000F4F7E0FCBDE88040DCF7DEBF2DE9F04F3B
:1054800087B0044608461F4692460D46F4F7D2FC04
:1054900010210646F5F7CCFC002800F05B81B068CF
:1054A000CDE9034780B1417E007E01F00F01C0F3DA
:1054B000011005F1140B019102900028CDF800B005
:1054C00008BFA34608E000BF05F1140000900F20BC
:1054D000019000200290A346304600213222002392
:1054E0000693F5F787FA8146304600211022F5F73A
:1054F00081FA00EB0908304600211122F5F77AFA0B
:1055000000EB0907F08ABBF80210BAF80220404409
:105510001144401ACDF814A00FFA80FA708BBBF832
:1055200006103A44101A084405B23046F4F72AFC33
:10553000BAF1000F07EB080402D4B5F1FF3F23DCFA
:10554000BAF1010F0EDBB16800291ABF498A49423E
:10555000002109B25145B8BF4FF0000ACDF818A09C
:1055600012E000BF012D0DDB824630466D42F4F79C
:105570007DFC0146504601FA85F1002948BF00250F
:10558000069501E000210691029ADDF814A0001BA7
:10559000DFE802F02402080EF08ABBF80210404453
:1055A000401A1AE0BBF80600718B3844081A14E060
:1055B00082B200EBD230BBF80220BBF80630F18A91
:1055C0009B1A00B201339FB208EB600003EBD733A4
:1055D00008441BB2801AA0EB63000690B06848B183
:1055E000007E039DC0F3810BBBF1000F009818BF34
:1055F000054602E0039D4FF0000B304600211222C9
:105600000027F5F7F7F900EB0908304600211322CF
:10561000F5F7F0F98144B08A2988BAF800204044AF
:105620001144401A04B2308BA9884A44101A084425
:10563000002C00B202D4B0F1FF3F16DC012C07DBD6
:105640003046F4F7A7FCA042B8BF002427460CE080
:10565000012809DB47423046F4F71EFD00FA87F0C7
:10566000002848BF002700E000273046F5F76EFB12
:10567000DFE80BF02402080EB08A29884044471A5C
:105680001CE000BFA888318B48440F1A16E000BF09
:1056900009EB0801401A81B200EBD1302988AB88B0
:1056A000B28A5B1A00B201339FB208EB600003EBD1
:1056B000D73310441BB2401AA0EB630745F629010B
:1056C000C0F603013046DDF77BF945F2D971054696
:1056D000C0F603013046DDF773F9049C002D08BFC6
:1056E000002806D030460A210022EBF7D7FD01281A
:1056F00030D1019D38B2E90708BF20EAE07738B21F
:105700000022002858BF1046A90748BF3846069F08
:105710006B0739B258BF21EAE17739B2002948BF97
:105720000A46082D28BF3A46BAF80010002C18BFC8
:105730000144BAF80270AAF8001018BF174401B269
:1057400012B230462346AAF8027007B0BDE8F04F07
:10575000F7F720BA07B0BDE8F08F0000B0B582B00F
:10576000C18E828E6B460446DAF750FEBDF900000A
:10577000B0F1FF3F0CDDBDF904502046F5F7E6FA25
:1057800085420CDD2046F5F7E1FA401B01E000BF41
:10579000404201B2204600220123F7F7B3FABDF9D7
:1057A0000200B0F1FF3F0DDDBDF906502046F4F7D1
:1057B000E9FA8542DCBF02B0B0BD2046F4F7E2FA58
:1057C000401B00E0404202B220460021012302B00B
:1057D000BDE8B040F7F796BAB0B504468068002837
:1057E0001ABF008A404200200844010408BFB0BD2F
:1057F00005B22046F3F740FAA0680022018A01238F
:105800002944018220462946F5F706FF20460B2150
:105810000022EBF743FD012804D12046BDE8B0404B
:10582000F5F746BEB0BD0000B0B50446806800285C
:105830001ABF408A404200200844010408BFB0BD9E
:1058400005B22046F3F718FAA0682A46418A0123D8
:105850002944418220460021F5F7DEFE20460B2137
:105860000022EBF71BFD012804D12046BDE8B04023
:10587000F5F71EBEB0BD0000A0F84410F5F718BE45
:10588000A0F84610F5F714BE09B2F7F715BF0000EF
:105890002DE9F04F93B08346400004924D100A91D9
:1058A00001F001040690F1F755F81290BBF1010FD9
:1058B000ABF1010E04EB05000BF003021190CDE9F2
:1058C0000752C0F2E3801199AC46AEEB010020EA2A
:1058D000E0700B90ABF102000EEB0503054409905C
:1058E000401A20EAE0700390ABF1030000EB0C06D5
:1058F0000290401A20EAE0700190ABF104000090A1
:10590000DDF81080C1F1000908EB4C00071F129868
:105910000021A0F1040AA8F102001090CDE90C6565
:10592000CDF814E00E9319E0069C129940462246E9
:105930007746F1F72BFA10980F992044DDF81CC038
:1059400010900131DDF814E0089A0E9BDDE90C653A
:1059500008EB4B082744594500F098800F9138F820
:105960001E000A9900FB01F1A2B112985B4520F8D4
:105970001E10B4BF38F813000020081A0B99012A32
:1059800038F8111001440BD10998BBF1040FBE4641
:10599000CAD32FE07046BBF1040FBE46C4D329E042
:1059A0001298099C5D4520F81410B4BF38F8150012
:1059B0000020081A0399022A38F81110014405D171
:1059C0000298BBF1040FBE46AED313E01298029AC0
:1059D0005E4520F81210B4BF38F816000020019A76
:1059E000081A38F8122081180098BBF1040FBE463F
:1059F0009AD300BF129A109C0CEB000302EB4002FA
:105A000004EB430309EB00070CEB0004118027EAC9
:105A1000E7755C45B4BF5E88002638F81550891BD1
:105A200029447D1E661E22F8021C25EAE5755E45A6
:105A3000B4BF1E88002638F81550891B2944BD1EA6
:105A4000A61E2AF8101025EAE5755E45B4BF3EF89B
:105A50001060002638F81550891B2944033FE61EC4
:105A600022F8061C27EAE7775E45B4BF33F8046CDA
:105A7000002638F81770891B39440328A0F1040068
:105A8000A2F10802A3F10803BCDC4DE7069DDDE9A5
:105A9000119CBBF1000F00F06D810A9A0BFB0BF01B
:105AA0004FF47F51B1FBF2F60128024698BF012264
:105AB000042880F065810021D0070CD0049830F8CC
:105AC000112042B1B2F57F5F02D00A9892FBF0F646
:105AD000049820F81160089EBBF1010FC0F24A81C2
:105AE0000CF1040101910CF1020100914FEACB018C
:105AF0000391ACF102010291079A47F6FC70C2F1E2
:105B0000030101FB0BF14F00C2F1020101FB0BF19C
:105B1000049B00EA0B00C2F100084FEA410AC2F1FF
:105B2000010402FB0BF10022A2EB410200210993C8
:105B300010900BA8CDE90E8780E8140409E000BF9F
:105B40000699099B0131594503F10203099300F0BD
:105B500011810498069100EB410330F811100A9866
:105B6000BBF1040F01FB00FA4FF0000104D21C4608
:105B7000002E40F08080C7E0DDF80890099CAC461C
:105B80004FEA9A12BAF1000F48BF00220E98A046C1
:105B9000A9F80220441842460B98012CA8BF0244E1
:105BA00011987646471812885F45B8BF3E4606FBF7
:105BB0000BF633F81660AAEB020292194FEA92161E
:105BC00048BF0026129800EB41056E80661C012E2E
:105BD0005E460C98A8BF464338F8166008EB0C00E8
:105BE000921B7E1C5E45A8BF764606FB0BF633F87B
:105BF0001660604492194FEA921648BF0026AE80A4
:105C0000A51C012D05460D9EA8BF08EB0605BE1C70
:105C10002D885E45A8BF764606FB0BF633F8166066
:105C2000521B92194FEA921548BF00256044033475
:105C300029F8085F012C04460F9DA8BF08EB050456
:105C4000FD1C24885D45A8BF754605FB0BF533F8A0
:105C50001550121B02EB050A109A04318A4200EB20
:105C60000C048DD103986546DDE9119C089E08EB74
:105C70000004002E48D04FEA9A10BAF1000F48BF36
:105C80000020012E2CF811003ED007984F1C081A56
:105C900000FB0BF201282046A8BF03EB420009EBF2
:105CA000010200885A45A8BF724602FB0BF233F886
:105CB0001220AAEB000010EB02084FEA981048BF30
:105CC0000020022E2CF817001ED00798381A00FB6F
:105CD0000BF203EB42020128B8BF04EB4B02108821
:105CE00009EB07025A45A8BF724602FB0BF233F8D4
:105CF0001220A8EB000080184FEA901048BF002047
:105D0000019A22F8110000BF0021BBF1040F19D342
:105D1000029B099E109800BF5F88344637800CEBC9
:105D20004106778862196753B6885719565333F876
:105D3000082F7E19043188422E447A53ECD1039AFD
:105D4000089EA318002E3FF4FBAE3CF81140012E34
:105D50001C803FF4F5AE009A022E32F8114023F871
:105D60001B403FF4EDAE019A32F8111023F82B10CE
:105D7000E6E600BF604613B0BDE8F04FF0F740BF65
:105D8000049822F00303041D002106E06080043122
:105D90008B4204F108043FF48FAE34F8047C47B121
:105DA000B7F57F5F304602D00A9897FBF0F024F8F1
:105DB000040C34F8027C47B1B7F57F5F304602D05F
:105DC0000A9897FBF0F024F8020C27883FB1B7F54A
:105DD0007F5F304602D00A9897FBF0F020806788FA
:105DE000002FD4D0B7F57F5F3046CFD00A9897FB0D
:105DF000F0F0CBE72DE9F04782B040F21838C2F25C
:105E00000008D8F86810C80710D112200421F7F74D
:105E1000E1FCD8F86810C907A8F802004FF012009A
:105E20000CD00521F7F7D6FC0BE000BF41F2A30030
:105E3000C907A8F802004FF01200F2D10421F7F7C9
:105E4000B5FC98F868104FF6FF79C907A8F8040068
:105E500006D112200221A8F80690F7F7BBFC05E056
:105E600042F64610A8F8060042F68610A8F8080088
:105E700098F80000D8F80C10012801F1D00003D1E7
:105E8000F9F796FC02E000BFF9F74AFB98F800002A
:105E9000D8F80C10012801F1D80003D1F9F788FCDB
:105EA00002E000BFF9F73CFB41F2281642F6B54785
:105EB00008F12005C0F60406C0F6010700244FF0E3
:105EC000460C284631463A465023CDE900C4F9F73E
:105ED00031FE08F1340A504631463A4650230094C8
:105EE0000194F9F727FED8F80C002946D030F9F7CD
:105EF00019FED8F80C005146D830F9F713FE98F87F
:105F00000000D8F80C10012801F108000AD1F9F7B7
:105F10004FFC98F86800C0070AD012200221F7F75A
:105F200045FC08E0F9F7FCFA98F86800C007F4D1DE
:105F30001220F7F767FCD8F80C1001F1080281B2C3
:105F40001046F9F75BFCD8F80C0047F6FF710830F3
:105F5000F9F7B8FDD8F80C00D8F8546000F108053E
:105F60003046E1F765FA232810DB3046E1F760FAA6
:105F7000C0EBC00046F267615030C6F2666150FB6C
:105F800001F0811101EBD07001E000BF012006B2E9
:105F900028463146F9F78EFC28463146F9F78EFC43
:105FA00028463146F9F792FC28463146F9F77AFC43
:105FB000D8F80C00D8F8546000F108053046E1F735
:105FC00037FA302810DB3046E1F732FA00EB800078
:105FD00046F267615030C6F2666150FB01F08111F4
:105FE00001EBD07001E000BF012001B22846F9F7B3
:105FF0009DFDD8F80C0066210830F9F70BFCD8F8A5
:106000000C0051460830F9F78DFD98F80000D8F8DB
:106010000C10012801F1100002D1F9F7C9FB01E0D1
:10602000F9F77EFAD8F80C00FF211030F9F7F2FBEF
:1060300098F80010D8F80C00012903D1F9F7B8FB43
:1060400002E000BFF9F76CFAD8F80C00FF21F9F76D
:10605000E1FBD8F80C00B8F80210F9F7CFFBD8F83C
:106060000C00B8F80410F9F749FDD8F85450D8F8E6
:106070000C4098F801602846E1F7DAF9022E05D0C5
:10608000012E07D1112819DD0E2606E0132815DD93
:106090000C2602E0182811DB0A262846E1F7C8F989
:1060A000502116FB001046F26761C6F2666150FB94
:1060B00001F0811101EBD07001E000BF012001B2BD
:1060C0002046F9F7FFFBD8F85450D8F80C4098F860
:1060D00001602846E1F7ACF9022E05D0012E07D168
:1060E000112819DD0E2606E0132815DD0C2602E026
:1060F000182811DB0A262846E1F79AF9502116FBE9
:10610000001046F26761C6F2666150FB01F0811132
:1061100001EBD07001E000BF012001B22046F9F789
:10612000C5FB98F80000D8F80C10012801F1180000
:1061300002D1F9F73DFB01E0F9F7F2F9D8F80C00CC
:10614000D8F8545098F8016000F118042846E1F797
:106150006FF9012E0AD114281ADB2846E1F768F9F5
:1061600000EB4000502101EB800007E01E280FDB10
:106170002846E1F75DF9502101EBC00046F2676166
:10618000C6F2666150FB01F0811101EBD07000E0B6
:10619000012001B22046F9F795FCD8F80C00FF2148
:1061A0001830F9F737FBD8F80C00B8F8061018309B
:1061B000F9F724FBD8F80C00B8F808101830F9F7F4
:1061C0002DFBD8F80C00D8F8545000F118042846DC
:1061D000E1F72EF978280FDB2846E1F729F950215D
:1061E00001EB400046F26761C6F2666150FB01F0C8
:1061F000811101EBD07000E0012001B22046F9F7D7
:106200001DFBD8F80C0001211830F9F70FFBD8F866
:106210000C00B8F804101830F9F770FCD8F80C002E
:10622000D8F8545098F8016000F118042846E1F7B6
:10623000FFF8022E0CD0012E16D10A2826DB2846A4
:10624000E1F7F6F800EB4000502101EBC00013E04D
:106250000C281BDB2846E1F7EBF800EB800050210F
:1062600001EB800008E000BF0F280FDB2846E1F7B4
:10627000DFF8502101EB001046F26761C6F266615B
:1062800050FB01F0811101EBD07000E0012005B25C
:1062900020462946F9F70EFB20462946F9F70EFB62
:1062A00020462946F9F712FB20462946F9F7FAFA63
:1062B000D8F80C00D8F8545098F8016000F1180490
:1062C0002846E1F7B5F8022E06D0012E08D1112894
:1062D0001ADD0E2607E000BF132815DD0C2602E0AC
:1062E000182811DB0A262846E1F7A2F8502116FBF0
:1062F000001046F26761C6F2666150FB01F0811141
:1063000001EBD07001E000BF012001B22046F9F797
:10631000D9FAD8F80C00D8F8545098F8016000F178
:1063200018042846E1F784F8022E05D0012E07D183
:10633000112819DD0E2606E0132815DD0C2602E0D3
:10634000182811DB0A262846E1F772F8502116FBBF
:10635000001046F26761C6F2666150FB01F08111E0
:1063600001EBD07001E000BF012001B22046F9F737
:106370009DFAD8F80C0000F118041220F7F742FA41
:1063800081B22046F9F76EFAD8F80C00D8F85450CC
:1063900000F118042846E1F74BF8F0280EDB2846F8
:1063A000E1F746F846F267615030C6F2666150FB8D
:1063B00001F0811101EBD07001E000BF012001B2BA
:1063C0002046F9F753FA98F80000D8F80C10012885
:1063D00001F1A00002D1F9F7EBF901E0F9F7A0F81B
:1063E000D8F80C00B8F85810A030F9F74BFAD8F8E4
:1063F0000C00D8F8545000F1A0042846E1F718F832
:1064000050280FDB2846E1F713F800EB400046F276
:1064100067615030C6F2666150FB01F0811101EBFB
:10642000D07000E0012001B22046F9F737FAD8F821
:106430000C00D8F8545000F1A0042846E0F7F8FF0B
:1064400050280FDB2846E0F7F3FF00EB400046F250
:1064500067615030C6F2666150FB01F0811101EBBB
:10646000D07000E0012001B22046F9F713FAD8F805
:106470000C007F21A030F9F709FA98F80000D8F84D
:106480000C10012801F1A80002D1F9F791F901E0FF
:10649000F9F746F8D8F80C00B8F85A10A830F9F710
:1064A000F1F9D8F80C00D8F8545000F1A8042846A7
:1064B000E0F7BEFF50280FDB2846E0F7B9FF00EBFE
:1064C000400046F267615030C6F2666150FB01F051
:1064D000811101EBD07000E0012001B22046F9F7F4
:1064E000DDF9D8F80C007F21A830F9F7CFF998F83A
:1064F0000000D8F80C10012801F1200002D1F9F7B2
:1065000057F901E0F9F70CF8D8F80C00D8F8545016
:1065100098F8016000F120042846E0F789FF022E78
:106520000AD0012E14D10F2824DB2846E0F780FF83
:10653000502101EB001013E014281BDB2846E0F784
:1065400077FF00EB4000502101EB800008E000BF26
:106550001E280FDB2846E0F76BFF502101EBC0003F
:1065600046F26761C6F2666150FB01F0811101EBF2
:10657000D07000E0012001B22046F9F7A3FAD8F864
:106580000C00FF212030F9F745F9D8F80C00B8F8D5
:1065900008102030F9F732F998F86800C0076CD17C
:1065A000D8F80C0000F120041220F7F72BF981B283
:1065B0002046F9F78BFAD8F80C0000F120040020EF
:1065C000E0F736FF50280FDB0020E0F731FF00EB4B
:1065D000400046F267615030C6F2666150FB01F040
:1065E000811101EBD07000E0012001B22046F9F7E3
:1065F0007DFAD8F80C007F212030F9F76FFAD8F82F
:106600000C00D8F8545000F120040020E0F710FFEF
:106610003C2817DB00200026E0F70AFFEF2101EB02
:106620008001B1F59F7F24D9502101EB800046F213
:106630006761C6F2666150FB01F0811101EBD07613
:1066400001E000BF01262846E0F7F2FE7043F02883
:106650000EDB2846E0F7ECFE704346F267615030EF
:10666000C6F2666150FB01F0811101EBD07600E0CB
:10667000012631B22046F9F72DFAD8F80C00B8F807
:1066800004102030F9F73AFAD8F80C00D8F8545032
:1066900098F8016000F120042846E0F7C9FE022EB8
:1066A0000CD0012E16D10A2826DB2846E0F7C0FEC2
:1066B00000EB4000502101EBC00013E00C281BDB75
:1066C0002846E0F7B5FE00EB8000502101EB80008A
:1066D00008E000BF0F280FDB2846E0F7A9FE502195
:1066E00001EB001046F26761C6F2666150FB01F0F3
:1066F000811101EBD07000E0012005B2204629464F
:10670000F9F7D8F820462946F9F7D8F8D8F80C0058
:10671000D8F8545098F8016000F120042846E0F7BA
:1067200087FE022E06D0012E08D111281ADD0E2672
:1067300007E000BF132815DD0C2602E0182811DB46
:106740000A262846E0F774FE502116FB001046F298
:106750006761C6F2666150FB01F0811101EBD070F8
:1067600001E000BF012005B220462946F9F7AEF846
:1067700020462946F9F796F8D8F80C00D8F8545076
:1067800000F120042846E0F753FE302810DB2846AD
:10679000E0F74EFE00EB800046F267615030C6F233
:1067A000666150FB01F0811101EBD07001E000BF88
:1067B000012001B22046F9F779F8D8F80C00D8F892
:1067C000545000F120042846E0F732FE30280FDB59
:1067D0002846E0F72DFE00EB800046F2676150305E
:1067E000C6F2666150FB01F0811101EBD07000E050
:1067F000012001B22046F9F765F84BF67940C0F662
:106800000000C8F8100040F64940C0F60100C8F882
:10681000180098F80000D8F80C10012801F1580071
:1068200002D1F8F7C5FF01E0F8F77AFED8F80C00BE
:1068300008F110015830F9F709F8D8F80C002321B5
:106840005830F9F707F898F80000D8F80C1001282C
:1068500001F1600002D1F8F7ABFF01E0F8F760FE4C
:10686000D8F80C0008F118016030F8F7EFFFD8F8FD
:106870000C007F216030F8F7EDFF98F80000D8F8A1
:106880000C10012801F1C00002D1F8F791FF01E0DE
:10689000F8F746FED8F80C000121C030F8F7D2FF17
:1068A000D8F80C000121C030F8F7C0FF98F80000BC
:1068B000D8F80C10012801F1800003D1F8F778FF17
:1068C00002E000BFF8F72CFED8F80C00D8F85450BE
:1068D00098F8016000F180042846E0F7A9FD022E37
:1068E0000CD0012E16D10A2826DB2846E0F7A0FDA1
:1068F00000EB4000502101EBC00013E00C281BDB33
:106900002846E0F795FD00EB8000502101EB800068
:1069100008E000BF0F280FDB2846E0F789FD502173
:1069200001EB001046F26761C6F2666150FB01F0B0
:10693000811101EBD07000E0012005B2204629460C
:10694000F8F7B8FF20462946F8F7B8FF2046294651
:10695000F8F7BCFF20462946F8F7A4FFD8F80C004A
:10696000D8F8545098F8016000F180042846E0F708
:106970005FFD022E0CD0012E16D10A2826DB2846F8
:10698000E0F756FD00EB4000502101EBC00013E0A2
:106990000C281BDB2846E0F74BFD00EB8000502164
:1069A00001EB800008E000BF0F280FDB2846E0F76E
:1069B0003FFD502101EB001046F26761C6F26661AF
:1069C00050FB01F0811101EBD07000E0012001B219
:1069D0002046F8F777FFD8F80C00D8F8545098F80C
:1069E000016000F180042846E0F722FD022E0DD060
:1069F000012E17D10A2827DB2846E0F719FD00EB06
:106A00004000502101EBC00014E000BF0C281BDB4C
:106A10002846E0F70DFD00EB8000502101EB8000DF
:106A200008E000BF0F280FDB2846E0F701FD5021EA
:106A300001EB001046F26761C6F2666150FB01F09F
:106A4000811101EBD07000E0012001B22046F8F77F
:106A50002DFF98F80000D8F80C10012801F17800FB
:106A600002D1F8F7A5FE01E0F8F75AFDD8F80C00BE
:106A7000D8F8545098F8016000F178042846E0F7FF
:106A8000D7FC022E06D0012E08D111281ADD0E26C1
:106A900007E000BF132815DD0C2602E0182811DBE3
:106AA0000A262846E0F7C4FC502116FB001046F2E7
:106AB0006761C6F2666150FB01F0811101EBD07095
:106AC00001E000BF012005B220462946F8F7F2FE9A
:106AD00020462946F8F7F2FE20462946F8F7F6FE4A
:106AE00020462946F8F7DEFED8F80C00D8F85450B6
:106AF00098F8016000F178042846E0F799FC022E2E
:106B000006D0012E08D111281ADD0E2607E000BF9D
:106B1000132815DD0C2602E0182811DB0A2628466A
:106B2000E0F786FC502116FB001046F26761C6F2C2
:106B3000666150FB01F0811101EBD07001E000BFF4
:106B4000012005B220462946F8F7BCFE204629461A
:106B5000F8F7ACFE98F80000D8F80C10012801F105
:106B6000880003D1F8F724FE02E000BFF8F7D8FC54
:106B7000D8F80C00D8F8545000F188042846E0F703
:106B800057FC182812DB2846E0F752FC00EB800087
:106B9000502101EB400046F26761C6F2666150FB8E
:106BA00001F0811101EBD07001E000BF012001B2C2
:106BB0002046F8F787FED8F80C00D8F8545000F1BA
:106BC00088042846E0F734FC182811DB2846E0F753
:106BD0002FFC00EB8000502101EB400046F2676182
:106BE000C6F2666150FB01F0811101EBD07000E04C
:106BF000012001B22046F8F759FE98F80000D8F8B5
:106C00000C10012801F1900002D1F8F7D1FD01E04C
:106C1000F8F786FCD8F80C00D8F8545000F190042E
:106C20002846E0F705FC0C2812DB2846E0F700FCBC
:106C300000EB8000502101EB800046F26761C6F254
:106C4000666150FB01F0811101EBD07001E000BFE3
:106C5000012001B22046F8F759FF98F80000D8F853
:106C60000C10012801F1980002D1F8F7A1FD01E014
:106C7000F8F756FCD8F80C0002219830F8F73AFFE4
:106C800098F80000D8F80C10012801F1680003D131
:106C9000F8F78EFD02E000BFF8F742FCD8F80C00D0
:106CA000002100F168042046F8F704FE2046002188
:106CB000F8F704FE20460021F8F708FE20460021E0
:106CC000F8F7F0FDD8F80C0000216830F8F7FAFD6D
:106CD000D8F80C0000216830F8F7E8FD98F80000BB
:106CE000D8F80C10012801F1700003D1F8F760FD0D
:106CF00002E000BFF8F714FCD8F80C00D8F85450A4
:106D000098F8016000F170042846E0F791FB022E2C
:106D10000AD0012E10D11E2820DB2846E0F788FB80
:106D2000502101EBC0000FE0282817DB2846E0F7D0
:106D30007FFB00EB400004E078280FDB2846E0F7FB
:106D400077FB502101EB400046F26761C6F26661B5
:106D500050FB01F0811101EBD07000E0012005B281
:106D600020462946F8F7A6FD20462946F8F7A6FD55
:106D700020462946F8F7AAFD20462946F8F792FD55
:106D8000D8F80C00D8F8545098F8016000F170045D
:106D90002846E0F74DFB022E0AD0012E10D11E2806
:106DA00020DB2846E0F744FB502101EBC0000FE058
:106DB000282817DB2846E0F73BFB00EB400004E007
:106DC00078280FDB2846E0F733FB502101EB400029
:106DD00046F26761C6F2666150FB01F0811101EB7A
:106DE000D07000E0012001B22046F8F76BFDD8F822
:106DF0000C00D8F8545098F8016000F1700428464F
:106E0000E0F716FB022E0BD0012E11D11E2821DB3C
:106E10002846E0F70DFB502101EBC00010E000BF59
:106E2000282817DB2846E0F703FB00EB400004E0CE
:106E300078280FDB2846E0F7FBFA502101EB4000F1
:106E400046F26761C6F2666150FB01F0811101EB09
:106E5000D07000E0012001B22046F8F727FD98F835
:106E60000000D8F80C10012801F1280002D1F8F731
:106E70009FFC01E0F8F754FBD8F80C00B8F8581064
:106E80002830F8F7BBFCD8F80C004FF6FF7128301B
:106E9000F8F734FED8F80C00FF212830F8F7BAFCD8
:106EA00098F80000D8F80C10012801F1300003D147
:106EB000F8F77EFC02E000BFF8F732FBD8F80C00D0
:106EC000B8F858103030F8F799FCD8F80C00B8F83A
:106ED00058103030F8F712FED8F80C00332130305B
:106EE000F8F798FC98F80000D8F80C10012801F188
:106EF000380003D1F8F75CFC02E000BFF8F710FBA4
:106F0000D8F80C00B8F85A103830F8F777FCD8F8F1
:106F10000C004FF6FF713830F8F7F0FDD8F80C0090
:106F2000FF213830F8F776FC98F80000D8F80C10FC
:106F3000012801F1400003D1F8F73AFC02E000BF5C
:106F4000F8F7EEFAD8F80C00B8F85A104030F8F715
:106F500055FCD8F80C00B8F85A104030F8F7CEFDC0
:106F6000D8F80C0033214030F8F754FC98F80000B2
:106F7000D8F80C10012801F1480003D1F8F718FCEB
:106F800002E000BFF8F7CCFAD8F80C00B8F8081007
:106F90004830F8F733FCD8F80C00FF214830F8F7F8
:106FA00039FCD8F80C00B8F804104830F8F7A6FD02
:106FB00098F80000D8F80C10012801F1500003D116
:106FC000F8F7F6FB02E000BFF8F7AAFAD8F80C00D1
:106FD000B8F806105030F8F711FCD8F80C00FF2173
:106FE0005030F8F717FCD8F80C00B8F804105030FF
:106FF000F8F784FD98F80000D8F80C10012801F18A
:10700000B00003D1F8F7D4FB02E000BFF8F788FA2C
:10701000D8F80C0047F6FF71B030F8F753FD98F838
:107020000000D8F80C10012801F1B80002D1F8F7DF
:10703000BFFB01E0F8F774FAD8F80C000021B83073
:10704000F8F740FD98F80000D8F80C10012801F17D
:10705000C80003D1F8F7ACFB02E000BFF8F760FA14
:10706000D8F80C00D8F8545000F1C8042846E0F7CE
:10707000DFF9502810DB2846E0F7DAF900EB400092
:1070800046F267615030C6F2666150FB01F0811133
:1070900001EBD07001E000BF012001B22046F8F7FB
:1070A0003DFDD8F80C00D8F8545000F1C80428462B
:1070B000E0F7BEF950280FDB2846E0F7B9F900EBFE
:1070C000400046F267615030C6F2666150FB01F045
:1070D000811101EBD07000E0012001B22046F8F7E9
:1070E00019FD98F80000D8F80C10012801F1F00003
:1070F00002D1F8F75DFB01E0F8F712FAD8F80C00BE
:10710000B8F85810F030F8F779FBD8F80C00FF21E8
:10711000F030F8F77FFBD8F80C00D8F8545000F1A5
:10712000F0042846E0F784F9282811DB2846E0F728
:107130007FF900EB4000502101EB400046F267610F
:10714000C6F2666150FB01F0811101EBD07000E0E6
:10715000012005B220462946F8F7ACFB2046294617
:10716000F8F7ACFB20462946F8F7B0FB2046294645
:10717000F8F798FBD8F80C0047F6FF71F030F8F7F5
:10718000A1FC98F80000D8F80C10012801F1E000EB
:1071900002D1F8F70DFB01E0F8F7C2F9D8F80C00BE
:1071A000C821E030F8F71AFB98F80000D8F80C1066
:1071B000012801F1E80003D1F8F7FAFA02E000BF74
:1071C000F8F7AEF9D8F80C007821E830F8F706FBAC
:1071D00098F80000D8F80C10012801F5807003D150
:1071E000F8F7E6FA02E000BFF8F79AF9D8F80C00D1
:1071F000B8F8081000F58070F8F7F4FAD8F80C0029
:10720000D8F8545000F580742846E0F711F910289A
:1072100010DB2846E0F70CF9C0EB001046F267617E
:107220005030C6F2666150FB01F0811101EBD07065
:1072300001E000BF012001B22046F8F7DBFAD8F8E0
:107240000C00012100F58070F8F7D0FA98F80000E2
:10725000D8F80C10012801F5847003D1F8F7A8FACA
:1072600002E000BFF8F75CF9D8F80C00B8F8581045
:1072700000F58470F8F7B6FA98F80000D8F80C100A
:10728000012801F5987003D1F8F792FA02E000BFE7
:10729000F8F746F9D8F80C004FF4827100F59870B1
:1072A000F8F7E8FA98F80000D8F80C10012801F572
:1072B0009C7003D1F8F77CFA02E000BFF8F730F9D0
:1072C000D8F80C00D8F8545000F59C742846E0F724
:1072D000AFF8502810DB2846E0F7AAF800EB400092
:1072E00046F267615030C6F2666150FB01F08111D1
:1072F00001EBD07001E000BF012005B22046294615
:10730000F8F7D8FA20462946F8F7D8FA2046294651
:10731000F8F7DCFA20462946F8F7C4FAD8F80C004A
:10732000D8F8545000F59C742846E0F781F8782886
:1073300010DB2846E0F77CF8502101EB400046F2D4
:107340006761C6F2666150FB01F0811101EBD070FC
:1073500001E000BF012001B22046F8F76FFAD8F82B
:107360000C00B8F8581000F59C70F8F757FAD8F8E8
:107370000C00B8F8061000F59C70F8F73FFAD8F842
:107380000C00FF2100F59C70F8F744FAD8F80C00C7
:10739000D8F8545098F8016000F59C742846E0F73E
:1073A00047F8012E0AD114281ADB2846E0F740F8E6
:1073B00000EB4000502101EB800007E01E280FDBAE
:1073C0002846E0F735F8502101EBC00046F267612E
:1073D000C6F2666150FB01F0811101EBD07000E054
:1073E000012081B200EBD13000B241102046F8F705
:1073F00069FB98F80000D8F80C10012801F5A0707E
:1074000002D1F8F7D5F901E0F8F78AF8D8F80C00BE
:107410000FF6506100F5A070F8F7F8F9D8F80C00F5
:107420004FF6FF7100F5A070F8F768FBD8F80C0074
:10743000D8F85C1000F5A070F8F764FB98F800002D
:10744000D8F80C10012801F5A47003D1F8F7B0F9B1
:1074500002E000BFF8F764F8D8F80C00D8F85450F0
:1074600000F5A4742846DFF7E3FF3C284FF6FF70D1
:107470000CDB2846DFF7DCFF502101EB80004FF0EA
:10748000993150FB01F0811101EBD07005B220461B
:107490002946F8F70FFA20462946F8F70FFA204652
:1074A0002946F8F713FA20462946F8F7FBF9D8F8E9
:1074B0000C004FF6FF7100F5A470F8F79FF998F8EB
:1074C0000000D8F80C10012801F5A87002D1F8F7D7
:1074D0006FF901E0F8F724F8D8F80C00012100F565
:1074E000A870F8F7C3F9D8F80C00B8F8041000F544
:1074F000A870F8F7B7F998F80000D8F80C10012830
:1075000001F5947002D1F8F753F901E0F8F708F8A3
:10751000D8F80C00002100F59470F8F787F9D8F836
:107520000C00D8F8545000F594742846DFF780FF1B
:10753000182811DB2846DFF77BFF00EB8000502185
:1075400001EB400046F26761C6F2666150FB01F054
:10755000811101EBD07000E0012001B22046F8F764
:10756000A5F9D8F80C00B8F8081000F59470F8F7F1
:1075700079F998F80000D8F80C10012801F5887006
:1075800002D1F8F715F901E0F7F7CAFFD8F80C00B7
:10759000D8F8545000F588742846DFF749FF502882
:1075A00010DB2846DFF744FF00EB400046F267613E
:1075B0005030C6F2666150FB01F0811101EBD070D2
:1075C00001E000BF012001B22046F8F74FF9D8F8DA
:1075D0000C00D8F8545000F588742846DFF728FFCF
:1075E00050280FDB2846DFF723FF00EB400046F270
:1075F00067615030C6F2666150FB01F0811101EB0A
:10760000D07000E0012001B22046F8F75BFAD8F80C
:107610000C00D8F8545000F588742846DFF708FFAE
:107620001E280FDB2846DFF703FF502101EBC000C7
:1076300046F26761C6F2666150FB01F0811101EB11
:10764000D07000E0012005B220462946F8F76EFA16
:1076500020462946F8F702F9D8F80C00D8F854501B
:1076600000F588742846DFF7E3FE782810DB28460B
:10767000DFF7DEFE502101EB400046F26761C6F203
:10768000666150FB01F0811101EBD07001E000BF99
:10769000012001B22046F8F709F998F80000D8F85F
:1076A0000C10012801F58C7002D1F8F781F801E087
:1076B000F7F736FFD8F80C0047F6FF7100F58C702D
:1076C000F8F700FAD8F80C00D8F8545000F58C748C
:1076D0002846DFF7ADFE1E2810DB2846DFF7A8FEA0
:1076E000502101EBC00046F26761C6F2666150FBB3
:1076F00001F0811101EBD07001E000BF012005B263
:1077000020462946F8F712FA20462946F8F7A6F847
:10771000D8F80C00B8F8581000F58C70F8F76EF82F
:10772000D8F80C00FF2100F58C70F8F773F898F882
:107730000000D8F80C10012801F5907002D1F8F77C
:1077400037F801E0F7F7ECFED8F80C00D8F8545001
:1077500000F590742846DFF76BFEF0280EDB284614
:10776000DFF766FE46F267615030C6F2666150FB95
:1077700001F0811101EBD07001E000BF012001B2E6
:107780002046F8F773F8D8F80C00B8F8041000F5A4
:107790009070F8F767F8D8F80C00D8F8545000F556
:1077A00090742846DFF744FE78280FDB2846DFF781
:1077B0003FFE502101EB400046F26761C6F2666170
:1077C00050FB01F0811101EBD07000E0012005B207
:1077D00020462946F8F76EF820462946F8F76EF855
:1077E00020462946F8F772F820462946F8F75AF855
:1077F000D8F80C0000F590741220F6F703F881B267
:107800002046F8F77BF998F80000D8F80C1001280A
:1078100001F5D07002D1F7F7CBFF01E0F7F780FE5A
:10782000D8F80C00002100F5D0742046F8F742F893
:1078300020460021F8F742F820460021F8F746F8E4
:1078400020460021F8F72EF8D8F80C00002100F5AA
:10785000D0742046F8F736F820460021F8F726F8CD
:10786000D8F80C00002100F5D070F8F72BF9D8F803
:107870000C00012100F5D070F7F7E4FFD8F80C00F8
:10788000002100F5D070F7F7D5FF98F80000D8F880
:107890000C10012801F5EC7002D1F7F789FF01E027
:1078A000F7F73EFED8F80C00D8F8545098F801606D
:1078B00000F5EC742846DFF7BBFD012E0AD1142831
:1078C0001ADB2846DFF7B4FD00EB4000502101EB46
:1078D000800007E01E280FDB2846DFF7A9FD5021B6
:1078E00001EBC00046F26761C6F2666150FB01F031
:1078F000811101EBD07000E0012001B22046F8F7C1
:10790000E1F8D8F80C00012100F5EC70F7F79AFFC8
:10791000D8F80C00FF2100F5EC70F7F77BFFD8F8E2
:107920000C00B8F8061000F5EC70F7F767FFD8F810
:107930000C00B8F8041000F5EC70F8F7DFF898F8D0
:107940000000D8F80C10012801F5D47002D1F7F727
:107950002FFF01E0F7F7E4FDD8F80C00D8F85450F9
:1079600098F8016000F5D4742846DFF761FD022E17
:1079700006D0012E08D111281ADD0E2607E000BF1F
:10798000132815DD0C2602E0182811DB0A262846EC
:10799000DFF74EFD502116FB001046F26761C6F27C
:1079A000666150FB01F0811101EBD07001E000BF76
:1079B000012005B220462946F7F77CFF20462946DC
:1079C000F7F77CFFD8F80C00D8F8545098F801600D
:1079D00000F5D4742846DFF72BFD022E06D0012EC9
:1079E00008D111281ADD0E2607E000BF132815DD87
:1079F0000C2602E0182811DB0A262846DFF718FDBE
:107A0000502116FB001046F26761C6F2666150FB1A
:107A100001F0811101EBD07001E000BF012005B23F
:107A200020462946F7F752FF20462946F7F73AFF46
:107A3000D8F80C00D8F8545098F8016000F5D474C8
:107A40002846DFF7F5FC022E06D0012E08D11128BA
:107A50001ADD0E2607E000BF132815DD0C2602E014
:107A6000182811DB0A262846DFF7E2FC502116FB16
:107A7000001046F26761C6F2666150FB01F08111A9
:107A800001EBD07001E000BF012005B2204629467D
:107A9000F7F718FF20462946F7F708FFD8F80C003B
:107AA000D8F8545000F5D4742846DFF7C1FCF0280C
:107AB0000EDB2846DFF7BCFC46F267615030C6F2A9
:107AC000666150FB01F0811101EBD07001E000BF55
:107AD000012001B22046F7F7B1FED8F80C001921B9
:107AE00000F5D470F7F79EFED8F80C00B8F8041033
:107AF00000F5D470F7F792FED8F80C00002100F5DD
:107B0000D470F7F797FE98F80000D8F80C10012809
:107B100001F5D87002D1F7F74BFE01E0F7F700FD51
:107B2000D8F80C00002100F5D8742046F7F7C2FE03
:107B300020460021F7F7C2FE20460021F7F7C6FED7
:107B400020460021F7F7AEFED8F80C00002100F522
:107B5000D8742046F7F7B6FE20460021F7F7A6FEB8
:107B6000D8F80C00D8F8545000F5D8742846DFF740
:107B70005FFCF0280EDB2846DFF75AFC46F267610F
:107B80005030C6F2666150FB01F0811101EBD070FC
:107B900001E000BF012001B22046F7F74FFED8F800
:107BA0000C00192100F5D870F7F73CFED8F80C004E
:107BB000B8F8041000F5D870F7F730FED8F80C00CC
:107BC000082100F5D870F7F735FE98F80000D8F8CE
:107BD0000C10012801F5DC7002D1F7F7E9FD01E096
:107BE000F7F79EFCD8F80C00002100F5DC74204665
:107BF000F7F760FE20460021F7F760FE20460021DF
:107C0000F7F764FE20460021F7F74CFED8F80C0089
:107C1000002100F5DC742046F7F754FE20460021D1
:107C2000F7F744FE98F80000D8F80C10012801F589
:107C3000E47003D1F7F7BCFD02E000BFF7F770FC7A
:107C4000D8F80C00D8F8545098F8016000F5E474A6
:107C50002846DFF7EDFB022E06D0012E08D11128B1
:107C60001ADD0E2607E000BF132815DD0C2602E002
:107C7000182811DB0A262846DFF7DAFB502116FB0D
:107C8000001046F26761C6F2666150FB01F0811197
:107C900001EBD07001E000BF012005B2204629466B
:107CA000F7F708FE20462946F7F708FED8F80C003B
:107CB000D8F8545098F8016000F5E4742846DFF7CE
:107CC000B7FB022E0AD0012E10D11E2820DB284639
:107CD000DFF7AEFB502101EBC0000FE0282817DBD7
:107CE0002846DFF7A5FB00EB400004E078280FDB17
:107CF0002846DFF79DFB502101EB400046F267610B
:107D0000C6F2666150FB01F0811101EBD07000E01A
:107D1000012005B220462946F7F7D8FD204629461E
:107D2000F7F7C0FDD8F80C00D8F8545098F8016067
:107D300000F5E4742846DFF77BFB022E06D0012E07
:107D400008D111281ADD0E2607E000BF132815DD23
:107D50000C2602E0182811DB0A262846DFF768FB0C
:107D6000502116FB001046F26761C6F2666150FBB7
:107D700001F0811101EBD07001E000BF012005B2DC
:107D800020462946F7F79EFD20462946F7F78EFD47
:107D900098F80000D8F80C10012801F5E87003D11C
:107DA000F7F706FD02E000BFF7F7BAFBD8F80C00C2
:107DB000D8F8545098F8016000F5E8742846DFF7C9
:107DC00037FB022E0AD0012E10D11E2820DB2846B8
:107DD000DFF72EFB502101EBC0000FE0282817DB56
:107DE0002846DFF725FB00EB400004E078280FDB96
:107DF0002846DFF71DFB502101EB400046F267618A
:107E0000C6F2666150FB01F0811101EBD07000E019
:107E1000012005B220462946F7F74CFD20462946A9
:107E2000F7F74CFDD8F80C00D8F8545098F80160DA
:107E300000F5E8742846DFF7FBFA022E0AD0012E7F
:107E400010D11E2820DB2846DFF7F2FA502101EB83
:107E5000C0000FE0282817DB2846DFF7E9FA00EB1F
:107E6000400004E078280FDB2846DFF7E1FA5021D4
:107E700001EB400046F26761C6F2666150FB01F01B
:107E8000811101EBD07000E0012005B220462946A7
:107E9000F7F71CFD20462946F7F704FDD8F80C003B
:107EA000002100F5E870F7F719FED8F80C00002162
:107EB00000F5E870F7F7AEFCD8F80C00B8F804103D
:107EC00000F5E870F7F71AFE98F80000D8F80C10E3
:107ED000012801F5E07003D1F7F76AFC02E000BF6A
:107EE000F7F71EFBD8F80C00002100F5E0742046DF
:107EF000F7F7E0FC20460021F7F7E0FCD8F80C008B
:107F0000002100F5E0742046F7F7DCFC2046002154
:107F1000F7F7CCFC98F80000D8F80C10012801F510
:107F2000F07003D1F7F744FC02E000BFF7F7F8FA6E
:107F3000D8F80C00332100F5F070F7F76BFCD8F897
:107F40000C0000F5F0741220F5F75CFC81B22046BD
:107F5000F7F754FC98F80000D8F80C10012801F548
:107F6000F47003D1F7F724FC02E000BFF7F7D8FA6A
:107F7000D8F80C00002100F5F470F7F74BFCD8F8A6
:107F80000C00D8F8545098F8016000F5F4742846B5
:107F9000DFF74EFA022E0BD0012E11D11E2821DB65
:107FA0002846DFF745FA502101EBC00010E000BF82
:107FB000282817DB2846DFF73BFA00EB400004E0F7
:107FC00078280FDB2846DFF733FA502101EB400019
:107FD00046F26761C6F2666150FB01F0811101EB68
:107FE000D07000E0012005B220462946F7F76EFC6C
:107FF00020462946F7F756FC98F80000D8F80C10F0
:10800000012801F5B07003D1F7F7D2FB02E000BF01
:10801000F7F786FAD8F80C00D8F8545000F5B07489
:108020002846DFF705FA302810DB2846DFF700FA8C
:1080300000EB800046F267615030C6F2666150FB8B
:1080400001F0811101EBD07001E000BF012001B20D
:108050002046F7F70BFCD8F80C00B8F8041000F530
:10806000B070F7F7FFFBD8F80C00D8F8545000F5C3
:10807000B0742846DFF7DCF90C2811DB2846DFF75F
:10808000D7F900EB8000502101EB800046F26761D8
:10809000C6F2666150FB01F0811101EBD07000E087
:1080A000012005B220462946F7F740FD2046294623
:1080B000F7F7D4FBD8F80C00D8F8545000F5B0749A
:1080C0002846DFF7B5F9102810DB2846DFF7B0F9AE
:1080D000C0EB001046F267615030C6F2666150FB9B
:1080E00001F0811101EBD07001E000BF012001B26D
:1080F0002046F7F7DFFB98F80000D8F80C100128AD
:1081000001F5B47002D1F7F753FB01E0F7F708FA75
:10811000D8F80C0047F6FF7100F5B470F7F7D2FC01
:10812000D8F80C00B8F8041000F5B470F7F766FB47
:10813000D8F80C00FF2100F5B470F7F76BFBD8F806
:108140000C00D8F8545000F5B4742846DFF770F9E5
:1081500010280FDB2846DFF76BF9C0EB001046F262
:1081600067615030C6F2666150FB01F0811101EB8E
:10817000D07000E0012005B220462946F7F7D6FC72
:1081800020462946F7F76AFB98F80000D8F80C104B
:10819000012801F5AC7003D1F7F70AFB02E000BF3C
:1081A000F7F7BEF9D8F80C00D8F8545000F5AC74C5
:1081B0002846DFF73DF9F0280EDB2846DFF738F9CF
:1081C00046F267615030C6F2666150FB01F08111E2
:1081D00001EBD07001E000BF012001B22046F7F7AB
:1081E0002DFBD8F80C00B8F8081000F5AC70F7F7C4
:1081F00015FBD8F80C00032100F5AC70F7F71AFB5B
:1082000098F80000D8F80C10012801F5B87003D1D7
:10821000F7F7CEFA02E000BFF7F782F9D8F80C00C2
:10822000B8F8041000F5B870F7F7F8FAD8F80C00B1
:10823000D8F8545000F5B8742846DFF7F9F87828D4
:1082400012DB2846DFF7F4F8502101EB400046F23C
:108250006761C6F2666150FB01F0811101EBD070DD
:1082600003E000BFEF808C00012001B22046F7F749
:10827000E5FAD8F80C00D8F8545000F5B874284640
:10828000DFF7D6F8F0284FF6FF700ADB2846DFF755
:10829000CFF850304FF0993150FB01F0811101EBD4
:1082A000D07001B22046F7F705FBD8F80C00042186
:1082B00000F5B870F7F7BEFAD8F80C004FF4C871A3
:1082C00000F5B870F7F78AFA98F80000D8F80C10A3
:1082D000012801F5BC7003D1F7F76AFA02E000BF8C
:1082E000F7F71EF998F86800D8F80C10C00701F5E8
:1082F000BC744FF0120003D10121F5F76BFA02E0D4
:108300000221F5F753FA81B22046F7F7F7FB98F808
:108310000000D8F80C10012801F5C07002D1F7F761
:1083200047FA01E0F7F7FCF8D8F80C00D8F85450F9
:1083300098F8016000F5C0742846DFF779F8022E3E
:1083400006D0012E08D111281ADD0E2607E000BF45
:10835000132815DD0C2602E0182811DB0A26284612
:10836000DFF766F8502116FB001046F26761C6F28F
:10837000666150FB01F0811101EBD07001E000BF9C
:10838000012005B220462946F7F794FA20462946EF
:10839000F7F794FA20462946F7F798FA2046294637
:1083A000F7F780FAD8F80C00D8F8545098F8016024
:1083B00000F5C0742846DFF73BF8022E06D0012EE8
:1083C00008D111281ADD0E2607E000BF132815DD9D
:1083D0000C2602E0182811DB0A262846DFF728F8C9
:1083E000502116FB001046F26761C6F2666150FB31
:1083F00001F0811101EBD07001E000BF012081B2DA
:1084000000EBD13000B2451020462946F7F75AFA62
:1084100020462946F7F74AFA98F80000D8F80C10D9
:10842000012801F5C47003D1F7F7C2F902E000BFDB
:10843000F7F776F8D8F80C00D8F8545000F5C47463
:108440002846DEF7F5FFF0280EDB2846DEF7F0FFC2
:1084500046F267615030C6F2666150FB01F081114F
:1084600001EBD07001E000BF012001B22046F7F718
:10847000E5F9D8F80C00B8F8081000F5C470F7F763
:10848000CDF9D8F80C00B8F8061000F5C470F7F76D
:10849000B5F9D8F80C00332100F5C470F7F7BAF934
:1084A00098F80000D8F80C10012801F5C87003D125
:1084B000F7F77EF902E000BFF7F732F8D8F80C00C2
:1084C000D8F8545098F8016000F5C8742846DEF7D3
:1084D000AFFF022E06D0012E08D111281ADD0E267C
:1084E00007E000BF132815DD0C2602E0182811DB79
:1084F0000A262846DEF79CFF502116FB001046F2A4
:108500006761C6F2666150FB01F0811101EBD0702A
:1085100001E000BF012005B220462946F7F7CAF95D
:1085200020462946F7F7CAF9D8F80C00D8F8545075
:1085300098F8016000F5C8742846DEF779FF022E2E
:1085400006D0012E08D111281ADD0E2607E000BF43
:10855000132815DD0C2602E0182811DB0A26284610
:10856000DEF766FF502116FB001046F26761C6F287
:10857000666150FB01F0811101EBD07001E000BF9A
:10858000012001B22046F7F7A1F9D8F80C00D8F87D
:10859000545098F8016000F5C8742846DEF748FF8B
:1085A000022E0BD0012E11D11E2821DB2846DEF72A
:1085B0003FFF502101EBC00010E000BF282817DB6F
:1085C0002846DEF735FF00EB400004E078280FDB9B
:1085D0002846DEF72DFF502101EB400046F267618F
:1085E000C6F2666150FB01F0811101EBD07000E032
:1085F000012001B22046F7F755F9D8F80C00D8F859
:10860000545098F8016000F5C8742846DEF710FF52
:10861000022E05D0012E07D1112819DD0E2606E005
:10862000132815DD0C2602E0182811DB0A2628463F
:10863000DEF7FEFE502116FB001046F26761C6F21F
:10864000666150FB01F0811101EBD07001E000BFC9
:10865000012005B220462946F7F734F9204629467D
:10866000F7F724F998F80000D8F80C10012801F564
:10867000CC7003D1F7F79CF802E000BFF6F750FF8B
:10868000D8F80C00D8F8545000F5CC742846DEF722
:10869000CFFE182812DB2846DEF7CAFE00EB80006A
:1086A000502101EB400046F26761C6F2666150FB63
:1086B00001F0811101EBD07001E000BF012001B297
:1086C0002046F7F797F898F80000D8F80C10012822
:1086D00001F5FC7002D1F7F76BF801E0F6F720FF27
:1086E000D8F80C00D8F8545000F5FC742846DEF792
:1086F0009FFE3C2810DB2846DEF79AFE502101EB56
:10870000800046F26761C6F2666150FB01F081119C
:1087100001EBD07001E000BF012005B220462946E0
:10872000F7F7C8F820462946F7F7C8F82046294643
:10873000F7F7CCF820462946F7F7B4F898F8000088
:10874000D8F80C10012801F5F87003D1F7F730F8CC
:1087500002E000BFF6F7E4FED8F80C0042F2640134
:1087600000F5F870F7F78AF898F80000D8F80C10C0
:10877000012801F5007003D1F7F71AF802E000BFF5
:10878000F6F7CEFED8F80C0000F500741220F5F7CD
:1087900039F881B22046F7F731F8D8F80C007F217C
:1087A00000F50070F7F736F898F80000D8F80C10CC
:1087B000012801F5027003D1F6F7FAFF02E000BFCD
:1087C000F6F7AEFED8F80C00002100F50270F7F7BE
:1087D0008DF9D8F80C00D8F8545098F8016000F5DD
:1087E00002742846DEF724FE012E13D0032E1DD17D
:1087F0001E282FDB2846DEF71BFE502101EBC000B0
:1088000046F26761C6F2666150FB01F0811101EB2F
:10881000D07020E014281BDB2846DEF709FE00EBB1
:108820004000502101EB800008E000BF1E280FDB54
:108830002846DEF7FDFD502101EBC00046F26761DE
:10884000C6F2666150FB01F0811101EBD07007E0C8
:10885000012005E0012081B200EBD13000B24010D0
:1088600001B22046F7F72EF998F80000D8F80C105E
:10887000012801F50E7003D1F6F79AFF02E000BF60
:10888000F6F74EFED8F80C00B8F8581000F50E7048
:10889000F6F7C4FFD8F80C00D8F8545000F50E7461
:1088A0002846DEF7C5FD782810DB2846DEF7C0FD38
:1088B000502101EB400046F26761C6F2666150FB51
:1088C00001F0811101EBD07001E000BF01204000F8
:1088D00001B22046F6F7B2FFD8F80C00012100F5EE
:1088E0000E70F6F7A7FF98F80000D8F80C100128D2
:1088F00001F50C7002D1F6F75BFF01E0F6F710FE10
:10890000D8F80C00D8F8545000F50C742846DEF75F
:108910008FFD78280CDB2846DEF78AFD502101EB1D
:1089200040004FF0993150FB01F0811101EBD079FB
:108930000FFA89F12046F6F7ADFF98F80000D8F855
:108940000C10012801F5047002D1F6F731FF01E0A7
:10895000F6F7E6FDD8F80C00D8F8545098F8016006
:1089600000F504742846DEF763FD022E0CD0012EBC
:1089700016D10A2826DB2846DEF75AFD00EB400018
:10898000502101EBC00013E00C281BDB2846DEF76A
:108990004FFD00EB8000502101EB800008E000BF9C
:1089A0000F280FDB2846DEF743FD502101EB0010B6
:1089B00046F26761C6F2666150FB01F0811101EB7E
:1089C000D07000E0012005B220462946F6F772FF7C
:1089D00020462946F6F772FFD8F80C00002100F572
:1089E00004742046F6F772FF20460021F6F75AFF7E
:1089F000D8F80C00002100F504742046F6F762FF59
:108A000020460021F6F752FFD8F80C00012100F5AE
:108A10000470F6F717FF98F80000D8F80C1001283A
:108A200001F5067002D1F6F7C3FE01E0F6F778FD16
:108A3000D8F80C00D8F8545000F506742846DEF734
:108A4000F7FCF0280EDB2846DEF7F2FC46F2676101
:108A50005030C6F2666150FB01F0811101EBD0701D
:108A600001E000BF012001B22046F6F7E7FED8F88A
:108A70000C00B8F8081000F50670F6F7CFFED8F82D
:108A80000C00012100F50670F6F7D4FED8F80C00B2
:108A9000D8F8545098F8016000F506742846DEF7BF
:108AA000C7FC022E06D0012E08D111281ADD0E2691
:108AB00007E000BF132815DD0C2602E0182811DBA3
:108AC0000A262846DEF7B4FC502116FB001046F2B9
:108AD0006761C6F2666150FB01F0811101EBD07055
:108AE00001E000BF012005B220462946F6F7E2FE6C
:108AF00020462946F6F7E2FE20462946F6F7E6FE2E
:108B000020462946F6F7CEFED8F80C00D8F8545087
:108B100098F8016000F506742846DEF789FC022EFD
:108B200006D0012E08D111281ADD0E2607E000BF5D
:108B3000132815DD0C2602E0182811DB0A2628462A
:108B4000DEF776FC502116FB001046F26761C6F294
:108B5000666150FB01F0811101EBD07001E000BFB4
:108B6000012001B22046F6F7A1FE98F80000D8F8DF
:108B70000C10012801F5087002D1F6F719FE01E08A
:108B8000F6F7CEFCD8F85440D8F80C5098F80160AD
:108B90002046DEF74DFC022E0CD0012E16D10A28FD
:108BA00026DB2046DEF744FC00EB4000502101EBC1
:108BB000C00013E00C281BDB2046DEF739FC00EB7D
:108BC0008000502101EB800008E000BF0F280FDB80
:108BD0002046DEF72DFC502101EB001046F26761C4
:108BE000C6F2666150FB01F0811101EBD07100E02B
:108BF000012105F5087009B2F6F790FF98F800001A
:108C0000D8F80C10012801F5107003D1F6F7D0FD4B
:108C100002E000BFF6F784FCD8F80C00FF2100F555
:108C20001070F6F7F7FDD8F80C004FF6FF7100F55D
:108C30001070F6F7E3FDD8F80C0000F51074122060
:108C4000F4F7E0FD81B22046F6F7DCFDD8F80C0021
:108C500047F6FF7100F51070F6F734FFD8F80C00F6
:108C6000D8F8545000F510742846DEF7E1FB1028C0
:108C700010DB2846DEF7DCFBC0EB001046F2676134
:108C80005030C6F2666150FB01F0811101EBD070EB
:108C900001E000BF012001B22046F6F727FFD8F817
:108CA0000C004FF6FF7100F51070F6F70FFFD8F8C3
:108CB0005440D8F80C502046DEF7BAFB30280FDBC2
:108CC0002046DEF7B5FB00EB800046F267615030CE
:108CD000C6F2666150FB01F0811101EBD07100E03A
:108CE000012105F5107009B202B0BDE8F047F6F7B2
:108CF000F9BE0000F0B581B008460C46F1F79AF8CD
:108D0000002800F0B18740F69001C0F6040120462B
:108D1000F0F7D8F870B12046F1F78CF840F6EC2166
:108D2000C0F604010546F0F7CDF8002870D001B078
:108D3000F0BD00BF40F22C51C0F604012046F0F710
:108D4000C1F800287AD040F21835C2F20005E86870
:108D5000002200F120012046EFF7CCFBE86800225A
:108D600000F128012046EFF7C5FBE868002200F17A
:108D7000D0012046EFF7BEFBE868202200F1580141
:108D80002046EFF7B7FBE868202200F1D801204623
:108D9000EFF7B0FBE868042200F1A0012046EFF7EE
:108DA000A9FBE868202200F1C8012046EFF7A2FBEA
:108DB000E868012200F138012046EFF79BFBE868E4
:108DC000802200F160012046EFF794FB2046F1F786
:108DD00031F840F62001C0F60401F0F773F850B9FD
:108DE0002046F1F727F840F29471C0F60401F0F73D
:108DF00069F800289BD0E868002200F5E871204659
:108E0000EFF778FB20254FF4F07000F042BF00BF71
:108E10002846F1F70FF840F6EC21C0F60401F0F710
:108E200051F8C8B140F21836C2F20006F068402589
:108E3000C0F2010500F1800100F01EBF40F2D061D8
:108E4000C0F604012046F0F73DF828B300254FF4A2
:108E5000A87000F01EBF00BF2046F0F799FF002861
:108E600072D12046F0F7E6FF40F65C31C0F604010F
:108E7000F0F728F8002867D040F21830C2F200005E
:108E8000C068002200F1480120460025EFF732FBC0
:108E9000702000F0FEBE00BF40F24851C0F6040151
:108EA0002046F0F70FF8002800F0848004252046C3
:108EB000C0F20505F0F7BEFF40F67401C0F60401EC
:108EC000F0F700F8002800F0AB8040F21836C2F24C
:108ED0000006F068002200F5FC712046EFF70AFB5F
:108EE000F068002200F188012046EFF703FBF068EC
:108EF0004FF4A02200F120012046EFF7FBFAF068C2
:108F000005F11C0200F158012046EFF7F3FAF06872
:108F100005F17C0200F160012046EFF7EBFAF06802
:108F200000F128010122C0F205022046EFF7E2FA23
:108F3000F0682A4600F130012046EFF7DBFA0435ED
:108F4000402000F0A6BE00BF2046F0F721FF012818
:108F500018D12046F0F76EFF40F65C31C0F60401F0
:108F6000EFF7B0FF70B140F21836C2F20006F168B8
:108F7000402520460022C0F20105EFF7BBFAF06859
:108F800058E700BF2046F0F755FF40F26451C0F6A5
:108F90000401EFF797FF00287FF4C9AE40F21836BE
:108FA000C2F20006F0684025C0F2010500F1180188
:108FB00000F062BE40F21051C0F604012046EFF707
:108FC00081FF00287CD040F21835C2F20005E86825
:108FD000002200F130012046EFF78CFAE868002209
:108FE00000F1B0012046EFF785FAE868042200F1AD
:108FF000A0012046EFF77EFAE868082200F1A801F8
:109000002046EFF777FAE8684FF4003200F12801C4
:1090100020464FF40035EFF76DFAB02000F039BE6E
:109020002046F0F707FF40F6EC21C0F60401EFF709
:1090300049FF002800F09C8040F21837C2F2000778
:10904000F868002200F150012046EFF753FAF86863
:10905000042200F1A0012046EFF74CFAF868042240
:1090600000F50C712046EFF745FAF86805F11C028F
:1090700000F158012046EFF73DFAF8680126C0F2EA
:10908000050600F1300120463246EFF733FAF86862
:10909000324600F50E712046EFF72CFAF8682A46A2
:1090A00000F1A0012046EFF725FAF8682A1D00F12B
:1090B000A8012046EFF71EFA4FF40C7000F0E9BD4E
:1090C00040F66021C0F604012046EFF7FBFE0028C1
:1090D00000F08A8040F21836C2F20006F0682025BF
:1090E00000F1300120460022C0F20305EFF702FA3A
:1090F000F068002200F1B0012046EFF7FBF9F068BC
:10910000042200F1A0012046EFF7F4F9F0680822EC
:1091100000F1A8012046EFF7EDF9F0684FF40032B6
:1091200000F128012046EFF7E5F9F0684FF400322E
:1091300000F1B0012046EFF7DDF9F0684FF440325E
:1091400000F1F0012046EFF7D5F9F0682A4600F16A
:10915000C8012046EFF7CEF9F0684FF4403200F135
:10916000D0012046EFF7C6F9D82000F092BD00BF2D
:109170002046F0F75FFE40F26451C0F60401EFF7BD
:10918000A1FE40F21836C2F20006F168002800F095
:109190009B8001F5C07120460022EFF7ABF9F06823
:1091A000042200F1A0012046EFF7A4F9F06808229C
:1091B00000F1A8012046EFF79DF9F0684FF4A022D6
:1091C00000F5C4712046EFF795F9F06805F11C022F
:1091D00000F158012046EFF78DF9F06805F17C02A7
:1091E00000F16001A1E000BF40F6D021C0F604010B
:1091F0002046EFF767FE002800F0A68040F2183600
:10920000C2F20006F068002200F118012046EFF7D4
:1092100071F9F068002200F168012046EFF76AF961
:10922000F068002200F1B8012046EFF763F9F0681A
:10923000042200F1A0012046EFF75CF9F068082253
:1092400000F1A8012046EFF755F9F0684FF480329D
:1092500000F108012046EFF74DF9F068402200F1D7
:109260001001C0F201022046EFF744F9F0684FF414
:10927000A02200F150012046EFF73CF9F0684FF4CE
:10928000A02200F5AC712046EFF734F9F0684FF4F6
:10929000A02200F180012046EFF72CF9F0680425A8
:1092A000C0F2050500F1580105F11C022046EFF758
:1092B00021F9F0682A4600F128012046EFF71AF953
:1092C0000435382000F0E5BC183120460022EFF7C5
:1092D00011F9F068042200F1A0012046EFF70AF925
:1092E000F068082200F1A8012046EFF703F9F068C2
:1092F0004FF4A02200F120012046EFF7FBF8F068C0
:1093000005F17C0200F160012046EFF7F3F8F06808
:1093100005F11C0200F158012046EFF7EBF8F06868
:10932000012200F12801C0F205022046EFF7E2F821
:10933000F0682A4600F1A0012046EFF7DBF804357B
:10934000A82000F0A6BC00BF40F2D451C0F6040132
:109350002046EFF7B7FD00284ED040F21837C2F292
:109360000007F868002200F188012046EFF7C2F8F4
:10937000F868042200F1A0012046EFF7BBF8F86876
:109380000126C0F2020600F1600106F17F022046CC
:10939000EFF7B0F8F8684FF4003200F59C71204602
:1093A0004FF40035EFF7A6F8F868324600F12801CF
:1093B0002046EFF79FF8F868324600F5A071204686
:1093C000EFF798F8F8681F3600F15801204632464A
:1093D000EFF790F8F868324600F1C8012046EFF741
:1093E00089F8F868324600F1D8012046EFF782F894
:1093F000D02000F04EBC00BF40F6B421C0F60401FE
:109400002046EFF75FFD00286AD040F21837C2F21D
:109410000007F868002200F148012046EFF76AF8DB
:10942000F868002200F1B0012046EFF763F8F86811
:10943000002200F1E8012046EFF75CF8F86880228E
:1094400000F160012046EFF755F8F868042200F1BA
:10945000A0012046EFF74EF8F8680126C0F2020698
:1094600000F1280120463246EFF744F8F8684FF43F
:10947000003200F1B00120464FF40035EFF73AF822
:10948000F86806F17F0200F160012046EFF732F83C
:10949000F8684FF4403200F1F0012046EFF72AF867
:1094A000F8684FF4403200F150012046EFF722F8FF
:1094B000F8684FF4403200F5A4712046EFF71AF82F
:1094C000F86800F160012020C0F2030000F16002A2
:1094D0002046EFF70FF8F868324600F1D80140E671
:1094E00040F2B851C0F604012046EFF7EBFC00282B
:1094F00046D040F21835C2F20005E868002200F1BB
:1095000018012046EEF7F6FFE868002200F1780126
:109510002046EEF7EFFFE868002200F59471204640
:10952000EEF7E8FFE8684FF4803200F108012046CA
:10953000EEF7E0FFE868402200F11001C0F20102FE
:109540002046EEF7D7FFE8684FF4A02200F58871B7
:109550002046EEF7CFFFE8684FF4003200F58C713B
:109560002046EEF7C7FFE8684FF4C02200F590717F
:109570002046EEF7BFFF4FF4E0254FF4887088E3F4
:1095800040F62821C0F604012046EFF79BFC88B383
:1095900040F21835C2F20005E868002200F1180117
:1095A0002046EEF7A7FFE868002200F1E001204620
:1095B000EEF7A0FFE868002200F190012046EEF7E8
:1095C00099FFE868002200F198012046EEF792FF2B
:1095D000E868042200F1A0012046EEF78BFFE8685E
:1095E000082200F1A8012046EEF784FF4FF4802501
:1095F00028204EE340F20C61C0F604012046EFF74C
:1096000061FCC8B340F21835C2F20005E8680022D8
:1096100000F118012046EEF76DFFE868002200F126
:1096200078012046EEF766FFE868002200F1D001DD
:109630002046EEF75FFFE868202200F1D8012046BF
:10964000EEF758FFE868202200F158012046EEF7B7
:1096500051FFE868042200F1A0012046EEF74AFF1E
:10966000E868082200F1A8012046EEF743FF4FF416
:109670000035D8200DE300BF40F22861C0F6040198
:109680002046EFF71FFC002848D040F21835C2F200
:109690000005E868002200F118012046EEF72AFFD5
:1096A000E868002200F1C0012046EEF723FFE868D9
:1096B000002200F190012046EEF71CFFE86800222E
:1096C00000F598712046EEF715FFE8684FF48032F8
:1096D00000F108012046EEF70DFFE868402200F196
:1096E0001001C0F201022046EEF704FFE8684FF4D3
:1096F000802200F150012046EEF7FCFEE8680125CB
:10970000C0F2050500F12801A5F580322046EEF7EC
:10971000F1FE4FF6E1702D1A5820BAE240F2F44102
:10972000C0F604012046EFF7CDFBF8B140F2183542
:10973000C2F20005E868002200F580712046EEF7CD
:10974000D9FEE8684FF4003200F580712046EEF74C
:10975000D1FEE8684FF4003200F584712046EEF740
:10976000C9FE4FF44035F02093E200BF40F6982147
:10977000C0F604012046EFF7A5FBB8B140F218355A
:10978000C2F20005E868002200F580712046EEF77D
:10979000B1FEE8684FF4003200F5807120464FF4C6
:1097A0000035EEF7A7FE4FF4847072E240F63C01FC
:1097B000C0F604012046EFF785FBB8B140F218353A
:1097C000C2F20005E868002200F118012046EEF719
:1097D00091FEE868002200F1B0012046EEF78AFE13
:1097E0004FF400354FF4B47053E200BF40F6083137
:1097F000C0F604012046EFF765FB002846D040F292
:109800001835C2F20005E868002200F11801204670
:10981000EEF770FEE868002200F178012046EEF7CE
:1098200069FEE868802200F160012046EEF762FEE2
:10983000E868042200F1A0012046EEF75BFEE8682C
:10984000082200F1A8012046EEF754FEE8684FF424
:10985000803200F108012046EEF74CFEE868402215
:1098600000F11001C0F201022046EEF743FEE86865
:10987000022200F5B871C0F207022046EEF73AFE68
:109880004FF400254FF4BC7003E200BF40F2645176
:10989000C0F604012046EFF715FB68B140F218301E
:1098A000C2F20000C06800F1180120460022002525
:1098B000EEF720FE6820ECE140F28051C0F6040192
:1098C0002046EFF7FFFA38B940F29C51C0F6040188
:1098D0002046EFF7F7FA18B100254FF4C870D8E129
:1098E00040F27C61C0F604012046EFF7EBFA002855
:1098F00052D040F21836C2F20006F168204600222B
:10990000EEF7F8FD7078F1687022012808BF782220
:10991000114420460022EEF7EDFDF068042200F12C
:10992000A0012046EEF7E6FDF068082200F1A8014C
:109930002046EEF7DFFDF0684FF4A02200F1200191
:109940002046EEF7D7FDF0680425C0F2050500F1CA
:10995000600105F17C022046EEF7CCFDF0684FF483
:10996000A02200F150012046EEF7C4FDF0684FF44C
:10997000A02200F502712046EEF7BCFDF06805F16B
:109980001C0200F158012046EEF7B4FDF06800F12A
:109990004801FFF7C7BA00BF40F20871C0F60401E2
:1099A0002046EFF78FFA88B140F21836C2F200066F
:1099B000F068402500F1180120460022C0F20105A0
:1099C000EEF798FDF06800F5047155E140F224715E
:1099D000C0F604012046EFF775FA78B140F218306E
:1099E000C2F20000C068002200F1480120460025B4
:1099F000EEF780FD4FF408704BE100BF40F2EC61E0
:109A0000C0F604012046EFF75DFA48B340F218357E
:109A1000C2F20005E868002200F150012046EEF78E
:109A200069FDE868002200F506712046EEF762FD48
:109A3000E868042200F128012046EEF75BFDE868A3
:109A4000042200F508712046EEF754FDE868202254
:109A500000F5087120462025EEF74CFD582018E14E
:109A600040F24071C0F604012046EFF72BFA78B1BE
:109A700040F21830C2F20000C068002200F1180164
:109A800020460025EEF736FD4FF4D07001E100BF0F
:109A900040F60401C0F604012046EFF713FA58B16E
:109AA00040F21836C2F20006F0684025C0F2010507
:109AB00000F5D871E0E000BF40F27871C0F6040113
:109AC0002046EFF7FFF958B140F21836C2F200060F
:109AD000F0684025C0F2010500F5DC71CCE000BF64
:109AE00040F25C71C0F604012046EFF7EBF918B3C1
:109AF00040F21835C2F20005E868002200F5D47182
:109B00002046EEF7F7FCE868202200F5F0712046C9
:109B1000EEF7F0FCE868212200F130012046EEF774
:109B2000E9FCE868012200F130012046EEF7E2FC92
:109B300004252820ADE000BF40F62001C0F6040156
:109B40002046EFF7BFF938B940F29471C0F604012E
:109B50002046EFF7B7F918B100254FF4E47098E00C
:109B600040F2B071C0F604012046EFF7ABF958B1EE
:109B700040F21836C2F20006F0684025C0F2010536
:109B800000F5E07178E000BF40F2CC71C0F604014E
:109B90002046EFF797F918B100254FF4EC7078E004
:109BA00040F2E871C0F604012046EFF78BF918B1D6
:109BB00000254FF4F4706CE040F67401C0F6040127
:109BC0002046EFF77FF978B140F21830C2F200007A
:109BD000C068002200F1180120460025EEF78AFC3B
:109BE0004FF4F87055E000BF40F65801C0F604018C
:109BF0002046EFF767F918B100254FF4007048E0F0
:109C000040F67C21C0F604012046EFF75BF918B35B
:109C100040F21835C2F20005E868002200F1180190
:109C20002046EEF767FCE868002200F17801204644
:109C3000EEF760FCE868042200F1A0012046EEF790
:109C400059FCE868082200F1A8012046EEF752FC12
:109C50004FF4E02528201CE040F62431C0F6040132
:109C60002046EFF72FF908B340F21836C2F200068B
:109C7000F1684025C0F2010520460022EEF73AFCCB
:109C8000F06800F1080120464FF48032EEF732FC14
:109C9000102040F21831C2F20001C9682A4601447E
:109CA000204601B0BDE8F040EEF724BC40F640315C
:109CB000C0F604012046EFF705F948B140F218302C
:109CC000C2F20000C0684025C0F20105D9E700BF1C
:109CD00040F6EC21C0F604012046EFF7F3F828B176
:109CE00040F21830C2F20000C168DEE540F65C3197
:109CF000C0F604012046EFF7E5F818B10025C020B2
:109D0000C7E700BF40F2F051C0F604012046EFF76C
:109D1000D9F8E8B140F21835C2F20005E86800222F
:109D200000F5CC712046EEF7E5FBE868002200F173
:109D300080012046EEF7DEFBE8684FF4403200F188
:109D4000500120464FF44035EEF7D4FB8020A0E7C9
:109D500040F2B461C0F604012046EFF7B3F80028E2
:109D60003EF4E5AF00254FF4107092E72DE9F04383
:109D700081B00446E7F776FA05462046E7F78AFA07
:109D80000A2D55D10446EAF713F810B100790128DD
:109D90004ED02046EFF778FF05462046EFF758FFF4
:109DA000064669462046F0F7CBF8BDF90080BDF9BC
:109DB00002702046EFF7F6FE58B3B0B2A9B206EB38
:109DC000D03005EBD13100B209B207EB600008EBEF
:109DD000610190FBF6F091FBF5F1704369430FFAD6
:109DE00081F80FFA80F9002520462946EFF7CAFED0
:109DF0000646F0F7B1FF07463046F0F7CDFFB8450D
:109E000008BF814508D020460135EFF7CBFE8542DB
:109E1000EAD30F2109E000BF96F8245020461C2108
:109E200000226662E7F73AFA29462046F3F7CCF9B2
:109E300001B0BDE8F083000070B50C46CBF7C6FD5D
:109E400040F2A825C2F2000580B100200026CDF71F
:109E50009FFC60B140F26001C2F20001088A498AA9
:109E600028806980C9F76AF8012600E00026288862
:109E7000A67320806888608070BD00002DE9F043E3
:109E800081B0D0F80090B9F82220C2F30513002B5E
:109E900000F09C80D9F80C20DB00002604E000BF15
:109EA0000836B34200F092809719FC79A407F7D5E1
:109EB000BC79BF88856847EA0447BD42F0D10B46AC
:109EC0008188A1F12007482F00F25A80DFE807F0CF
:109ED0002658265858585858585858585858585866
:109EE0002658582C2C5826585858585858585858AE
:109EF0005858585826585826585858585858585846
:109F0000585858585826582C58585858585858582F
:109F100058584E585858582C2C0000BF002B07DDBD
:109F2000FF2B07D3048A38E0FE2B35DCC46834E00D
:109F3000848932E0078A804680894FF61F0500EB4E
:109F40000040C0F2E07507EB0747043328402F407C
:109F5000DB083F1A7B4300EB53104FF4FC634FF6D2
:109F60001F0703EA104338401C1817E0D0E90374B8
:109F70009FB10CB17F2B10DC80463C460EE000BF49
:109F8000FF2B09D0002BD1D08046D0E903073F1A20
:109F90007B4300EB232401E00469804690596A4624
:109FA000F5F7EAF9D9F80C10009F8A59B8F80410AF
:109FB000054610462246F5F78DFC5DB1A74209D152
:109FC000A0B2B9B2814205D1BC4203D101B0BDE813
:109FD000F08300BFD8F80000D8F80810B8F80420C3
:109FE000F2F708FC01B0BDE8F08300002DE9F04174
:109FF000066840F224403468B6F80480C2F20000DB
:10A00000CFF7E2F9D0B140F224470146C2F200078F
:10A0100005E000BF3846CFF7FFF9014670B1B14205
:10A02000F8D0086832689042F4D18868B2689042EB
:10A03000F0D18888B2889042ECD137E0608CC0F3D0
:10A04000051199B3E068C900002702E00837B9425A
:10A050002CD0C219D3799B07F8D593799288B5682B
:10A0600042EA03429542F1D140F22440C2F200009C
:10A070003146CFF753FA3046ECF71CFEE66841460E
:10A08000F059F5F7F3FAE068C059F5F74DFA0028F2
:10A0900008BFBDE8F081F01982798088F15940EA63
:10A0A00002422046BDE8F041F2F7A2BCBDE8F081D3
:10A0B00070B50468A17A2068A2880D042946F0F7DB
:10A0C00099FCA688E06000212068A18029463246DC
:10A0D000234600F00DF82068A168A680D6F700FDA1
:10A0E0000068A188E268BDE87040F5F7F3BB0000A6
:10A0F0002DE9F04F81B0054640F22440C2F2000045
:10A10000984691460F46CFF78FF9002800F0CE8091
:10A110000646404500F0CA80B7F5702F3AD14FF699
:10A12000FF70814540F0888040F22449C2F2000966
:10A1300048463146CFF774F931680746A94222D123
:10A14000688C10F47C7F13D0002404E00134C0F349
:10A1500005118C420CD2E96801EBC402D279920756
:10A16000F4D551F83400B188F5F780FA688CEDE742
:10A1700030460021D8F724FC48463146CFF7CEF9C7
:10A180003046ECF797FD002F00F0908047453E46A3
:10A19000CED18BE040F22444C2F200044FF6FF7AA5
:10A1A00020463146CFF73CF93168A9423ED1B1682B
:10A1B0008F423BD1D14502D0B188894536D100903C
:10A1C000688C10F47C7F23D04FF0000A4FF0040B12
:10A1D00008E000BF0AF1010AC0F305118A450BF13E
:10A1E000080B15D2E96801EBCA02D2799207F1D5C2
:10A1F00001EB0B0231F80B30927843EA02429742AE
:10A20000E8D151F83A00B188F5F730FA688CE1E707
:10A2100030460021D8F7D4FB20463146CFF77EF9EF
:10A220003046ECF747FD00984FF6FF7A00283DD006
:10A2300040450646B4D139E040F22447C2F2000757
:10A2400038463146CFF7ECF83168A9422AD1B188B7
:10A25000894527D1CA468146688C10F47C7F13D08B
:10A26000002404E00134C0F305118C420CD2E968EB
:10A2700001EBC402D2799207F4D551F83400B188C9
:10A28000F5F7F4F9688CEDE730460021D8F798FB34
:10A2900038463146CFF742F93046ECF70BFD4846D9
:10A2A000D14600BF10B140450646C9D101B0BDE856
:10A2B000F08F00002DE9F04381B0914688460021DF
:10A2C0006E220746F0F796FB0546384600216D22C0
:10A2D000F0F790FB2904044606D1A0B2B0F5807FC8
:10A2E00002D101B0BDE8F083384600216F22F0F7BB
:10A2F00081FB0646384600217022F0F77BFB06F40E
:10A30000C041B1F5005F1BD131B221F4C041B1F5BC
:10A31000FA6F15DCBA8A3B8BB1F57A7FA3EB0202A8
:10A3200002F10102C8BFC1F57A7112B2514348F27D
:10A330001F52C5F2EB1251FB02F14A1102EBD1762A
:10A3400000F4C041B1F5005F1BD101B221F4C0415E
:10A35000B1F5FA6F15DCF88A7A8BB1F57A7FA2EB4A
:10A36000000000F10100C8BFC1F57A7100B2484396
:10A3700048F21F51C5F2EB1150FB01F0411101EB06
:10A38000D070B98AFB8A22B231441844B9F1000F67
:10A39000ADF80010ADF8020005D04FF4803090FB0E
:10A3A000F2F06D4202B229B26B464046F3F734FA3E
:10A3B00001B0BDE8F083000000880988401A7047AA
:10A3C0000169D0E90132D1F804C09A608445536034
:10A3D00008BF4A6000220261086801380860086806
:10A3E000704700004EF22C53C2F2000303604EF29D
:10A3F0002C30C2F20000086080201060704700001E
:10A400004EF68813C2F2000303604EF28850C2F287
:10A41000000008604FF48070106070474FF0FF310B
:10A42000024642F8081F00214260C0E90322016091
:10A4300070470000002101617047000010B5D1F89D
:10A4400000C01CF1010213D000F108046268136817
:10A45000634511D853681C68644511D85A6814685C
:10A4600064450FD854682368A6466345EED90BE0CF
:10A470000269D2F804E007E09646224604E000BFF5
:10A480009E4601E096461A46C1F804E0CEF8081050
:10A490008A605160086101680131016010BD0000EF
:10A4A000D0F800C0436808619A68C1E90132516080
:10A4B00099600CF10101016070470000DFF80C00A9
:10A4C000016841F4700101607047000088ED00E010
:10A4D0004FF0500080F31188BFF36F8FBFF34F8FA1
:10A4E00040F2EC00C2F2000001684A1C026009B1AF
:10A4F000704700BF4EF60450CEF200000068000620
:10A5000008BF70474FF0500080F31188BFF36F8F82
:10A51000BFF34F8FFEE7000040F2EC00C2F20000F4
:10A52000016839B10139016018BF7047002080F31C
:10A53000118870474FF0500080F31188BFF36F8F80
:10A54000BFF34F8FFEE7000070B5002808BF70BD55
:10A5500040F21424C2F20004217850F8042C00299F
:10A5600018BF4FF0004111420ED0A0F108052B6832
:10A57000A3B14FF0500080F31188BFF36F8FBFF38A
:10A580004F8F00BFFEE700BF4FF0500080F31188EF
:10A59000BFF36F8FBFF34F8FFEE700BF22EA0101C9
:10A5A00040F8041C064600F0F1F956F8040CA168C6
:10A5B0000144A16004F118010B68AB420AD219688A
:10A5C000A94213D20B68AB4204D219681A46A942B9
:10A5D000F2D301E00A4619465368D618AE420AD0B3
:10A5E0002B188B420DD00B4612E000BF1A46536861
:10A5F000D618AE42F4D11844154650602B188B4241
:10A60000F1D16368994203D0D1E900310844686010
:10A61000AA422B6018BF1560606901306061BDE817
:10A62000704001F087B800004EF21000CEF200003A
:10A6300000210160816040F28C01C2F200010968D2
:10A6400044F6D352C1F26202A1FB02124FF0FF3175
:10A6500001EB921141600721016070474EF6E41C46
:10A66000C2F2000CDCF8003003B3634653F8082F45
:10A67000EAB1634653F8102FCAB1634653F8182F56
:10A68000AAB1634653F8202F8AB1634653F8282FA6
:10A690006AB1634653F8302F4AB15CF8382F002A6C
:10A6A000634608BFC3E90010704700BF6346C3E9B3
:10A6B0000010704770B515460E460446FFF708FFB8
:10A6C00094F84400FF2804BF002084F8440094F864
:10A6D0004500FF2804BF002084F84500FFF71CFF59
:10A6E000A06B28B12046BDE87040F8F7E1BE00BF7E
:10A6F00004F1240031462A4600F092F82046BDE8D5
:10A700007040F8F7D5BE000070B588B340F2601411
:10A71000C2F20004616949B14FF0500080F3118822
:10A72000BFF36F8FBFF34F8FFEE700BF616906462F
:10A7300001316161A569216804310846FFF740FED7
:10A740002068AD19456005D3206A21680431FFF700
:10A7500075FE08E0E06921680431FFF76FFEE06AEA
:10A76000854238BFE56200F0E5FF002818BF70BDE4
:10A770004EF60450CEF200004FF080510160BFF35E
:10A780004F8FBFF36F8F70BD40F26011C2F20001B6
:10A790008A6B0260896941607047000040F2601076
:10A7A000C2F20000012101637047000070B5D8B10A
:10A7B00040F26014C2F200040D4621681831FFF720
:10A7C0003DFEA66920680430FFF7FAFD681C15D02D
:10A7D0002068AD19456019D3206A21680431BDE8AD
:10A7E0007040FFF72BBE00BF4FF0500080F3118880
:10A7F000BFF36F8FBFF34F8FFEE700BF54F8500BCE
:10A80000011D2046BDE87040FFF74ABEE06921689F
:10A810000431FFF713FEE06A854238BFE56270BD80
:10A82000F0B581B0C0B140F26014C2F200040D4630
:10A83000216816461831FFF733FEA76920680430F7
:10A84000FFF7BEFD96B154F8500B011D204601B034
:10A85000BDE8F040FFF724BE4FF0500080F31188B0
:10A86000BFF36F8FBFF34F8FFEE700BF2068ED1976
:10A87000456007D3206A2168043101B0BDE8F0408B
:10A88000FFF7DCBDE06921680431FFF7D7FDE06A1E
:10A89000854238BFE56201B0F0BD000010B588B058
:10A8A0000020CDE9050006A805A904AAFFF79AFD36
:10A8B000059800283ED0069C002C45D05C21049AC7
:10A8C000079107995C2949D107992063022084F8F0
:10A8D000590007A80021CDE9001042F64170C0F6EA
:10A8E000030028A100230294F8F76EFB2046F8F736
:10A8F000E1F9079840F26014C2F20004A062B0B11E
:10A9000000F090FF411C33D0012810D14FF05000CF
:10A9100080F31188BFF36F8FBFF34F8F4FF0FF307D
:10A92000E062012020610020A06100F065F908B01C
:10A9300010BD00BF4FF0500080F31188BFF36F8F40
:10A94000BFF34F8FFEE700BF4FF0500080F3118838
:10A95000BFF36F8FBFF34F8FFEE700BF4FF0500084
:10A9600080F31188BFF36F8FBFF34F8FFEE700BFF7
:10A970004FF0500080F31188BFF36F8FBFF34F8FFC
:10A98000FEE700BF49444C450000000040F2601063
:10A99000C2F20000416901314161704780B540F267
:10A9A000601EC2F2000EDEF8141019B10121CEF8BB
:10A9B000301080BD0021CEF83010DEF824104AF2AD
:10A9C000C02C01EB8102C2F2000C5CF82230002B9B
:10A9D0000CEB82030CD05868426803F108008242F5
:10A9E0005A6023D0D068CEF80000CEF8241080BD85
:10A9F000283B19B35A6901EB8100002A0CEB800255
:10AA000026D101291AD0186830BB022916D053F874
:10AA1000140C28BB032911D053F8280C0439002842
:10AA2000A3F15003E5D02833D5E700BF52685A6040
:10AA3000D068CEF80000CEF8241080BD4FF0500052
:10AA400080F31188BFF36F8FBFF34F8FFEE700BF16
:10AA5000A2F114030139BEE7A2F128030239BAE7D3
:10AA6000A2F13C030339B6E7B0B5E6F713FC0446A0
:10AA7000EFF7E0F9DAF766FC054620460121EFF72B
:10AA800081F895F9021040F69C33C0F6040303EBFD
:10AA900081012A8851F8043C40F6DD41C0F60401EA
:10AAA000BDE8B040EBF758BB2DE9F041E6F7F2FB0B
:10AAB0000446EFF7BFF9DAF745FC8046204600214F
:10AAC000EFF760F80646E6F7DBF80178427883781E
:10AAD0004FF47A7569436427C07803EB830312FB54
:10AAE0000711B8F8005001EB43010844401B42F63F
:10AAF000B071084481B23046E6F77EFB2046012162
:10AB0000EFF740F898F90210013989B2BDE8F04139
:10AB1000E6F772BB2DE9F04182B00446B0F92E0091
:10AB200010F5004F64D0A68D658D94F83410AE42B8
:10AB300038BF06F5B476C1F34101DFE801F0031533
:10AB4000355900BFB4F93010B4F9322037B22B4672
:10AB50000097EBF78FFE0546668D81B22046D8F749
:10AB60009FFD204631462EE005FA86F101EBD177B4
:10AB7000B4F93010B4F932204FEA6708531803EBE8
:10AB8000D3735B10834247F34F0C1FDD1A462B46ED
:10AB9000CDF800C0EBF76EFE054681B22046D8F72F
:10ABA000F5FD1FFA88F11EE0B4F93010B4F9322037
:10ABB00033B20095EBF75EFEA18D05462046D8F72F
:10ABC0006FFDA9B22046D8F7E1FD0FE037B2194674
:10ABD00063460097EBF74EFE05461FFA88F12046C4
:10ABE000D8F7D4FDA9B22046D8F75AFDA4F84050B2
:10ABF00002B0BDE8F0810000B0B584B04EF2004C68
:10AC0000CEF2000C4CF27021C4F20F11DCF80029D6
:10AC10004B1C9A420AD14FF0500080F31188BFF3C9
:10AC20006F8FBFF34F8F00BFFEE700BFDCF8002936
:10AC30008A4209D14FF0500080F31188BFF36F8F23
:10AC4000BFF34F8FFEE700BF9CF800100291FF2179
:10AC50008CF800109CF800108DF807109DF8071074
:10AC600001F0500240F23421C2F200010A700722C2
:10AC70004A609DF90720B2F1FF3F6BDC032200BF61
:10AC8000D31C4B609DF8070040008DF807009DF92C
:10AC90000700B0F1FF3F24DC931C4B609DF80700D8
:10ACA00040008DF807009DF90700B0F1FF3F18DC68
:10ACB000531C4B609DF8070040008DF807009DF97C
:10ACC0000700B0F1FF3F0CDC4A609DF80700043A32
:10ACD00040008DF807009DF90700B0F1FF3FCFDD80
:10ACE000131D032B36D14FF44070486002988CF846
:10ACF0000000DCF8200940F47000CCF82009DCF8F2
:10AD0000200940F07040CCF82009FFF78DFC40F29C
:10AD1000EC04C2F2000400252560FFF7CFFB4EF6DD
:10AD20003470CEF20000016841F040410160F8F754
:10AD3000CDF9FFF733FE039520684FF0500181F302
:10AD40001188BFF36F8FBFF34F8F013012D000BF58
:10AD5000FEE700BF4FF0500080F31188BFF36F8F04
:10AD6000BFF34F8FFEE700BF039830B9039820B9B7
:10AD7000039810B903980028F6D0002004B0B0BDA5
:10AD800080B54FF0500080F31188BFF36F8FBFF391
:10AD90004F8F00F0CBFB30B14EF60450CEF20000E6
:10ADA0004FF080510160002080F3118880BD0000C9
:10ADB00070B582B060B1ABB1F1B9EAB14FF05000FB
:10ADC00080F31188BFF36F8FBFF34F8FFEE700BF93
:10ADD0004FF0500080F31188BFF36F8FBFF34F8F98
:10ADE000FEE700BF4FF0500080F31188BFF36F8F74
:10ADF000BFF34F8FFEE700BF51B14AB94FF050008B
:10AE000080F31188BFF36F8FBFF34F8FFEE700BF52
:10AE100050250195019D502D2ED1019C069E0124A7
:10AE200083F84640002908BF1A461A60C3E90F019B
:10AE30001C46FFF74DFB2068D4E90F12002502FBEA
:10AE40000103013901FB0201A563C4E90103FF20ED
:10AE5000E16084F8440084F8450004F11000FFF735
:10AE6000DDFA04F12400FFF7D9FAFFF755FB20467D
:10AE700084F84C6002B070BD4FF0500080F3118830
:10AE8000BFF36F8FBFF34F8FFEE700002DE9F04F48
:10AE900083B00292C0B11D460446F9B1022D02D121
:10AEA000E06B01285CD116460F4600F029FB18BB69
:10AEB00016B34FF0500080F31188BFF36F8FBFF3CC
:10AEC0004F8F00BFFEE700BF4FF0500080F31188A6
:10AED000BFF36F8FBFF34F8FFEE700BF206C0028DA
:10AEE000DCD04FF0500080F31188BFF36F8FBFF3B9
:10AEF0004F8F00BFFEE700BFFFF7EAFAA06B022DFD
:10AF000065D0E16B884262D30298002800F0188176
:10AF10006846FFF739FCFFF7FFFAFFF737FDFFF749
:10AF2000D7FA94F84400FF2804BF002084F84400B6
:10AF300094F84500FF2804BF002084F84500FFF77F
:10AF4000EBFA684602A900F021FA98B12046F8F71A
:10AF5000AFFA00F0EFFB002003B0BDE8F08F00BFB8
:10AF60004FF0500080F31188BFF36F8FBFF34F8F06
:10AF7000FEE700BF04F11008FFF7AAFAD4F83890F2
:10AF8000E66BFFF7C9FAB14516D102994046FFF7C3
:10AF90000DFC2046F8F78CFA00F0CCFB88B94EF691
:10AFA0000450CEF200004FF080510160BFF34F8F8C
:10AFB000BFF36F8F05E000BF2046F8F779FA00F085
:10AFC000B9FBFFF785FAA06BE16B884266D2A66BEE
:10AFD000226CDAB139462DB3E068C5F716FAE1689C
:10AFE000206C2268091A9142E16003D2A1684042B4
:10AFF0000844E060A81EB0FA80F040093146002EF7
:10B0000018BF01210840361A18E000BF2068A8B90F
:10B01000A06800F00DFB0021B0FA80F0A1604009AB
:10B020000DE000BF6068C5F7F0F9D4E90101226CBA
:10B0300010448842606001D3206860600120711C68
:10B04000A16354F8241FA9B1204600F039FB50B188
:10B050004EF60450CEF200004FF080510160BFF375
:10B060004F8FBFF36F8FFFF757FA012003B0BDE892
:10B07000F08F00BF0028F6D14EF60450CEF200004B
:10B080004FF080510160BFF34F8FBFF36F8FFFF719
:10B0900043FA012003B0BDE8F08F00BFE94602AEDD
:10B0A0000CE000BF2046F8F703FA00F043FBFFF77F
:10B0B0000FFAA06BE16B8842FFF489AF0298002879
:10B0C0003ED0FFF729FAFFF761FCFFF701FA94F889
:10B0D0004400FF2804BF002084F8440094F8450091
:10B0E000FF2804BF002084F84500FFF715FA484602
:10B0F000314600F04BF900287FF428AFFFF7E8F95C
:10B10000D4F838A0D4F83CB0FFF706FADA45C9D134
:10B1100002994046FFF74AFB2046F8F7C9F900F0CC
:10B1200009FB0028C3D14EF60450CEF200004FF0C8
:10B1300080510160BFF34F8FBFF36F8FB7E700BF40
:10B14000FFF7EAF9002003B0BDE8F08F2DE9F04FDA
:10B1500083B0029290B115460446002948D00E46AD
:10B1600000F0CEF9A0B99DB14FF0500080F31188E6
:10B17000BFF36F8FBFF34F8FFEE700BF4FF050005C
:10B1800080F31188BFF36F8FBFF34F8FFEE700BFCF
:10B19000FFF79EF9D4F838A0BAF1000F36D0226C30
:10B1A00052B1D4E9023130461144E160994224BFE2
:10B1B0002168E160C5F729F9AAF10100A06354F8FC
:10B1C000100F70B1204600F07BFA50B14EF60450DB
:10B1D000CEF200004FF080510160BFF34F8FBFF3FC
:10B1E0006F8F0124FFF798F9204603B0BDE8F08F78
:10B1F000206C0028B3D04FF0500080F31188BFF3CB
:10B200006F8FBFF34F8F00BFFEE700BF029800288B
:10B2100000F0B4806846FFF7B7FAFFF77DF9FFF753
:10B22000B5FBFFF755F994F8440004F12408FF2812
:10B2300004BF002084F8440094F84500FF2804BFB0
:10B24000002084F84500FFF767F9684602A900F07E
:10B250009DF878B12046F8F72BF900F06BFAFFF76C
:10B2600037F9A56BFFF758F92DBB0024204603B032
:10B27000BDE8F08FFFF72CF9A56BFFF74DF92DB165
:10B280002046F8F715F900F055FA14E00299404607
:10B29000FFF78CFA2046F8F70BF900F04BFA50B99B
:10B2A0004EF60450CEF200004FF080510160BFF323
:10B2B0004F8FBFF36F8FFFF70BF9D4F838A0BAF1B7
:10B2C000000F7FF46CAF4FF00009EB4602AF13E0C4
:10B2D0002046F8F7EDF800F02DFAFFF7F9F8A56B26
:10B2E000FFF71AF9002DC0D0FFF7F2F8D4F838A014
:10B2F000BAF1000F7FF453AF029800283ED0FFF759
:10B300000BF9FFF743FBFFF7E3F894F84400FF283D
:10B3100008BF84F8449094F84500FF2808BF84F8DB
:10B320004590FFF7F9F85846394600F02FF8002805
:10B33000CED1FFF7CDF8A56BFFF7EEF835B120467B
:10B34000F8F7B6F800F0F6F9CEE700BF02994046EC
:10B35000FFF72CFA2046F8F7ABF800F0EBF90028DD
:10B36000C2D14EF60450CEF200004FF08051016081
:10B37000BFF34F8FBFF36F8FB6E700BF0024FFF717
:10B38000CBF8204603B0BDE8F08F0000B0B548B35D
:10B390000C4689B30546FFF79BF840F2601CC2F2E9
:10B3A000000CDCF818302268501C2FD0AE46D5E9CE
:10B3B0000050DCF83810A94201D083422ED2181A6E
:10B3C000824229D9101A2060DCF838000024CEF817
:10B3D0000000DCF81800CEF80400FFF79DF82046C6
:10B3E000B0BD00BF4FF0500080F31188BFF36F8FE6
:10B3F000BFF34F8FFEE700BF4FF0500080F311887E
:10B40000BFF36F8FBFF34F8FFEE700BF0024FFF73E
:10B4100083F82046B0BD00BF002020600124FFF764
:10B420007BF82046B0BD00002DE9F04184B007460E
:10B430009000984615460E46F8F774F8F8B10446A1
:10B440005C20F8F76FF8B8B1DDE90A210023046346
:10B4500080F85930CDE900210446384631462A4665
:10B4600043460294F7F7B0FD2046F7F723FC01208E
:10B4700004B0BDE8F08100BF2046FFF765F84FF04B
:10B48000FF3004B0BDE8F08170B586B00B9CCCB144
:10B490000C9E0EB35C250495049D5C2D26D1049D65
:10B4A000DDF828C0022586F8595005AD3463CDE992
:10B4B00000C50296F7F788FD3046F7F7FBFB0598C5
:10B4C00006B070BD4FF0500080F31188BFF36F8F4E
:10B4D000BFF34F8FFEE700BF4FF0500080F311889D
:10B4E000BFF36F8FBFF34F8FFEE700BF4FF05000E9
:10B4F00080F31188BFF36F8FBFF34F8FFEE700001B
:10B5000040F26010C2F20000016900290FBF012063
:10B510004069B0FA80F0400918BF40007047000051
:10B5200040F26010C2F20000806970472DE9F043DC
:10B5300081B040F26016C2F20006706940B1706BD3
:10B54000002401307063204601B0BDE8F08300BFE5
:10B55000B06910F10109C6F8189020D3F0690068AD
:10B5600050B14FF0500080F31188BFF36F8FBFF3DD
:10B570004F8F00BFFEE700BFF069316AF1613062B2
:10B58000B06B0130B063F069006828B1F069C06841
:10B59000C068406802E000BF4FF0FF30F062F06A20
:10B5A0004AF2C0288145C2F2000801D200242EE0F0
:10B5B000F0690024006813E0F86A716A884288BF65
:10B5C000706200EB800008EB80002946FEF768FF00
:10B5D000F86A3168C96AF269884228BF0124106894
:10B5E00090B1F069C068C7683D4655F8040F8145C1
:10B5F0000CD32846FEF7E4FEB86A0028DCD007F139
:10B600001800FEF7DDFED7E74FF0FF30F06230683C
:10B61000C06A00EB800058F82000012888BF012490
:10B62000306B002818BF0124204601B0BDE8F0832C
:10B6300070B588B140F26015C2F2000529688842F1
:10B640000CD04FF0500080F31188BFF36F8FBFF321
:10B650004F8F00BFFEE700BF002070BD016D29B312
:10B66000013901654FF000011DD1C26AC36C9A42D5
:10B6700019D0041D06462046FEF7A2FEF06CC0F16C
:10B680003801F062B161696A88424AF2C02188BF1C
:10B69000686200EB8000C2F2000101EB80002146ED
:10B6A000FEF7FEFE0121084670BD00BF4FF05000BE
:10B6B00080F31188BFF36F8FBFF34F8FFEE7000059
:10B6C00070B5C068C5686DB105F118042046FEF775
:10B6D00077FE40F26016C2F20006706960B106F1B2
:10B6E00064001AE04FF0500080F31188BFF36F8FB1
:10B6F000BFF34F8FFEE700BF2C1D2046FEF760FE14
:10B70000E86A716A88424AF2C02188BF706200EB21
:10B710008000C2F2000101EB80002146FEF7C0FE6E
:10B72000E86A3168C96A884292BF0020012030630C
:10B7300070BD00002DE9F04140F26015C2F2000535
:10B74000686968B1FEF7C4FE6869013868616869B4
:10B7500080B10024FEF7E0FE2046BDE8F08100BF86
:10B760004FF0500080F31188BFF36F8FBFF34F8FFE
:10B77000FEE700BFE8680028EBD0686E88B34AF2A5
:10B78000C026C2F200064FF0010800BF286FC7684C
:10B7900007F11800FEF714FE3C1D2046FEF710FED0
:10B7A000F86A696A884288BF686200EB800006EB2D
:10B7B00080002146FEF774FEF86A2968C96A88424B
:10B7C00028BFC5F83080686E0028DFD1E8690068BE
:10B7D00020B1E869C068C068406801E04FF0FF3000
:10B7E000E8626C6B4CB10126FFF7A0FE002818BF81
:10B7F0002E63013CF8D100206863286B0028A8D094
:10B800004EF60450CEF200004FF080510160BFF3BD
:10B810004F8F0124BFF36F8FFEF77EFE2046BDE8F9
:10B82000F081000070B586B0FEF752FE40F2D816E7
:10B83000C2F20006306808BB06F114042046FEF789
:10B84000EDFD06F128052846FEF7E8FD4AF2CE1286
:10B850004AF27023C6E902450025C2F20002C2F294
:10B8600000030A2010210095FFF7A2FA306028B1EA
:10B8700040F69741C0F60401FEF7F0FEFEF74CFEDD
:10B880003068D8B10020CDE9040005A804A903AAB6
:10B89000FEF7B6FDDDE903200221059DCDE900108C
:10B8A00043F23510C0F6030009A100230295FFF70B
:10B8B000EBFD706010B1012006B070BD4FF050007C
:10B8C00080F31188BFF36F8FBFF34F8FFEE700BF88
:10B8D000546D722053766300F0B581B00446E5F7ED
:10B8E000D9FC05462046E5F7D7FC04462846E5F78F
:10B8F000D1F906462046D9F725FD90F90270284671
:10B90000E5F7BEF901784FF47A7542788378694398
:10B91000891B6426C07803EB830312FB061101EB3D
:10B920004301084442F6B071084481B220463A46C9
:10B9300001B0BDE8F040D9F707BD00B52DED048B8F
:10B94000B0EE409AF0EE609A83B051EC190B00F023
:10B9500031FA41EC180B18EE100A18EE901A8DED22
:10B96000008B002818BF0120084320F00040C0F1E0
:10B970007F6000F1E040C00F14D019EE101A19EEEC
:10B98000900A8DED009B002918BF0121084320F08B
:10B990000040C0F17F6000F1E040C00F04BF012013
:10B9A000C4F74CFEB0EE480A03B0F0EE680ABDECF6
:10B9B000048B00BD491058BFC1F140415B1058BF16
:10B9C000C3F140438B42EFF30080704751EA030C10
:10B9D00017D41CF5801F58BFBCF5801F00F10680EE
:10B9E000994218BF704708BF9042704707D711F5BA
:10B9F000801F58BF13F5801F19D4994270478942A0
:10BA000070471CF5801F08D5BCF5801FF7D58B4209
:10BA100018BF704708BF824270474FF4001C1CEBF0
:10BA2000410F38BF1CEB430F01D28B42704770B5FA
:10BA300000F06CF9922449004FF000514FF0805310
:10BA4000FFF7B8BF4FEA41034FEA5353A3F58063B2
:10BA5000D3F11E03C8BFD3F1210C0CDD4FF000421F
:10BA600042EAC12242EA505232FA03FC8CEAE17CFB
:10BA7000ACEBE1707047102BC4BF0020704703F59A
:10BA8000787CBCF1FF3F04D06FF0004282EA2100D5
:10BA9000704770B500F03AF9499224800020704751
:10BAA000F2E7B0FA80F310FA03F10AD0C3F11D03F4
:10BAB00003F580634FEA03524FEA415002EBD12174
:10BAC00070474FF00000704751EA030C17D41CF583
:10BAD000801F58BFBCF5801F00F10680994218BF37
:10BAE000704708BF9042704707D711F5801F58BFB5
:10BAF00013F5801F19D499427047894270471CF58D
:10BB0000801F08D5BCF5801FF7D58B4218BF704742
:10BB100008BF824270474FF4001C1CEB410F38BF36
:10BB20001CEB430F01D28B42704770B500F0EEF86A
:10BB3000922449004FF080514FF00053FFF73ABF75
:10BB400051EA030C17D41CF5801F58BFBCF5801FA9
:10BB500000F10680994218BF704708BF90427047B5
:10BB600007D711F5801F58BF13F5801F19D49942CC
:10BB70007047894270471CF5801F08D5BCF5801FAF
:10BB8000F7D58B4218BF704708BF824270474FF409
:10BB9000001C1CEB410F38BF1CEB430F01D28B4242
:10BBA000704770B500F0B2F8922449004FF0005190
:10BBB0004FF08053FFF7FEBE70B5DFF848C11CEAB6
:10BBC000111E1EBF1CEA13159EEA0C0F95EA0C0FFE
:10BBD00000F06F8081EA03044EEAD47EAE4421EA8D
:10BBE0004C1123EA4C1341F4801143F48013AEF15D
:10BBF0007F7EA1FB024CA0FB0365361955EB0C05BB
:10BC0000A1FB034C4CF10003A0FB021C16EB0C063D
:10BC1000654153F10003094218BF46F0010613F4D1
:10BC2000007F0BD14FEA03314FEA053041EA15514D
:10BC300040EA165034036FF003020AE04FEAC321D2
:10BC40004FEAC52041EA555140EA5650F4026FF0E0
:10BC5000020202EB2E4201EB025585EACE710AD0B8
:10BC60005FEA440C18BF24F0004450F1000041F199
:10BC7000000120EAD47040F2FE7C624500D270BD23
:10BC8000A84214BF4FF080444FF04044002E08BF3C
:10BC90000024BEF1806FA8BFA1F1C041BDE8704093
:10BCA00080F2828001F1C04101F000414FF00000BC
:10BCB00070470CEA13159EEA0C0F18BF95EA0C0F9B
:10BCC00006D081EA030E4FF000000EF0004170BD77
:10BCD00000F01CF88900013E00F007B800F009B838
:10BCE0004FEA430C5FEA5C5C08D081EA030100F094
:10BCF0005BB84FEA410C5FEA5C5CF6D102494FF059
:10BD0000000070470000FF070000F87F0EF1020EF0
:10BD10002EF0030E5EF8046B364205D4012A43EB85
:10BD2000030515F5001F12D8012841EB010C1CF585
:10BD3000001F0CD80ED14FEAD17C0CEB4C0C0CF14F
:10BD4000020C15F5001F08BF4CEBD37C04E04FF04C
:10BD5000080C01E04FEAD37C0CEB4C0526FA05F603
:10BD600006F00706B6F1040C06D20EEB860CBDE811
:10BD700070404CF0010C6047DFE80CF0090B020248
:10BD80004FF00041A1F500214FF0000070BD1946B1
:10BD90001046012851EB010418BFD4F5001484BFEC
:10BDA000002001F0004170BD0808A0F500114FEA25
:10BDB000310170472DE9F04101F5801CBCF5001FF1
:10BDC000C0F2A9804FEA115C21EA0C5141F48011C4
:10BDD0000CF1FD0C5FEA5C0C0CF5C07C01D340005B
:10BDE0004941890241EA905187022EA48E0EA45D3A
:10BDF0000A0C04FB04F602FB06F6C6F14046A4FB5F
:10BE00000662F60D46EA422606FB06F4A4FB012371
:10BE10005242C3F1404338BF5B1EA6FB02420024DE
:10BE2000E6FB0324D20B42EA4446A6FB0623A1FB11
:10BE300002E2A3FB07E4E3FB61426442C2F1404E2D
:10BE400038BFAEF1010EA6FB04234FF00002E6FB63
:10BE50000E32A2FB03463400E2FB6264A1FB06E65D
:10BE6000A4FB07E8E4FB61687642C8F1405838BF9C
:10BE7000A8F10108A2FB06E4A3FB08E5E2FB685475
:10BE8000A1FB05E6A7FB04E8E1FB648618F12005A9
:10BE900056F10006A80940EA8660B109A8F11B081E
:10BEA00008F03F08B8F10A0F1CD901EB0C51BDE8AE
:10BEB000F08100BFFCF5EEE8E2DDD8D3CFCBC7C3FD
:10BEC000C0BDB9B6B4B1AEACA9A7A5A3A19F9D9BB7
:10BED0009A9896959392908F8D8C8B89888786857A
:10BEE00084838281A0FB006800FB01F208EB42081A
:10BEF000B8EB872807D5341858EB0104D5D5401C7A
:10BF000051F10001D1E7341A78EB0104CDD4401E81
:10BF100071F10001C9E75FEA4C0C5FEA9C5C0DD14E
:10BF200005D301F000414FF00000BDE8F081BDE80D
:10BF3000F04170B5FFF7EAFE6DDBFFBEBDE8F041F2
:10BF400001494FF0000070470000F87F43004FEABE
:10BF5000D30C4FEA3C0C43401FBF40070CF160512B
:10BF600013F0FE4F70471CF0006F03D10CF000413E
:10BF7000002070470CF0004343EA507040EACC00C8
:10BF800010B500F038F800BF000000924FEA000141
:10BF9000FFF70ABF4FF00041A1F500214FF000006C
:10BFA000704710B5FFF712FD0CBF0120002010BD37
:10BFB00010B5FFF70BFD14BF0120002010BD10B518
:10BFC000FFF782FD8CBF0120002010BD10B5FFF7E8
:10BFD0007BFD2CBF0120002010BD10B5FFF7B0FD88
:10BFE00094BF0120002010BD10B5FFF7A9FD34BF9C
:10BFF0000120002010BD0EF1020E2EF0030E5EF89F
:10C00000044B244204D44FEA4102B2F17F4F11D8CD
:10C010004FEA4003B3F17F4F0CD80ED14FEAD07CEA
:10C020000CEB4C0C0CF1020CB2F17F4F08BF4CEB47
:10C03000D17C04E04FF0080C01E04FEAD17C0CEB1E
:10C040004C0324FA03F404F00704B4F1040C06D200
:10C050000EEB840CBDE810404CF0010C6047DFE8AB
:10C060000CF0070802024FF00040A0F5800010BD60
:10C070000846420018BFD2F1807288BF00F000402D
:10C0800010BDF1EE100A4FF6FF71C0F2C03120EA88
:10C09000010040F04070E1EE100A7047CDB9000891
:10C0A000C9BA000855BA00080000000000000000EE
:10C0B000010203040607080900000000010203044E
:10C0C00000FF0055AAFF0011223344556677889976
:10C0D000AABBCCDDEEFF0001020304050607080938
:10C0E0000A0B0C0D0E0F1011121314151617181938
:10C0F0001A1B1C1D1E1F2021222324252627282928
:10C100002A2B2C2D2E2F3031323334353637383917
:10C110003A3B3C3D3E3F4041424344454647484907
:10C120004A4B4C4D4E4F50515253545556575859F7
:10C130005A5B5C5D5E5F60616263646566676869E7
:10C140006A6B6C6D6E6F70717273747576777879D7
:10C150007A7B7C7D7E7F80818283848586878889C7
:10C160008A8B8C8D8E8F90919293949596979899B7
:10C170009A9B9C9D9E9FA0A1A2A3A4A5A6A7A8A9A7
:10C18000AAABACADAEAFB0B1B2B3B4B5B6B7B8B997
:10C19000BABBBCBDBEBFC0C1C2C3C4C5C6C7C8C987
:10C1A000CACBCCCDCECFD0D1D2D3D4D5D6D7D8D977
:10C1B000DADBDCDDDEDFE0E1E2E3E4E5E6E7E8E967
:10C1C000EAEBECEDEEEFF0F1F2F3F4F5F6F7F8F957
:10C1D000FAFBFCFDFEFF0004040404040404040450
:10C1E0000400000000000606060606060500000022
:10C1F000000000000000000000000000000002003D
:10C200000000000000000000040000020002020024
:10C210000000000000000202020200020000000212
:10C2200000000000000002000000000101050505FB
:10C2300001050000000000100101000000001002D4
:10C24000020C0C12120000000000000000000000B0
:10C2500000000000000404040404040004000000C2
:10C26000140A0A0000000000000000000014143F3F
:10C27000140A3F0A0A000000041E1505060C1415D6
:10C280000F0400000012150D0A142C2A12000000E1
:10C2900000040A0A1E1515093600000002020100FA
:10C2A000000000000000000020100808080808082E
:10C2B0001020000002040808080808080402000012
:10C2C000000004150E0E1504000000000004040414
:10C2D0001F04040400000000000000000000000033
:10C2E00002020100000000001F000000000000002A
:10C2F0000000000000000000020000001008080814
:10C300000404020202010000000E111111111111AA
:10C310000E00000000040604040404040E000000E3
:10C32000000E1111080402011F000000000E111080
:10C330000C1010110E00000000080C0A0A091E085B
:10C3400018000000001F01010F1010110E00000066
:10C35000000E09010F1111110E000000001F090845
:10C360000404040404000000000E11110E11111148
:10C370000E000000000E1111111E10120E00000020
:10C3800000000004000000000400000000000000A5
:10C390000400000004040000201008040204081037
:10C3A000200000000000001F00001F00000000002F
:10C3B000020408102010080402000000000E1111F1
:10C3C0000804040004000000000E111915151D01D9
:10C3D0001E0000000004040C0A0A1E1233000000B4
:10C3E000000F12120E1212120F000000001E110197
:10C3F000010101110E000000000F121212121212A0
:10C400000F000000001F120A0E0A02121F00000097
:10C41000001F120A0E0A020207000000001C12018F
:10C42000013911120C000000003312121E121212F8
:10C4300033000000001F0404040404041F00000073
:10C44000003E080808080808090700000037120A1B
:10C45000060A0A1237000000000702020202022246
:10C460003F000000001B1B1B1B15151515000000CD
:10C47000003B1216161A1A1217000000000E1111B6
:10C48000111111110E000000000F12120E02020213
:10C4900007000000000E1111111117190E180000ED
:10C4A000000F12120E0A121237000000001E1101B6
:10C4B000060810110F000000001F150404040404F6
:10C4C0000E00000000331212121212120C000000B3
:10C4D000003312120A0A0C0404000000001515159E
:10C4E0000E0A0A0A0A000000001B0A0A04040A0ACB
:10C4F0001B000000001B0A0A040404040E000000D4
:10C50000001F0908040402121F0000001C04040498
:10C5100004040404041C00000202020404080808C5
:10C52000100000000E08080808080808080E00009F
:10C53000040A0000000000000000000000000000ED
:10C540000000000000003F000400000000000000A8
:10C5500000000000000000000C121C123C00000053
:10C56000000302020E1212120E0000000000000072
:10C570001C1202021C000000001810101C121212E3
:10C580003C000000000000000C121E021C00000015
:10C59000003804041E0404041E0000000000000013
:10C5A0003C120C021E221C00000302020E12121288
:10C5B0003700000000040000060404040E00000020
:10C5C000000800000C080808080807000003020221
:10C5D0003A0A0E12370000000007040404040404A1
:10C5E0001F000000000000000F15151515000000C9
:10C5F000000000000F1212123700000000000000BF
:10C600000C1212120C000000000000000F12121297
:10C610000E020700000000001C1212121C1038004D
:10C62000000000001B0602020700000000000000DE
:10C630001E020C101E000000000004040E0404047E
:10C6400018000000000000001B1212123C00000045
:10C650000000000037120A0C040000000000000077
:10C6600015150E0A0A000000000000001B0A040A4B
:10C670001B0000000000000037120A0C0404030035
:10C68000000000001E0804041E000000180808082E
:10C690000408080808180008080808080808080816
:10C6A0000808080006040404080404040406000240
:10C6B000251800000000000000000000000000003D
:10C6C000000000000000000000000000000008085A
:10C6D000080808080800001818000000486C241218
:10C6E0000000000000000000000000000000242402
:10C6F000247F1212127F12121200000000081C2A5E
:10C700002A0A0C1828282A2A1C08080000002225BA
:10C710001515152A585454542200000000000C121C
:10C7200012120A76252911916E00000006060403F4
:10C730000000000000000000000000004020101079
:10C740000808080808081010204000000204080823
:10C75000101010101010080804020000000000085B
:10C76000086B1C1C6B08080000000000000000089B
:10C770000808087F08080808000000000000000002
:10C780000000000000000006060403000000000096
:10C79000000000FE0000000000000000000000009B
:10C7A000000000000000000606000000008040407D
:10C7B00020201010080804040202000000001824C1
:10C7C0004242424242424224180000000000080E49
:10C7D00008080808080808083E00000000003C425D
:10C7E00042422020100804427E00000000003C422B
:10C7F00042201820404042221C000000000020304F
:10C8000028242422227E20207800000000007E02BE
:10C8100002021A26404042221C0000000000382478
:10C8200002021A26424242241800000000007E2222
:10C8300022101008080808080800000000003C4208
:10C8400042422418244242423C00000000001824C6
:10C8500042424264584040241C0000000000000096
:10C860000018180000000018180000000000000068
:10C87000000008000000000008080400000040203C
:10C88000100804020408102040000000000000000E
:10C89000007F0000007F0000000000000000020494
:10C8A00008102040201008040200000000003C4254
:10C8B00042464020101000181800000000001C2202
:10C8C0005A555555552D42221C00000000000808FD
:10C8D000181414243C224242E700000000001F22EA
:10C8E00022221E22424242221F00000000007C42FF
:10C8F00042010101010142221C00000000001F2230
:10C9000042424242424242221F00000000003F4297
:10C9100012121E12120242423F00000000003F426B
:10C9200012121E12120202020700000000003C2236
:10C9300022010101712122221C0000000000E742B7
:10C940004242427E42424242E700000000003E086E
:10C9500008080808080808083E00000000007C10CD
:10C96000101010101010101010110F00000077227E
:10C97000120A0E0A1212222277000000000007029B
:10C9800002020202020202427F000000000077362B
:10C990003636362A2A2A2A2A6B0000000000E3468F
:10C9A000464A4A52525262624700000000001C226E
:10C9B00041414141414141221C00000000003F42F1
:10C9C0004242423E020202020700000000001C2216
:10C9D00041414141414D53321C60000000003F4243
:10C9E00042423E1212222242C700000000007C4256
:10C9F00042020418204042423E00000000007F49ED
:10CA000008080808080808081C0000000000E742A1
:10CA100042424242424242423C0000000000E742A1
:10CA200042222424141418080800000000006B4956
:10CA30004949495555362222220000000000E742AC
:10CA40002424181818242442E7000000000077224C
:10CA500022141408080808081C00000000007E21A9
:10CA600020101008040442423F0000007808080823
:10CA700008080808080808080878000000020204EE
:10CA80000408080810102020204040001E1010103C
:10CA90001010101010101010101E0000384400006C
:10CAA0000000000000000000000000000000000086
:10CAB00000000000000000000000FF000608000069
:10CAC0000000000000000000000000000000000066
:10CAD00000003C4278444242FC0000000000030297
:10CAE00002021A26424242261A00000000000000FC
:10CAF0000000384402020244380000000000604098
:10CB00004040784442424264D800000000000000E7
:10CB100000003C427E0202423C0000000000F0881F
:10CB200008087E08080808083E0000000000000011
:10CB300000007C22221C023C42423C000000030216
:10CB400002023A4642424242E700000000000C0C5A
:10CB500000000E08080808083E0000000000303001
:10CB6000000038202020202020221E000000030288
:10CB7000020272120A1612227700000000000E084C
:10CB800008080808080808083E0000000000000027
:10CB900000007F9292929292B70000000000000085
:10CBA00000003B4642424242E70000000000000015
:10CBB00000003C42424242423C00000000000000B3
:10CBC00000001B26424242221E0207000000000015
:10CBD00000007844424242447840E00000000000F7
:10CBE0000000774C040404041F0000000000000053
:10CBF00000007C42023C40423E0000000000000079
:10CC000008083E080808080830000000000000007E
:10CC10000000634242424262DC000000000000006B
:10CC20000000E7422424140808000000000000006F
:10CC30000000EB4949555522220000000000000089
:10CC400000007624181818246E0000000000000070
:10CC50000000E74224241418080807000000000020
:10CC600000007E22100808447E000000C020202022
:10CC7000202010202020202020C000101010101094
:10CC800010101010101010101010100006080808D6
:10CC900008081008080808080806000C32C200003E
:10CCA0000000000000000000000000002000000064
:10CCB0005F00010000000000000000000000020012
:10CCC000B0000000F3F760003E110408000000000F
:10CCD0003E0003008B0C0408000000000000000070
:10CCE000000000000000000000020000180000002A
:10CCF00000000000000000002503040404040404F4
:10CD000004040404040404040404040404040701E3
:10CD100026030304030403040304030403040304B9
:10CD200003040304070101050105010401040104D2
:10CD300001040104010401040105010501052203A8
:10CD4000020106000201220301000100010022038A
:10CD500001000100010022030100010001000200A6
:10CD600001000100010001000100010401040104AF
:10CD7000010401040104010401040104010402018D
:10CD8000220301040104010401040104010401045B
:10CD9000010401040104010401040104010401046B
:10CDA000010401040104010401040104010401045B
:10CDB00022030201060002012203250304040404E5
:10CDC0000404040404040404040404040404040423
:10CDD00007012603030403040304030403040304F8
:10CDE0000304030403040701010501050104010410
:10CDF0000104010401040104010401050105010508
:10CE0000220302010600020122030000740F04083D
:10CE1000F70F0408FD0F0408AB0C0408DB0C040832
:10CE2000E80C0408020D0408F90F0408ED0F0408CB
:10CE3000F30F0408F50F0408131004086B0F04081F
:10CE4000AB0F0408A20C0408E10C04086E0F0408E0
:10CE5000E90F0408EB0F0408B10C0408EF0F0408F5
:10CE6000950C0408B70C04081B1004086B0F040889
:10CE7000E10F04088B0F040801100408FF0F0408D9
:10CE8000E70F0408FB0F0408E30F0408A60C0408CE
:10CE9000F10F040825110408870F0408990F0408EE
:10CEA0006B0F0408171004080B100408700F040817
:10CEB0000F100408071004081E10040822100408AC
:10CEC000271004082C100408171004086B0F04081E
:10CED0003110040836100408910F040807100408E4
:10CEE0006B0F0408930F0408950F0408970F0408AC
:10CEF000131004086B0F0408890F04088F0F04082F
:10CF0000251104080B1004080F1004081E10040853
:10CF100022100408271004082C10040831100408FB
:10CF200036100408910F0408930F0408950F0408A5
:10CF3000970F04088F0F0408131004086B0F0408E0
:10CF4000E50F0408850F04087B0F04088D0F040803
:10CF5000830F04089F0F0408790F0408AC1004081D
:10CF6000A30F0408750F04089D0F0408A10F0408FF
:10CF70006B0F0408DD0F0408A50F0408770F0408E1
:10CF80007F0F0408810F040803100408051004082B
:10CF9000DB0F0408DF0F04089B0F0408720F04085E
:10CFA0007D0F04086B0F0408171004080B10040809
:10CFB000700F04080F100408071004081E1004085E
:10CFC000740F04089A0C0408D30F0408B10F040866
:10CFD000C90F0408CD0F0408D70F0408CF0F0408A9
:10CFE000B90F0408C50F0408C70F0408131004087C
:10CFF0006B0F0408E50F0408A70F0408CB0F040803
:10D00000AF0F0408B30F0408B50F0408B70F0408E6
:10D01000BB0F0408BD0F0408BF0F04081B10040851
:10D020006B0F0408E10F04088B0F0408D90F0408E4
:10D03000D50F0408AD0F0408D10F0408A90F040888
:10D04000C30F0408C10F040825110408870F040842
:10D05000990F04086B0F0408171004080B1004083C
:10D06000700F04080F100408071004081E100408AD
:10D0700088D0030808F30308ACCC0308A80304080D
:10D0800010000228D40500200EA0D90D90C80C80F5
:10D09000B70A60110B80D91F0991F0881F0880F032
:10D0A00088000000000D203C00000F0069002FFFE9
:10D0B000FFFFF7015C11A610006900C300008800A3
:10D0C000D2009FFFFFFFF012C523E22000D203C071
:10D0D0000000F004B0000000700000000E0000002E
:10D0E00000E0000019EFEA300CD6E6A702F40E00CB
:10D0F000001F80E000006FEF50000016FFE5000009
:10D100000E0AF00100E05F13F85E6EB005CFFE91ED
:10D1100000000E0000000070000008DD3000A700D5
:10D120004B02D004C0007700D01D20004B03D0A7D5
:10D13000000007DC34C4CC3000001D2D22D00000DC
:10D14000A63B00B30005C03A00A3001D200D00D08F
:10D1500000A60004CC40004DFC300000F718C000D1
:10D1600001F205D00000BB6E4000005FF300000735
:10D17000E6DB03802F301DBAA05F0001DF401FB443
:10D1800048FEC003BFFC40B200000000001F01F0D9
:10D190001F00F0000003F10B900F404F007D009B3B
:10D1A00000AA00AA009B007D004F000F400B9003D7
:10D1B000F15E000E6008C004F001F300F500E60027
:10D1C000E600F501F304F008C00E605E0000930075
:10D1D00088A6C209FE404DDDB142935000520000C6
:10D1E0000450000008A0000008A0001FFFFFF30388
:10D1F00039B3300008A0000008A0000103F61E604B
:10D20000E12C00000003FFF90333100003F52E406A
:10D2100000000E400004E000009A00000E400004F0
:10D22000F000009A00000E400003F000009A000099
:10D230000E500003F000009A00000E500003F000B2
:10D2400000004CFE70004FB68F900DB0005F32F4BE
:10D250000000E74F20000CA4F20000CA2F40000E8F
:10D2600070DB0005F204FB68F90004CFE700EFFB78
:10D2700044CB00AB00AB00AB00AB00AB00AB00ABF2
:10D2800000AB07DFEA108E857EC0010006F10000CA
:10D2900006F000000D900000CC00001CC00001DB77
:10D2A00000001DE544427FFFFFF97FFFFFF02444AB
:10D2B0005F900000BC000009E100003FD8100004AE
:10D2C0006DD0000002F4100002F4BD757DD019DFAE
:10D2D000EA1000000DA0000000AC00000007E10013
:10D2E00000004F40100002F600F5001DA000F50000
:10D2F0007FFFFFFFF3133333F730000000F500002A
:10D300000000F50009FFFFF00AB444400C80000063
:10D310000E7000000FFFFC4003345CF2000000F7C9
:10D32000100000F78E856CF108DFFB30002AEFD586
:10D33000003FD657400CC0000002F40000004F5BD5
:10D34000FFA104FE845DD03F80003F30E80003F27F
:10D3500006F845DC0005DFE9109FFFFFFD9D444412
:10D36000E99C0004F200000BB000002F400000AD6B
:10D37000000001F6000008E000000E8000006F10C1
:10D3800000019EFE9100BE636EC00F60006F00CC76
:10D39000202BC002EFFFE200DC424CD05F20001FD8
:10D3A00055F20002F50ED535DE001AEFEA1003BF84
:10D3B000EA202FA44BE18E0000E99D0000DD4F71B3
:10D3C00029FF07FFFC9E000210AC000002F6076573
:10D3D0008FB00AEFD7002E53F50000000000003F89
:10D3E00052E42E53F50000000000002E52F60D21ED
:10D3F000D001000000003100006CF2018ED6000F59
:10D40000C300000AFB40000017EE70000005C300D7
:10D410000000001FFFFFF303333330000000000063
:10D420000000001FFFFFF303333330040000000E41
:10D43000D71000005CF92000002AF20003AFB1060B
:10D44000DE82001C6000000000000007DFEA109E82
:10D45000746EC0010006F0000009C000008E2000BC
:10D4600006F2000008700000000000000B800000C1
:10D470000C900000006CEFDA4000003DA41016D9BB
:10D480000001E509EE98CA900A80BD43AFC0D30FF2
:10D4900013F2000CC0693C06D00007C03B4B06D01D
:10D4A0000007C02C3C03F2000CC04A0F10BD439E85
:10D4B000E3C50A8009EE91CF9001E500000000006D
:10D4C000003DA41028000000007CEFD910000000EF
:10D4D0000CF1000000003FD700000000B96E000012
:10D4E0000002F20E50000009A007D000001F30001B
:10D4F000F400007FFFFFFB0000E733334F2005F00F
:10D5000000000C900C90000006F18FFFFEC408E3B1
:10D51000334BF28E00001F58E00018F18FFFFFF828
:10D5200008E33337F68E000009C8E000009D8E3313
:10D53000347F78FFFFFD700007CFFB4000CF966A75
:10D54000F50AE20000301F600000004F20000000DC
:10D550004F200000001F600000000AE200003001C0
:10D56000CF966AF50007DFFB408FFFFEA4008E44D4
:10D5700046CF708E000007F38E000000DA8E0000A8
:10D58000009D8E0000009D8E000000DA8E000007D6
:10D59000F38E4446BF708FFFFEA4008FFFFFF68E10
:10D5A0004444418E0000008E0000008FFFFFC08EBB
:10D5B0003333208E0000008E0000008E4444428FE2
:10D5C000FFFFF98FFFFFF68E4444418E0000008E6E
:10D5D0000000008E0000008FFFFFC08E3333208ECE
:10D5E0000000008E0000008E0000000007CFFC50FD
:10D5F00000CF966AF60AE20000201F600000004F8C
:10D60000200000004F200000B91F600000B90AE3AD
:10D610000000B900CF966AF80007DFFC608E0000BA
:10D6200008E8E000008E8E000008E8E000008E8F21
:10D63000FFFFFFE8E333339E8E000008E8E00000C0
:10D640008E8E000008E8E000008E8E8E8E8E8E8E0C
:10D650008E8E8E8E02FFFFC00444BC000009C00005
:10D66000009C000009C000009C000009C02000BA16
:10D670000EB58F603CFE808E00004F508E0004F689
:10D68000008E003F70008E03F800008E2EC0000058
:10D690008EECF600008FB07F30008E000AE1008E25
:10D6A0000000CC008E00001EA08E0000008E000046
:10D6B000008E0000008E0000008E0000008E000032
:10D6C000008E0000008E0000008E4444408FFFFF5B
:10D6D000F28E00000008E8F7000002FE8FF1000063
:10D6E000BFE8DCA0004F9E8D2F300D87E8D09C0650
:10D6F000E07E8D01E7E507E8D006FC007E8D000A9C
:10D700002007E8D00000007E8E100008E8FC000032
:10D710008E8FF90008E8E6F6008E8E09F308E8E03F
:10D720000CE18E8E001EB8E8E0003FEE8E00006F28
:10D73000E8E00000AE0007CFEB500000CF966BF999
:10D74000000AE200005F601F6000000AD04F200066
:10D750000006F04F20000006F01F6000000AD00A0B
:10D76000E200005F6000CF966BFA000007DFEB502D
:10D77000008FFFFD7008E4458FB08E00005F38E039
:10D780000001F58E00003F48E0014DD08FFFFFB251
:10D7900008E33310008E00000008E00000000007DE
:10D7A000CFEB500000CF966BF9000AE200005F60FB
:10D7B0001F6000000AD04F20000006F04F2000003C
:10D7C00005F01F6000000AD00AE200005F6001DF80
:10D7D000855AFA000008DFFC5000000001EC21949B
:10D7E0000000001BFFC10000000012008FFFFD7051
:10D7F00008E4458FB08E00005F38E00001F58E0030
:10D80000003F38E0014DD08FFFFFC208E333DA005C
:10D810008E0002F608E00005F3019EFDA200CE6432
:10D820006B702F40000001F800000006FD9500001D
:10D83000016AEE500000009F00200005F13FA5475F
:10D84000EB004BEFE910FFFFFFFF2444BD44400015
:10D8500009C00000009C00000009C00000009C00FE
:10D86000000009C00000009C00000009C00000008A
:10D870009C00009C00000BA9C00000BA9C00000B9B
:10D88000A9C00000BA9C00000BA9C00000BA8E001D
:10D89000000D94F40003F50CF868FD0009EFE910A1
:10D8A0000CB000000AC05F200001F500E900008E06
:10D8B0000008F0000E70001F6005F10000AD00C907
:10D8C000000003F43F3000000CBAC00000005FF518
:10D8D00000000000EE00006F10000DB00002F21F0B
:10D8E00060003FF10008D00BB0008BE6000D700621
:10D8F000F000E69B002F2001F503F14F108D000092
:10D90000CA09B00E60D800006F0E6009B2F30000C3
:10D910001F9F1004F9D000000CFB0000EF800000F6
:10D9200007F600009F30003F50000DA008F2009D58
:10D930000000CC04F300002F9E70000006FC0000E5
:10D940000009FE1000004F4DB00001E802F7000B87
:10D95000D0007F207F20000BD00CB000009C002F57
:10D9600050002F30009E000C900000E805F10000F0
:10D9700005F3E60000000CFD000000003F40000041
:10D980000002F3000000002F3000000002F300004E
:10D990004FFFFFFF9144444AF3000003F6000001EB
:10D9A000EA000000CC0000009E1000006F40000064
:10D9B0003F7000001ED4444436FFFFFFFC8FF68DFD
:10D9C000318D008D008D008D008D008D008D008DBE
:10D9D000008D008D008D318FF65D000000F200009B
:10D9E0000B8000006D000001F200000B8000006D54
:10D9F000000001F200000B7000006D000001F20059
:10DA0000000B7000006D000001F2BFF325F302F37C
:10DA100002F302F302F302F302F302F302F302F35E
:10DA200002F325F3BFF300AD00001EC4000885A07B
:10DA300000E20E105B00970B5002E0EEEEEEE00B02
:10DA4000C00009B004CFEA100B745DB0000004F010
:10DA500004CEEEF21F8214F24F1004F21F703DF25A
:10DA600004DFD7F2BA000000BA000000BA000000DC
:10DA7000BA8EFC30BFD54BF3BE1000CABA00007E90
:10DA8000BA00007EBE1000CABFD55BF3B98EFC3071
:10DA9000007DFD6009F748F42F5000205F00000072
:10DAA0005F0000002F50002009F748F4007DFD6062
:10DAB0000000001F40000001F40000001F4008EFBC
:10DAC000C4F40AF748FF42F50007F45F00002F4551
:10DAD000F00001F42F50006F40AE637EF4008EFC26
:10DAE0004F40008EFC400AD538F42F20008C5FEEAA
:10DAF000EEFF5F2111112F70001009F846E4007D40
:10DB0000FE80009EE305F44108C000CFFFF029D35A
:10DB10002008D00008D00008D00008D00008D000AD
:10DB200008D000007EFC4E60AF747FF62F50005F7F
:10DB300065F00000F65F00000F62F60006F609F7D8
:10DB400047FF5007EFC4F50000003F20CB646EB0E4
:10DB500003AEFD8000BA000000BA000000BA000069
:10DB600000BA8EFB20BFC56DD0BE0003F2BA000024
:10DB7000F4BA0000F5BA0000F5BA0000F5BA0000EA
:10DB8000F5BAA800BABABABABABABABA000AB000B4
:10DB90009900000000AB000AB000AB000AB000AB77
:10DBA000000AB000AB000AB000AA064E71DFA0BAAE
:10DBB000000000BA000000BA000000BA001CC0BAA1
:10DBC00001CC00BA1CD100BBCF6000BFDBE100BDBF
:10DBD00011DC00BA003F70BA0007F3BABABABABA99
:10DBE000BABABABABABAB99EFA15DFD40BFB45ED88
:10DBF000E64AF2BE0006F6000E7BA0004F2000C9E8
:10DC0000BA0003F1000C9BA0003F1000C9BA00034A
:10DC1000F1000C9BA0003F1000C9B99EFB20BFB4CF
:10DC20005DD0BE0003F2BA0000F4BA0000F5BA00FD
:10DC300000F5BA0000F5BA0000F5007DFD60009F18
:10DC4000748F702F50007F05F00001F35F00002FEC
:10DC500032F50007F009F748F70007DFD600B98E64
:10DC6000FC30BFC43AF3BE1000CABA00007EBA004E
:10DC7000007EBE1000CABFD55BF3BA7EFC30BA008E
:10DC80000000BA000000BA000000008EFC3F40AF68
:10DC9000748EF42F50007F45F00001F45F00002FD8
:10DCA00042F50007F40AF748FF4008EFC4F400000B
:10DCB000001F40000001F40000001F40B98E4BFD22
:10DCC00071BE100BB000BA000BA000BA000BA00090
:10DCD00005DFEA13F735A06F000001EE9610016A28
:10DCE000EF300000D96C646F62AEFD7008D00008A0
:10DCF000D000CFFFF029D32008D00008D00008D0F2
:10DD00000008D00005F551009FE3C80002F3C800E9
:10DD100002F3C80002F3C80002F3C90003F3AB002A
:10DD200007F35F837EF306DFC5F30D90000AA06E54
:10DD30000001F300F5007D0009C00E60003F24F0F3
:10DD40000000C8B9000006FF3000000FC000C80086
:10DD500006F1000D56D000CF6003F01F302F9C005D
:10DD60009A00B807B2F10E4005E0D60C74E0000F3F
:10DD70006F007C990000AFA001FF400005F4000B8C
:10DD8000E0004F3007E109D02F4000D9D900003F13
:10DD9000D000004FE10001E7BB000BB01E707E1009
:10DDA00005F30D90000AA06F0001F300F6007D005E
:10DDB00009C00D60002F34F00000C9A9000005FF64
:10DDC0002000000EC0000000E5000094AD00001B24
:10DDD000FC2000005FFFFFA13337F40001E70000E3
:10DDE000CB00008E10004F40001EA33326FFFFFC27
:10DDF000006EA00F9201F4001F4001F4003F303F7D
:10DE0000C0006F3001F4001F4001F4001F4000FA11
:10DE10002005EA8B8B8B8B8B8B8B8B8B8B8B8B8BE4
:10DE20008BBE5002AE0005F0005F0005F0004F1001
:10DE300000DF104F5005F0005F0005F0005F002A82
:10DE4000E00BE40007EC40B41E25DFC00100000039
:10DE500004CC302B01C05700932B01C005CC3006F9
:10DE6000A10FF60BE200000000000000000000001F
:10DE700000027BFB000000049DFFFFD00003AFFF0A
:10DE8000FFFFFD0000AFFFFFFFDFD0000AFFFFB67E
:10DE900010ED0000AF9400000ED0000AF100000069
:10DEA000ED0000AF1000000ED0000AF1000045FDAB
:10DEB0000000AF1001EFFFD0179DF1005FFFFC0ED7
:10DEC000FFFF1000AFFD31FFFFE00000010003BDC8
:10DED000A3000000000050188888888405FABFDD80
:10DEE000DDDDFDAFE47F100000CA4EE04F10000002
:10DEF000C80EFEEF100000CFEFE03FEEEEEEF80EA2
:10DF0000F68F766666EB6FF8AF100000CC8FE03FBF
:10DF1000100000C80EFCDF655555EECFC25FFFFF55
:10DF2000FFF92C57750577777775FFFF1FFFFFFF08
:10DF3000FFFFFF2FFFFFFFFFEFFF0EFFFFFFFE01C1
:10DF4000100011111110EFFE0EFFFFFFFEFFFF2F5B
:10DF5000FFFFFFFFFFFF1FFFFFFFFF6887078888A6
:10DF6000888668870788888886FFFF1FFFFFFFFF76
:10DF7000FFFF2FFFFFFFFFDFFD0DFFFFFFFD000095
:10DF8000000000015000000000001DF8000000002B
:10DF900001DFFD000000001DFFE22D600001DFFE3B
:10DFA00020DFF7001DFFE2008FFF71DFFE20000879
:10DFB000FFFEFFE20000008FFFFE2000000008FFD0
:10DFC000E200000000007D200000000000000000D2
:10DFD0007F60000BE2EFF600BFF84FFF6BFFD1044C
:10DFE000FFFFFD10005FFFE10000BFFFF6000BFF29
:10DFF000DFFF60BFFD14FFF5CFD1004FF617100013
:10E00000036000000011000000000000FF0000009D
:10E01000006F21FF12F70006FF61FF16FF601FF976
:10E0200001FF109FF16FE001FF100EF6AF8001FFBE
:10E030001008FACF6001FF1006FCAF8000AA0008AC
:10E04000FB7FD00000000DF71FF80000008FF107E4
:10E05000FF91002AFF70009FFFEEFFF9000005CF3F
:10E06000FFFD5000000002442000000000000000FE
:10E07000000000000AFFA0000000000CFFC000002C
:10E0800003D6DFFFFD6D300EFFFFFFFFFFE05FFFF8
:10E09000FFAAFFFFF51AFFF4004FFFA103FFD00016
:10E0A0000DFF3004FFF0000FFF404FFFFB22BFFFCA
:10E0B000F42FFFFFFFFFFFF209FEFFFFFFEF9000CD
:10E0C000505EFFE5050000000CFFC00000000004EA
:10E0D0007740000000000003100341000000009F93
:10E0E000F50DF50000001BFDFF8DF5000002DFB10E
:10E0F0002DFFF500004FF83EC2BFF50007FF55FFAA
:10E10000FE39FE409FE38FFFFFF56FF6AC2AFFFF5D
:10E11000FFFF73E6005FFFFFFFFFF100006FFFD717
:10E120007FFFF200006FFF900DFFF200006FFF9085
:10E130000DFFF200004FFF700BFFE1000000003305
:10E1400000000000000BFFB0000000000CFFC0004A
:10E150000000000CFFC0000000000CFFC000000029
:10E16000000CFFC00000008FFFFFFFF800002EFF33
:10E17000FFFFE2000002EFFFFE200000002DFFE2A3
:10E180000000799982DE289997FFFFFB22BFFFFFED
:10E19000FFFFFFFFFFFFFFFFFFFFFFFAB3CFACCC96
:10E1A000CCCCCCCCCA0006BBBBBBBA3000004FFF06
:10E1B000FFFFFFE10000EF30000006FB0009F80060
:10E1C000000000CF504FD0000000002FE1DF84425C
:10E1D0000000344BF9FFFFFD0001FFFFFBFFFFFFD5
:10E1E000988BFFFFFCFFFFFFFFFFFFFFFCFFFFFF20
:10E1F000FFFFFFFFFB9FFFFFFFFFFFFFF600000099
:10E200000000003300018DFFC600EF004EFFFFFF4E
:10E21000E4DF04FFB3004CFFFF0EF90000008FFFA6
:10E220006FC00001FFFFFF8E500001DEEEED000029
:10E23000000000000022222200000021FFFFFF104A
:10E240000008F8FFFBBC10001EF4FFFC100001DF0B
:10E25000C0FEEFE8448EFE10FE1AFFFFFFC100FD76
:10E260000028BB940000000002700002EF0002EFE3
:10E27000FDFFFFFFFFFFFFFFFFFFFFFFFFFFFFFFB0
:10E28000FFFF3447FFF00005FF000005C00000005D
:10E290000000027000000002EF00000002EFF0003A
:10E2A0000DFFFFFF0220FFFFFFF08E1FFFFFFF00AB
:10E2B000E7FFFFFFF03F5FFFFFFF08903447FFF0ED
:10E2C00000000005FF0000000005C0000000000085
:10E2D0000000000000000007700000000270000550
:10E2E000FA0000002EF000814F600002EFF001DD27
:10E2F00007F0DFFFFFF0321E80F6FFFFFFF08E27F2
:10E30000E0B9FFFFFFF00E73F19BFFFFFFF03F54FA
:10E31000F09AFFFFFFF0890AC0D83447FFF0007F72
:10E3200043F300005FF002F60CB0000005C00000EF
:10E33000BF10000000000009E30000000000000220
:10E34000100037888888888873EFFFFFFFFFFFFE83
:10E35000FE32DFFFFFFFFFF9007FFFFDFFFFFD1033
:10E36000CFFFA07FFFFFFFFFFA0007FFFFF35FA0D3
:10E370000000CFFF3003000000CFFC0000000000D1
:10E38000CFFFCCCCCCCCCCFFAFFFFFFFFFFFF90021
:10E39000002000000001FA00000006FF1000000D40
:10E3A000FF7000006FFFF10001EFFFFA000BFFFFAD
:10E3B000FF605FFFFFFFE0CFFFFFFFF6FEBFFFFF45
:10E3C000F9FD4FFFFFF9BF49FFFFF53FE52EFFD0F5
:10E3D00006FFFFFD200028BA600004300000311F56
:10E3E000E00006F91FE0007FFA1FE009FFFA1FE0D6
:10E3F000AFFFFA1FEBFFFFFA1FFFFFFFFA1FFFFF40
:10E40000FFFA1FE6FFFFFA1FE05FFFFA1FE004FFBD
:10E41000FA1FE0003EFA0FD00002D7000000000013
:10E420000200000000000CFB2000000000FFFF9035
:10E430000000000FFFFFE6000000FFFFFFFC3000C0
:10E440000FFFFFFFFF9100FFFFFFFFFFE60FFFFF42
:10E45000FFFFFFF2FFFFFFFFFFFD0FFFFFFFFFF8D2
:10E4600000FFFFFFFFB2000FFFFFFD400000FFFFB6
:10E47000F70000000FFFA1000000006A400000004C
:10E4800000001444200144420DFFFF10DFFFF1FFA4
:10E49000FFF30FFFFF3FFFFF40FFFFF4FFFFF40F0D
:10E4A000FFFF4FFFFF40FFFFF4FFFFF40FFFFF4FA1
:10E4B000FFFF40FFFFF4FFFFF40FFFFF4FFFFF40A0
:10E4C000FFFFF4FFFFF40FFFFF4FFFFF30FFFFF3ED
:10E4D0009FFFC009FFFC001444444444420DFFFF69
:10E4E000FFFFFFF1FFFFFFFFFFFF3FFFFFFFFFFF0A
:10E4F000F4FFFFFFFFFFFF4FFFFFFFFFFFF4FFFFF2
:10E50000FFFFFFFF4FFFFFFFFFFFF4FFFFFFFFFFD6
:10E51000FF4FFFFFFFFFFFF4FFFFFFFFFFFF4FFF76
:10E52000FFFFFFFFF39FFFFFFFFFFC000210000053
:10E53000420FE20003FB0FFE3004FB0FFFF404FB6D
:10E540000FFFFF54FB0FFFFFFAFB0FFFFFFFFB0F57
:10E55000FFFFFFFB0FFFFFD6FB0FFFFD14FB0FFFBD
:10E56000C104FB0FFB0004FB0CA00003FA00000039
:10E57000000000000012000000000003FF60000027
:10E5800000002EFFF500000001EFFFFF4000001D1E
:10E59000FFFFFFF30000CFFFFFFFFE200AFFFFFF9A
:10E5A000FFFFE00EFFFFFFFFFFF203999999999992
:10E5B00050058888888888700FFFFFFFFFFFF30FE2
:10E5C000FFFFFFFFFFF40BFFFFFFFFFFD100000085
:10E5D000000000003F9000003FFC00003FFD1000E5
:10E5E0003FFD10003FFD10001FFD100000CFF400A4
:10E5F0000000CFF4000000CFF4000000CFF40000D2
:10E6000000CFE0000000A4000000000000CD1000DA
:10E61000001FFD1000003FFD1000003FFD10000036
:10E620003FFD1000003FFD000008FF900008FF9034
:10E630000008FF900008FF900002FF900000078094
:10E64000000000000004500000000002FF60000015
:10E6500000003FF70000000003FF70000000003FD3
:10E66000F7000006999AFFC99980FFFFFFFFFFFF9F
:10E670003DFFFFFFFFFFF201113FF7111000000304
:10E68000FF70000000003FF70000000003FF700073
:10E690000000000CD30000006999999999980FFF28
:10E6A000FFFFFFFFF3DFFFFFFFFFFF200000000081
:10E6B000000000000156640000000003BFFEEFF9F7
:10E6C0001000007FFA1003DFE40008FFA009B41E69
:10E6D000FF504FFF200BFF26FFE1EFFF09CFFF6345
:10E6E000FFFABFFF09FFFF54FFF61EFF51DFFB09D2
:10E6F000FFB003EFE204305FFC10002CFF956AFFCF
:10E700009000000049DFFD920000000000000000C2
:10E71000000000CD20000000000000008FF5001474
:10E72000664000000004EFACFFEFFF910000001C0A
:10E73000FFA1004DFE300000009FF5AB31EFF4006B
:10E7400007B105FFFFE17FFE100FFE302DFFF54FF3
:10E75000FF900CFFE000AFF65FFF6002FFF40006E1
:10E76000FFEFFB00004FFD10003EFFC0000002DF86
:10E77000E85401BFE300000005AEFF6007FF600042
:10E780000000000000004EF6000000000000000144
:10E79000A10000000000000000000000003ED000CA
:10E7A00000000000000CFF80000000000006FFFFDA
:10E7B000200000000000EFFFFB00000000008FFCC5
:10E7C000CFF4000000002FFB00FFD00000000BFF83
:10E7D000C00FFF70000004FFFD01FFFF100000DF0D
:10E7E000FFE02FFFFA00007FFFFF9BFFFFF3001FFA
:10E7F000FFFFB00EFFFFC00AFFFFFE24FFFFFF6018
:10E80000FFFFFFFFFFFFFFFA06CCCCCCCCCCCCCB7C
:10E81000300000000000360000000000007F80DDB6
:10E82000DB00008DEFF8FFFFB007FFFFFD556FF431
:10E830006FF8AFE2000574FF907E2000003FFA0001
:10E8400000000002EFB2504A00012EFD1DF48FB00F
:10E85000FFFFD10BFFFFFBFFFE2000CFFFFB1221CC
:10E860000000029FC000000000005B00000007A045
:10E870000000000008FFB000000008FFFFB000002B
:10E8800008FF95FFB00008FF9005FFB007FF90005C
:10E8900005FFB09F90000005FD0040000000031040
:10E8A0004C20000000B60BFE200000CFF02EFE2012
:10E8B00000CFF4002EFE20CFF400002EFECFF40097
:10E8C00000002EFFF4000000002EF4000000000005
:10E8D0001300000000083000000000000000BFF33B
:10E8E00008BBBBBB90000BFFFF39FFFFFFF1008FA0
:10E8F000CFCFF000000AF100382F948000000AF119
:10E9000000002F900000000AF100002F900000038B
:10E910000AF130002F9000001FCBF8F8002FEBBB5E
:10E92000BB39FFFFE2001FFFFFFFB09FFD2000008B
:10E930000000000008D10037888700000000EFFFCA
:10E94000FFA0000000FFFFFFFDCCCCB6FFFFFFFFE4
:10E95000FFFFFFFFFFFFFFFFFFFFFFFFFFFFFFFFC7
:10E96000FFFFFFFFFFFFFFFFFFFFFFFFFFFFFFFFB7
:10E97000FFFFFFFFFFFFFFFFFFFFFFFFFFAFFFFFF7
:10E98000FFFFFFF900000000000000000001DD10A3
:10E99000000000001DFFD100000001DFFFFD10009E
:10E9A000001DFFFFFFD100009FFFFFFFF9000001E6
:10E9B0001CFFC1100000000CFFC0000000000CFF95
:10E9C000C0000000000CFFC0000079993BFFB39924
:10E9D00097FFFFB2442BFFFFFFFFFEDDEFFFFFFFBE
:10E9E000FFFFFFFAB3CFACCCCCCCCCCCCA0000003C
:10E9F00000000200000000000004FFC7000000004B
:10EA000000AFFFF0000000001FFFFD000000000647
:10EA1000FFFFC00000000008FFF700000000000C2E
:10EA2000FF300000000004FFC00000000001EFF311
:10EA300000004A3002DFF80005DFFE15EFFB0000A2
:10EA4000EFFFFFFFFA00000BFFFFFFF70000007F62
:10EA5000FFFFA200000002BA85000000000004864B
:10EA60000000001006FFFA0002DFD1EF3CF101DFE9
:10EA7000FA0EE0AF21DFFA009FEFF6DFFA00008D1B
:10EA8000FFFFFB00000006FFFD00000048EFFFF65F
:10EA900000006FFFFBFFF6000EF3CF23FFF600EE42
:10EAA0000AF204FFF609FEFC0004FFF108DA100088
:10EAB00002620000000000000000006FFFF9870004
:10EAC0000008FFFF98F708A68FFFF95990FFA8FFED
:10EAD000FFFCCC0FFA8FFFFFFFF1FFA8FFFFFFFF46
:10EAE0001FFA8FFFFFFFF1FFA8FFFFFFFF1FFA8F45
:10EAF000FFFFFFF1FFA8FFFFFFFF1FFA7FFFFFFFF0
:10EB0000F0FFE3122222210FFFFFFFF90000ACCC3F
:10EB1000CCCB5000004999999995000EFFFFFFFF5B
:10EB2000F600FD2222224FF60FC0000001FFF3FC89
:10EB30000000001FFF6FC0000002FFF6FFFFFFFF95
:10EB4000FFFF6FFFFFDCFFFFF6FFFFB005FFFF6F6A
:10EB5000FFF6000FFFF6FFFFC006FFFF6FFFFFEDA0
:10EB6000FFFFF69FFFFFFFFFFD10CDDDDDDDDDDDEB
:10EB70002FFFFFFFFFFFF3122222222222000000BC
:10EB8000000000000000000000000FFFFFFFFFFF7B
:10EB9000F3DEEEEEEEEEEE200000000000000000DE
:10EBA000000000000DEEEEEEEEEEE2FFFFFFFFFFD5
:10EBB000FF3000000000000037888888888873EFE5
:10EBC000FFFFFFFFFFFEEFFFFFFFFFFFFE1CFFFF4A
:10EBD000FFFFFFC1D28FFFFFFFF82DFF64EFFFFEA5
:10EBE00045FFFFFA2BFFB2AFFFFFFFD3553DFFFFFD
:10EBF000FFFFFFBBFFFFFFFFFFFFFFFFFFFFAFFFB9
:10EC0000FFFFFFFFF9000000000001FFFFF000041C
:10EC1000FFFFD00006FFFF800008FFFF30000AFF63
:10EC2000FFAAA60CFFFFFFF80EFFFFFFE10BDDDFE1
:10EC3000FF6000004FFD0000007FF3000000BFA058
:10EC4000000000FF10000003F800000003C00000F7
:10EC50000000200000000455EFB5520000FFFD1F2A
:10EC6000FFB0000FFFFFFFFC0000FFFF5333200049
:10EC70000FFF97FFFB5700FFF8AFFFC6F80FFF8AA3
:10EC8000FFFC4AA1FFF8AFFFE3220FFF8AFFFFFF5F
:10EC9000F4FFF8AFFFFFFF4FFF8AFFFFFFF435528D
:10ECA000AFFFFFFF40000AFFFFFFF400007FFFFF00
:10ECB000FE20000001100000000000AF0000000076
:10ECC000018FFA30000002EFFFFF500000BFFFFF8E
:10ECD000FF10001FFFFFFFF50003FFFFFFFF7000A5
:10ECE0005FFFFFFFF90008FFFFFFFFC000DFFFFF2E
:10ECF000FFFF209FFFFFFFFFFD0EFFFFFFFFFFF263
:10ED0000022222222221000008FFC0000000000988
:10ED1000A20000005BBBBBBBBBBBBBA3FFFFFFFFF5
:10ED2000FFFFFFFBFC0C30E11D0D11FCFC0B30E084
:10ED30001D0D10FCFFFEFFEFFEFEEFFCFFF15A0879
:10ED400070A05FFCFFF37B2992C27FFCFFBFCBBBAF
:10ED5000BBBFCBFCFC0B2000000D00FCFFCFCCCCDC
:10ED6000CCCFCCFB9FFFFFFFFFFFFFF600000000B2
:10ED700000000200000000000005DFB000000000FD
:10ED800007EFFFD000000018FFFFFF70000029FF11
:10ED9000FFFFFF00003BFFFFFFFFF8000AFFFFFF40
:10EDA000FFFFF1000FFFFFFFFFFFA000049AAAAFD3
:10EDB000FFFF20000000000EFFFB00000000000E1F
:10EDC000FFF400000000000EFFC000000000000E75
:10EDD000FF5000000000000DFD00000000000004D6
:10EDE000B300000035555502000FFFFFF2F400FF9D
:10EDF000FFFF2FF40FFFFFF2FFF3FFFFFF32221F91
:10EE0000FFFFFFFFF7FFFFFFFFFF8FFFFFFFFFF891
:10EE1000FFFFFFFFFF8FFFFFFFFFF8FFFFFFFFFF79
:10EE20008FFFFFFFFFF8FFFFFFFFFF8FFFFFFFFFD9
:10EE3000F88AAAAAAAAA30000000245531000000CE
:10EE40000003AFFFFFFFC7000002BFFFFEDEFFFFB2
:10EE5000F6005FFFB51000038EFFB0DFD3000000A7
:10EE600000008FF5180005AEFEC81004600002DF38
:10EE7000FFFFFFF80000000CFF95347DFF4000000D
:10EE800002A20000007700000000000296000000CF
:10EE9000000000000DFF500000000000000EFF60A9
:10EEA00000000000000005DA000000005BBBBBBBF7
:10EEB000BBBBBBBA20FFFFFFFFFFFFFFFF90FC12B1
:10EEC00022222222220FF7FC5FFFFFFFFFFF2CFA16
:10EED000FC5FFFFFFFFFFF21FAFC5FFFFFFFFFFF6B
:10EEE00027FAFC2666666666661FFAFEBBBBBBBBDE
:10EEF000BBBBBFB1AFFFFFFFFFFFFFFF5000000034
:10EF00000000000000005BBBBBBBBBBBBBBA20FF6B
:10EF1000FFFFFFFFFFFFFF90FC1222222221000FC4
:10EF2000F7FC5FFFFFFFF8000CFAFC5FFFFFFFF844
:10EF30000001FAFC5FFFFFFFF80007FAFC26666697
:10EF40006663000FFAFEBBBBBBBBBBBBBFB1AFFF71
:10EF5000FFFFFFFFFFFF5000000000000000000067
:10EF60005BBBBBBBBBBBBBBA20FFFFFFFFFFFFFF11
:10EF7000FF90FC1222221000000FF7FC5FFFFFD071
:10EF800000000CFAFC5FFFFFD0000001FAFC5FFFFD
:10EF9000FFD0000007FAFC2666665000000FFAFE5C
:10EFA000BBBBBBBBBBBBBFB1AFFFFFFFFFFFFFFFE7
:10EFB000500000000000000000005BBBBBBBBBBBFF
:10EFC000BBBA20FFFFFFFFFFFFFFFF90FC122200F4
:10EFD0000000000FF7FC5FFF300000000CFAFC5F40
:10EFE000FF3000000001FAFC5FFF3000000007FA6C
:10EFF000FC2666100000000FFAFEBBBBBBBBBBBB10
:10F00000BFB1AFFFFFFFFFFFFFFF50000000000098
:10F01000000000005BBBBBBBBBBBBBBA20FFFFFF5C
:10F02000FFFFFFFFFF90FC0000000000000FF7FC57
:10F030000000000000000CFAFC00000000000001CD
:10F04000FAFC00000000000007FAFC0000000000CD
:10F05000000FFAFEBBBBBBBBBBBBBFB1AFFFFFFF2B
:10F06000FFFFFFFF50000000000000000000000054
:10F07000000007B20000000000000ADFFA000000F4
:10F08000000000A93DF5000000044002E00010006F
:10F090000000AFF80B600000006C30FFFFFFFFFFC7
:10F0A000FFFFFFF4AFF9000C5000006D4005500069
:10F0B00004C00000100000000000C43EE800000092
:10F0C0000000002EEFFA000000000000004FFA00E0
:10F0D000000000000000000000000000011000001F
:10F0E0000007EFFFB30000AFFD8FFF2004FFFD0915
:10F0F000FFB00AFEFD12AFF00EF55D2C0EF30FFF10
:10F1000033129FF50FFFF307FFF60FFFE206FFF63E
:10F110000FFE24137FF50DF57D2C0DF30AFFFD1175
:10F12000BFF003FFFE0BFFA0007FFEBFFE10000339
:10F13000ACDC810000003443000005667FFFF96607
:10F1400050FFFFFFFFFFFF356666666666501CCC0A
:10F15000CCCCCCC402FFFFFFFFFF602FF3FB7F6D21
:10F16000F602FF2FB7F5DF602FF2FB7F5DF602FF9F
:10F170002FB7F5DF602FF2FB7F5DF602FF2FB7F5AB
:10F18000DF602FF3FB7F6DF601FFFFFFFFFF5007EE
:10F19000BCCCCCCC9000000000000001200000009E
:10F1A000000004FF500000000002FFFF50000000BC
:10F1B0000439FFFE00000004FF39FFA0000004FF37
:10F1C000FF39B0000004FFFFFF20000004FFFFFF35
:10F1D000B0000004FFFFFFB0000004FFFFFFB0001D
:10F1E0000004FFFFFFB0000000BFFFFFB000000001
:10F1F0000DFFFFB000000000FFFFB000000000099D
:10F20000A8600000000000000017888888888740F8
:10F210000002EFFFFFFFFFFFF4003EFFFFCFFFCF35
:10F22000FFF703EFFFF908F809FFF83EFFFFFE20A4
:10F23000402EFFF8DFFFFFFFE101EFFFF89FFFFF28
:10F24000FF80008FFFF809FFFFF902C209FFF800F5
:10F250009FFFFE4EFE4EFFF80009FFFFFFFFFFFF7E
:10F26000F700008FFFFFFFFFFFC10000000000005C
:10F2700003EFFFFFE203FBFBCEBFA4FF1D03A1FAD8
:10F28000FFF1D03A1FAFFFFFFFFFFAFFFFFFFFFFC5
:10F29000AFFFFFFFFFFAFFFFFFFFFFAFFFFFFFFF23
:10F2A000FAFFFFFFFFFFAFFFFFFFFFFAFFFFFFFFC8
:10F2B000FFADFFFFFFFFF829AAAAAAA800000000DF
:10F2C0000000000300000000000004F1000820001E
:10F2D0000001FF100BF70000002FF10CFF944444D5
:10F2E00045FF1BFFFFFFFFFFFFF18FFFFFFFFFFF4A
:10F2F000FD007FF70000000000006F6000000000CC
:10F3000000003000000000000000000000000000CD
:10F310000000C003000000000000C003030A00005A
:10F320000F008005050500051C00D0090A0A000031
:10F330004E00B008090F00FE9200D00B0C0A00002E
:10F34000CE00A0090A0B00FF0501F002030500052D
:10F350000D01B004040E01FD2901C004040E00FDDE
:10F360004501A00506060005570120080807000210
:10F3700073013003030500FE7B01600505030003F4
:10F3800083013003030300008801F004070EFFFF30
:10F39000B9015009090A0000E6013005040A00001D
:10F3A000FA011008080A000022020008080A0000FA
:10F3B0004A0260090A0A00007C021008080A0000DC
:10F3C000A402A008090A0000D1026008080A00008F
:10F3D000F9020009090A00002603A008080A000033
:10F3E0004E033003030800005A033003030B00FDF3
:10F3F0006B032008080800018B03200808060002A0
:10F40000A303200808080001C3030008080A00003D
:10F41000EB03800E0E0D00FD4604400A0C0AFF00AF
:10F420008204A00A090A0100AF04200A0A0A0000A7
:10F43000E104900B0A0A010013056009080A0100A3
:10F440003B05E008080A01006305D00A0A0A00002B
:10F450009505600B090A0100C2055004020A01006B
:10F46000CC053007070AFF00EF05100A0A0A010061
:10F4700021065008080A01004906600D0B0A010028
:10F480008006600B090A0100AD06C00B0C0A0000E3
:10F49000E906200A090A01001607C00B0C0D00FD41
:10F4A0006407300A090A01009107B008090A000040
:10F4B000BE073008090A0000EB07100B090A01001B
:10F4C0001808F0090B0AFF004F08C00F100A0000CF
:10F4D0009F0870090A0A0000D10810090B0AFF00F2
:10F4E00008093009090A00003509B004040E01FDBD
:10F4F0005109F004070EFFFF8209B004040E00FD5D
:10F500009E09300807060102B3090007070100FF42
:10F51000B709600805020109BC0960080808000075
:10F52000DC099009080B0100080A0008080800001F
:10F53000280A9009090B00005A0A900808080000E0
:10F540007A0AF004060B00009B0AB009090B00FDC3
:10F55000CD0A9009080B0100F90AE003020B010033
:10F56000040B0004050EFEFD270BA008080B01008C
:10F57000530BE003020B01005E0BD00E0D080100DF
:10F58000920B900908080100B20BE008090800007E
:10F59000D60B9009080B01FD020C9009090B00FD28
:10F5A000340CC00505080100480C000707080000DE
:10F5B000640CD005060A0000820C800908080100CE
:10F5C000A20CD0070908FF00C60C900C0D08000023
:10F5D000FA0CC007080800001A0DD007090BFFFD40
:10F5E0004C0D500707080000680DF004050E00FDE3
:10F5F0008B0D3004020E01FD990DF004050E00FD87
:10F60000BC0D200808030003C80DE0050605000630
:10F61000D70D600404030003DD0D000E0F0FFFFE85
:10F620004E0E000E0E0B00009B0E000E0E0D00FF86
:10F63000F60E000E0E0B0000430FA0090A0B00008F
:10F640007A0F000E0E0F00FEE30F000E0E0F00FEED
:10F650004C10C00F100D00FFB410000E0E0F00FE76
:10F660001D11C00F100B00007511000E0E0F00FED3
:10F67000DE110007070C00FF0812800A0B0C00FFC8
:10F680004A12C00F100E00FEBA12000E0E0B000040
:10F690000713A0090A0F00FE5213400C0A0E01FEC8
:10F6A0009813400C0D0F00FEFA13400C0D0D00FFD7
:10F6B0004F14400C0D0D00FFA414400C0A0E01FE67
:10F6C000EA14400C0E0DFFFF4515C008090D00FFA0
:10F6D0008015C008090D00FFBB15400C0D0D00FF83
:10F6E0001016400C0D0400032A16C00F100B00006A
:10F6F00082168011120F00FE0917C00F110FFFFEB6
:10F700008917000E0E0D00FFE417400C0D080001D4
:10F710001818400C0D0800014C188011120B000045
:10F72000AF18000E0E0B0000FC18000E0E0F00FEAE
:10F730006519000E0F0FFFFED619400C0D0D00FFCE
:10F740002B1A400C0D0F00FE8D1A400C0D0D00FF02
:10F75000E21A400C0D0C00FF301B000E0E0B0000D7
:10F760007D1BC0080A0FFFFEC81B400C0D0F00FEDA
:10F770002A1C400C0D0F00FE8C1CC00F100B00004B
:10F78000E41C000E100FFFFE5C1D800A0B0F00FE34
:10F79000AF1D8011120D00FF241E8011120A0000FF
:10F7A0007E1E8011120A0000D81E8011120A00006D
:10F7B000321F8011120A00008C1F8011120A0000F3
:10F7C000E61F8011120C00FF5220400C0C0F00FEAF
:10F7D000AC20400C0D0F00FE0E21000E0F0FFFFE9F
:10F7E0007F218011120B0000E221800A0B0F00FE26
:10F7F0003522100E0F0A000000010000000000007A
:10F8000000010000020000000002000000000000F3
:10F8100000000000000000000000010000000000E7
:10F82000000000000000000000010A0006FB0000CC
:10F830000000F4F3020B0504F7020B0109020700B4
:10F84000000000000000000000000D02FE000000AB
:10F850000000000000000000000400F900000000AB
:10F8600000FC04040000FE00FE0200FE00FEFFFC9F
:10F8700000000000FE0000FDFD0000FE00FC000096
:10F8800000000000000000FEFE00FD00FA00E500A0
:10F8900000FC0004070000FC02020704FC04000056
:10F8A000F30000000000000000000000F80000006D
:10F8B0000000000000000000000000FAFDF500F765
:10F8C000FE00000000000900F9FEFF0100FC00003E
:10F8D000FEEF0000000000000000000000EEFE0946
:10F8E000000000000000000000000000F700000021
:10F8F000000000000000000700020000FC00000003
:10F9000000000000000000000000000000000902EC
:10F9100001000000000000000000000000000000E6
:10F9200000000000000000000000000000000000D7
:10F930000000000000000000F800000000000000CF
:10F9400000000000000000000000000000000002B5
:10F95000040207FE000004FEF9E102060400FD00B7
:10F96000080007000700EB00FD070007FE04020087
:10F970000001FE0000FC120012000700090304074A
:10F98000000000F80000000001FE0002FCFDFC0287
:10F9900000FE000000F70000000000000000000072
:10F9A00000F1000000000000000000000000000066
:10F9B0000001F400F200000000FE0016FDFD02024E
:10F9C000FE00FD020000F400000000000000000046
:10F9D0000000EA000200000000000000000000003B
:10F9E00000F2000D0000F8000700F1EAF1FC07004A
:10F9F00000F10003FB00FD0000000000000000001B
:10FA00000000000607E50000000000000000000004
:10FA100000000B000200000000000202FDFC00FFDD
:10FA2000FFFE0000FE000000FC00FE00FBFC00FAF0
:10FA3000F9F9FC00FC00FC00000000FE00000200E0
:10FA400002FE000100000002FE000000FE0202FFB4
:10FA5000000000FC00FF0000000000010003FE00A9
:10FA6000FD00FC0000FE00070000FE00000000009A
:10FA7000FF01FEFE0000FE00FE000000000000008E
:10FA80000000FFFF00FEFD0000000000010000FE7E
:10FA900000FEFEFE000000000000000000FF00006D
:10FAA0000000FEFD00FD00F9FEF9040000FC020468
:10FAB0000600FAFFFD00FFF502FE02F4020000015D
:10FAC000F400F4FEEDFE00F5000406000300000063
:10FAD000000000FCFD00F9000000FE000000FE0038
:10FAE00000000000FFFF00FFFD000000000000001C
:10FAF000FEFE00FEFDFE0000FE0000000000000013
:10FB000000000000FEFE00FD00FE00FC020000FD03
:10FB1000010202000000000000FE000000000002E0
:10FB20000000FE00FEFEFD000000000000000200DC
:10FB3000FE00000000FEFD00FC0007FE01F90000D1
:10FB400006F5F4F7FC0200FEF1FC00FC00FC03FCEF
:10FB5000F200FA000001FF02FE000200F9F700F5D2
:10FB6000FBFBFBF9FDFA00FCFA01000100FE0000BE
:10FB7000000200020000000000000000000000FE83
:10FB800000FF00FFFE00FCFBFBFF00F9000000008F
:10FB90000000FE0000000001FF0000000200000065
:10FBA00000000000000B0000000000000200000048
:10FBB000FE0000000000000000000000FC00020049
:10FBC000000000000000000000000000FE00000037
:10FBD000FC00000000F5F9000000FDF50000FE0249
:10FBE00000FA00000000000000000000FC0000FC23
:10FBF0000000000000000000000000000200FC0007
:10FC0000000000030002FCFC00FEFEFD00000000FE
:10FC10000000F900FE00FDFE00FBFAF9FE00FC000A
:10FC2000F900000000120000010000FD000200F6D3
:10FC30000000000000EBFC0707FEF70002FD00F5E6
:10FC4000FFFD02F0FE030003F8FDF8F9F70000F3F2
:10FC5000000D0000FF000000FFFFFEFAF900EB00BE
:10FC60000000000000000000010000000000000093
:10FC7000000000000000000000FE00FFFEFD00008C
:10FC8000FC00FE000000000000000000000000007A
:10FC90000000FF00FC000004FF0300FB02FEFFFA6F
:10FCA000FE00FDFEFE00FDFC0000FEFFFEFCFD0070
:10FCB00000FE0002FE00FB000000FC00FC00FCFC5B
:10FCC000020000000000000000FC0200FD00FEFD3C
:10FCD000F9FEFEFEFFFEFDFF0000000000FEFEFE3E
:10FCE0000000000003FE00FE000000FEFDFEFEFD21
:10FCF000FE000209FF00FA00FE0400FEF7FD03000B
:10FD000000F5FC02FC0200FEFEF900FD010000FC13
:10FD10000000000202FCFC00FCFEFDFEFE00FC01F7
:10FD2000FCFC0700000000000000000002000000D2
:10FD300000000000000000000000000000000000C3
:10FD400000000000FC0000000000000000000000B7
:10FD500000000000000000000000000000000000A3
:10FD60000000000000000000000000000000000093
:10FD7000FE00000000000000000000000000000085
:10FD80000000000000000000000000000000FEFE77
:10FD9000000000000000000000000000FD0000FD69
:10FDA0000000FEFE00000000FE00000000FF00005A
:10FDB000000000FE00000000FD00FC000000F90053
:10FDC00002FB0400FEF50000FBFE00F7FAFA00005B
:10FDD000F6FEF7F7F500FA00020FFD00FBFEFFFE4E
:10FDE000FCFAFCF8F7FBFE0000FE00010000F0FE4C
:10FDF0000705FBF80001F900F5FEFE04EBFD01002C
:10FE000000F1FDF4FEF00000F0000D0100FE000026
:10FE10000000FFFEF7FE00F100000000F900FE0008
:10FE2000FFFAF50000FFFDF9FE00FE00000000F6FD
:10FE3000FEF9F9FEFCFAFEFC00FCFEF9FD00FDFCFB
:10FE4000FEFC000100FEF9000400FC0000000003BD
:10FE50000002FC0900FEFEFD000000000000F900A9
:10FE6000FE00FDFE00FBFAF9FE00FC0209000000A6
:10FE700000120000010000FD000200000000000070
:10FE80000000000000000000FEFC0000000000FF79
:10FE9000000000FEFE0000FCFE0000FC0004FF006D
:10FEA00000000000000100000000030402FE00F951
:10FEB000FC0007F9F9FCFC090402EDFE04FE00FE5B
:10FEC00002FEF800FE02FDFEF9FE0000070400FA43
:10FED00000F4FD06FDF701FDF9F9FE090200FD0041
:10FEE000FA000207FBF8F7FA070001F0FE02FCFE39
:10FEF000FB00FBF8FDFDFE0000FBFBFE000705FE1E
:10FF0000F400F4FD00F8F3FFF9FCF9FA060000FD37
:10FF100000FCFE00FEFC0004F9020000F400FEFB01
:10FF2000FCFEF9FAF9FB00F9FEFBFCF9FE0000010A
:10FF30000BFC00F9FE00FEFCFBFAFAF7FDFC0400E6
:10FF4000FD00F5FD0104F9F8FCF907FE01EBFC04E6
:10FF5000FBFCF800F9F7FDFEFEFEFBF9FF000007D1
:10FF600006FEF100F3FB05F7F1FCF8F7F5F90400E4
:10FF7000000000FD000002FD0402FC040000F9FF87
:10FF800000FF000101FE000000000000FE00000074
:10FF90000002070000FD00000000FEFEFD00000062
:10FFA0000102000000000200FE000900040101FD42
:10FFB000000400000002000000000000000000003B
:10FFC0000007000600000000000000000000000024
:10FFD0000000F300FE04000700001603FCFC020210
:10FFE000FE01F500000BF30000000000000000001F
:10FFF0000000F1091F0000000000000000000000E8
:020000040804EE
:1000000000F30000000000000000000000000000FD
:10001000000000000000000000000000FC0000FCE8
:10002000FE000000000000000000000000000000D2
:1000300000000000FE00FA0000010000021DFCFEAE
:100040000706FA0200000202FD00000000000000A6
:1000500000000000E30600000000000000000000B7
:1000600000000000000000FA000000FA000000009C
:10007000FBFF000000FB00FD00F500000000000099
:100080000000000000F1000000000100000000007E
:1000900000FE0000FC00FD00FA000000FC02FD0074
:1000A00000FAFEFB0000FA00FE00F500FE0000EE84
:1000B000FCF7FEF80000F100FAFF0000000000006D
:1000C0000000FDFCFEFC00000000FB00FB03FE0442
:1000D00000FEFBFEFCFC00FDFFFE02FAFF0000003C
:1000E000ECFEFD00FB00FEF5FE0000FEFE00000041
:1000F000000200FEFCFE0400000000000000000002
:1001000000000000000000000000000000000000EF
:1001100000000000000000000000000000000000DF
:10012000000003000000000000FB00FE000000FCD7
:1001300002000000FAFEFC0000FA00FE00F50000DC
:100140000000EA00FCF8F50000F100FEFD000000F0
:100150000000000000FEFDFFFD01000004FD00079F
:100160000BFEFEF9030B0405FA030903060506005E
:10017000000000000000000000000E0BFCFE00FE6E
:10018000120A12000000020000080000FC0000003B
:10019000000000000000FE0000000000000000035E
:1001A00000000000EDFDFEF7F50000F1000000008A
:1001B00000000000000000000000000000FC000043
:1001C00000000000000000FE000000000000000031
:1001D0000300000000EDFDFEF7F50000F700000051
:1001E000000000000000000000000000000000000F
:1001F000FE000000FB0200FE020402F90000FE0205
:10020000000200000000FA00FEFEFC00FEF7000EF7
:10021000FE00FBFE00FEFC00FEFAFCFD000000FC00
:10022000000000000000000000FE000000000000D0
:1002300000000300000000EDFDFEF7F50000F100F6
:1002400000000000000B00000000000000000000A3
:10025000FC00F9FDFE07FEFEF701FF01FEFA0005B6
:1002600000020102FBF7FD00F7FCFAF7F700FCFCC7
:10027000FDFDFEFEFDFE00FEFF030003FE00070085
:100280000000000000000000000000FEFEFE000074
:10029000FA00FF00FC000000000000000000000069
:1002A000F30000000000000000000000FEFE00FD62
:1002B00000000000FE0000FCFE0200FCFCFE00FA54
:1002C000FEFBFEFD00FC000000000000000000003E
:1002D00000F100070000FC00000000FD00FE00002F
:1002E000FF0000FE00FB000009FDF9F90202020018
:1002F000FA020302070207FEFA0000F70000F9FA0B
:100300000000FC00FDFC00FD00FD00FE0300FEF906
:10031000FE080000FE00FC000003FB0002FE0200DD
:1003200000F900FEFF00FE02FE000000F7FDFB00EA
:10033000F90000F50008FE00FC000100FE00FEF9D7
:1003400000FE0200000000FE000002FD010000FDB2
:10035000FE00FD00000000000000000000000000A2
:1003600000000000F200050000FE00000000000098
:10037000FEFE0000000400050000000000F2F30192
:100380000A0704F70209000800040000000000004A
:1003900000000000000C0000000000000000000051
:1003A0000000000000000000F8F70308B80304088C
:1003B000560404083D31000000000102000304055A
:1003C00002060708090A090A0B0C000D0E0F10118E
:1003D00012130C14140000001516171819161A1B06
:1003E0001C1D1D1E1F201D1D1621222303241E253A
:1003F00025262728292A2B002C002D2E2F3031329C
:10040000332D343435302D2D2E2E36373839333ABE
:100410003A3B3A3C290000093D0900000000000079
:1004200000000000000000000000000000000000CC
:1004300000000000000000000000000000000000BC
:1004400000000000000000000000000000000000AC
:100450000000000000000000010200030405020685
:100460000708090A090A0B0C0D0E0F10110C1213C4
:10047000141515000000161718191719191917194E
:10048000191A1919191917191719031B1C1D1D1EE3
:100490001F20212223002400252627272700272686
:1004A000282926262A2A272A272A2B2C2D2E2E2FAA
:1004B0002E30000023093109000000000000000078
:1004C000000000000000000000000000000000002C
:1004D000000000000000000000000000000000001C
:1004E000000000000000000000000000000000000C
:1004F0000000000090080408952E0108000000008C
:1005000000000000052F0108000000004104000069
:10051000900804084D3A0108D53A0108000000008F
:10052000F13A010804010D000006000090080408DB
:10053000C5420108000000000000000000000000AB
:10054000D127D1274402000090080408D1430108B4
:100550001944010800000000314401080401820030
:100560008503000090080408715101080000000094
:100570000000000000000000C300C300041C0000D5
:1005800090080408B52503080000000000000000E2
:100590000000000064202B00000000009008040808
:1005A0009D2603080000000000000000000000007D
:1005B0006420D1270000000090080408ED560108CF
:1005C0004D57010800000000BD57010864200401D8
:1005D000C008000090080408056101084561010891
:1005E0000000000065610108D127D127C402000086
:1005F000900804088966010800000000000000005F
:10060000DD660108040104010104000090080408EB
:10061000D9090208DD0A020800000000050B0208E3
:100620008200D1270504000090080408291202085E
:100630005D12020800000000990C02080000000092
:1006400080020000D9150208E91402081000030016
:1006500000FF010070D0030800000000000000004F
:10066000900804084D260208E53302080000000047
:1006700015340208D127D127C0030000480504081B
:10068000AD4802080000000000000000000000006B
:100690006420322001040000900804081D4C020868
:1006A000894C020800000000BD4C0208D127D12768
:1006B000C004000090080408456202080000000021
:1006C00000000000596202081A001A0080020000AF
:1006D00090080408DD65020800000000000000002A
:1006E000F9650208D127D127C00200002C050408B3
:1006F00000000000000000000000000000000000FA
:100700000000000000000000900804080000000045
:10071000000000000000000000000000C300040111
:10072000000000009806040800000000000000001F
:1007300000000000000000000000000000000000B9
:100740009008040835770208A1780208000000002C
:1007500000000000C30004014006000090080408E7
:100760007D7802080000000000000000000000008A
:100770006420D12700000000900804080000000059
:100780000000000000000000000000000000000069
:1007900000000000900804080000000000000000B5
:1007A0000000000000000000000000000000000049
:1007B00090080408A9780208DD780208000000000B
:1007C000000000006420D127800200009008040887
:1007D0006D79020800000000000000000000000029
:1007E0006420D127000000009008040800000000E9
:1007F000000000000000000000000000D127D12709
:100800000000000090080408000000000000000044
:1008100000000000000000000000000000000000D8
:100820009008040800000000000000000000000024
:100830000000000000000000000000009008040814
:10084000DD7A0208F97A020800000000117B020834
:1008500000000000C0030000900804080000000031
:100860000000000000000000000000006420642080
:100870004002000090080408000000000000000092
:1008800000000000000000000401D12780030000E8
:100890000000000031910208799202080000000077
:1008A00005930208820082004A020000C6E165D179
:1008B00045C1E3B0CCD8CBC0AAA869883589F47803
:1008C000D368B148B65975513441D230553AF331F5
:1008D000B2290F195C1CBA1B3813340ADC045A0401
:1008E000B703B3027805B40411040C034F04CD031D
:1008F0004B0368020845673CE62BE41A887DE76CE9
:100900004554433346C6A5ADE49CA283C6FE05FE0E
:1009100044FDE2F380FD00FD60FC60FB60FCE0F361
:1009200060EB80E283F243E202DAA1B9686A065A18
:10093000A54924396F53CC4229328721AE730C6309
:10094000084204218AEA8EE3D3EC7AFE5DFF0FEAC7
:1009500012F376F4DAFD3DFF37AA59BB9BCCFCE5D8
:100960003EF7B87AB993FBB43DD63EEF585B397C7D
:100970005B9D5DC65EEF3E45BE655F96FFBE9FE731
:10098000BE2D1E4EBF863FB7BFE73B269C4EFD8661
:100990005EB7BFE73325B54D5886FBB69EE7CD65FC
:1009A0003086B4A639CFBDEF6C9EB0AE14C779DFE8
:1009B000DDF70AD72EDF73E7B8F7DCFF6BFF8EFF9A
:1009C000B3FFD8FFFCFF45FEA9FE10FF76FFDCFF5A
:1009D00024FDA9FD70FE16FF9CFF88FB4CFC52FD18
:1009E00077FE5CFF6C8B4FA454BD79D65DEF937C92
:1009F0003595F8B5DBCE7EEFF7BD1CE77DEFBEF792
:100A0000DFFF06F2ECE83699D661963ABE245E0521
:100A1000FA05B1046A4D098EE7CE47FF00FEC0FC1F
:100A2000A4FAA97AF163F39C9008040869DB020830
:100A3000000000000000000035DC0208D127820021
:100A4000C502000098060408000000000000000035
:100A500000000000BDE2020800000000C004000029
:100A60001005040829E5020800000000000000004D
:100A700095E502080000000085070000080B040847
:100A800019ED02080000000000000000A5ED0208BA
:100A90008200000081070000F4040408F1F202085B
:100AA0000000000000000000000000000000000046
:100AB000000000009008040881FB0208A9FB02085E
:100AC00000000000B1FB020834001E008402000098
:100AD0009008040851FE02088DFE02080000000084
:100AE0000DFF0208D127D1278503000090080408D4
:100AF000450303088D04030800000000F104030807
:100B00006420642000030000900804080D09030815
:100B1000ED0B0308000000001D0C03080401820017
:100B20004406000090080408651603080000000051
:100B30000000000000000000000000008002000033
:100B400090080408A516030800000000000000003B
:100B5000000000000000000080020000900804086F
:100B6000C92303080000000000000000000000008E
:100B70006420642040020000820C04080000000091
:100B80000000000000000000000000000010000055
:100B9000180000000000000000000000F30C040832
:100BA000FB0C0408AD0C0408B30C0408EA0C0408A0
:100BB000A80C0408EE0C0408E30C0408C20C04089A
:100BC000D50C0408CC0C0408B90C040800003C0245
:100BD0007804B306EE08280B610D990FD0110614A6
:100BE0003A166C189D1ACB1CF71E212148236C2540
:100BF0008E27AC29C72BDF2DF32F03321034183684
:100C00001C381C3A173C0E3EFF3FEC41D443B6451E
:100C100093476A493C4B084DCD4E8D504652F9538F
:100C2000A5554B57EA58825A135C9C5D1F5F9A602A
:100C30000D627963DD6439668D67D9681D6A596B09
:100C40008C6CB76DD96EF36F04710C720B730174F9
:100C5000EE74D275AD767F7747780679BB79677A7F
:100C60000A7BA27B327CB77C337DA57D0D7E6C7EBA
:100C7000C07E0B7F4B7F827FAF7FD27FEB7FFA7F7F
:100C8000FF7F6C76676C5461736B00646566617599
:100C90006C745461736B00546D7251004E6F0A6432
:100CA0006174610062696E004A756E65004D617223
:100CB000636800417072696C00446563656D6265CC
:100CC000720053657074656D626572004E6F766573
:100CD0006D626572004F63746F62657200256420F7
:100CE000257300417567757374004D6179004A750D
:100CF0006C79004A616E7561727900466562727541
:100D000061727900323032330A323032320A323094
:100D100032310A323032300A323031390A3230312F
:100D2000380A323031370A323031360A3230313512
:100D30000A323031340A323031330A323031320A39
:100D4000323031310A323031300A323030390A3201
:100D50003030380A323030370A323030360A3230EA
:100D600030350A323030340A323030330A323030E3
:100D7000320A323030310A323030300A31393939C2
:100D80000A313939380A313939370A313939360AAD
:100D9000313939350A313939340A313939330A317F
:100DA0003939320A313939310A313939300A313970
:100DB00038390A313938380A313938370A3139384F
:100DC000360A313938350A313938340A313938334D
:100DD0000A313938320A313938310A313938300A72
:100DE000313937390A313937380A313937370A3129
:100DF0003937360A313937350A313937340A31391A
:100E000037330A313937320A313937310A31393714
:100E1000300A313936390A313936380A31393637FC
:100E20000A313936360A313936350A313936340A1B
:100E3000313936330A313936320A313936310A31ED
:100E40003936300A313935390A313935380A3139CC
:100E500035370A313935360A313935350A313935C0
:100E6000340A313935330A313935320A31393531BD
:100E70000A313935300A313934390A313934380ACE
:100E8000313934370A313934360A313934350A3197
:100E90003934340A313934330A313934320A313988
:100EA00034310A313934300A313933390A3139337E
:100EB000380A313933370A313933360A3139333563
:100EC0000A313933340A313933330A313933320A8A
:100ED000313933310A313933300A313932390A3153
:100EE0003932380A313932370A313932360A313932
:100EF00032350A313932340A313932330A31393232
:100F0000320A313932310A313932300A3139313924
:100F10000A313931380A313931370A313931360A33
:100F2000313931350A313931340A313931330A3105
:100F30003931320A313931310A313931300A3139F6
:100F400030390A313930380A313930370A313930DD
:100F5000360A313930350A313930340A31393033D3
:100F60000A313930320A31393031000A0025640043
:100F7000200022003123002400250026002700281D
:100F80000029002A002B002C002B2F2D002F0030D1
:100F90000036003700380039003A003B003C003D85
:100FA000003E003F004000410042004142430044F7
:100FB00000450046004700480049004A004B004CED
:100FC000004D004E004F0050005200530054005599
:100FD0000056005700580059005A005B005C005D45
:100FE000005F006200616263006600670069006A7A
:100FF000006D006F0070007100750076007700785A
:10100000007A007B007D00EF808C00EF819300EF81
:10101000819400EF959A00EF849C00EFA2A2004219
:10102000746E310042746E320042746E330042744A
:101030006E340042746E35004F7074696F6E2031EB
:101040000A4F7074696F6E20320A4F7074696F6E48
:101050002033004F7074696F6E20310A4F707469CD
:101060006F6E20320A4F7074696F6E20330A4F70B2
:1010700074696F6E20340A4F7074696F6E2035008A
:10108000E280A200546F7563682053637265656ED9
:101090002041646A757374204F4B21005450204ED8
:1010A00065656420726561646A7573742100506CB3
:1010B0006561736520757365207468652073747944
:1010C0006C757320636C69636B2074686520637250
:1010D0006F7373206F6E207468652073637265652B
:1010E0006E2E5468652063726F73732077696C6C21
:1010F00020616C77617973206D6F766520756E74F1
:10110000696C207468652073637265656E20616424
:101110006A7573746D656E7420697320636F6D708A
:101120006C657465642E00002100200069006A006F
:101130006C006B006D006E00630062000000000038
:10114000721F51EF58EF5BEF5CEF5DEF61EF63EF04
:1011500065EF69EF6CEF71EF76EF77EF78EF8EEF79
:1011600093EF98EF9BEF9CEF9DEFA1EFA2EFA3EF22
:10117000A4EFB7EFB8EFBEEFC0EFC1EFC4EFC7EF1A
:10118000C8EFC9EFCBEFE3EFE5EF14F015F017F080
:1011900019F030F037F03AF043F06CF074F0ABF047
:1011A0003BF190F191F192F193F194F1D7F1E3F1E8
:1011B0003DF254F2AAF412F7F2F70000E01104082D
:1011C00000000020F8000000EC010008D81204081C
:1011D000F800002030EF00000C02000800000000C2
:1011E0000100000010000000FF00FFFF0CCE03080C
:1011F000C0CF030810CF0308BCCE03080CCE0308F1
:101200000CCE03080CCE03080CCE0308000000002F
:10121000F8CC0308BACD03086ACD030848CD03080B
:10122000F8CC0308F8CC0308F8CC0308F8CC030882
:10123000000000007123030895210308D0900000EE
:10124000B958000891770008C14C00080000000060
:10125000000000000000000000000000000000008E
:101260000000000000000000FFFF00000024F40068
:10127000F52003082D210308F9220308652103083E
:1012800081200308010070001F10040824100408C6
:10129000291004086B0F04082E10040833100408EA
:1012A0001E10040800000080000000000000000084
:1012B000000000000000000001000000000000002D
:1012C000000000000000000001000000AAAAAAAA75
:0812D000D4C3B2A1000000002C
:040000050800018965
:00000001FF
